MMSI,BaseDateTime,LAT,LON,SOG,COG,Heading,VesselName,IMO,VesselType,Status,Length,Width,synthetic
419000101,2025-03-13T17:15:00,18.66582,70.88675,11.8,335.5,335,SYN-TANKER-ALPHA,IMO9000001,80,0,316,36,True
419000101,2025-03-13T17:18:00,18.67359,70.88213,11.8,333.3,335,SYN-TANKER-ALPHA,IMO9000001,80,0,311,53,True
419000101,2025-03-13T17:21:00,18.68361,70.87789,12.1,336.9,335,SYN-TANKER-ALPHA,IMO9000001,80,0,263,23,True
419000101,2025-03-13T17:24:00,18.6924,70.87333,12.3,336.4,335,SYN-TANKER-ALPHA,IMO9000001,80,0,200,14,True
419000101,2025-03-13T17:27:00,18.70131,70.86899,12.1,333.5,335,SYN-TANKER-ALPHA,IMO9000001,80,0,176,36,True
419000101,2025-03-13T17:30:00,18.71061,70.8648,12.0,333.8,335,SYN-TANKER-ALPHA,IMO9000001,80,0,299,23,True
419000101,2025-03-13T17:33:00,18.71936,70.86072,11.8,337.8,335,SYN-TANKER-ALPHA,IMO9000001,80,0,326,30,True
419000101,2025-03-13T17:36:00,18.72845,70.85539,12.0,335.9,335,SYN-TANKER-ALPHA,IMO9000001,80,0,161,37,True
419000101,2025-03-13T17:39:00,18.73815,70.8511,12.1,336.2,335,SYN-TANKER-ALPHA,IMO9000001,80,0,305,19,True
419000101,2025-03-13T17:42:00,18.74665,70.84643,11.6,333.9,335,SYN-TANKER-ALPHA,IMO9000001,80,0,230,29,True
419000101,2025-03-13T17:45:00,18.75573,70.84281,11.9,334.7,335,SYN-TANKER-ALPHA,IMO9000001,80,0,114,27,True
419000101,2025-03-13T17:48:00,18.76508,70.83817,11.8,333.6,335,SYN-TANKER-ALPHA,IMO9000001,80,0,304,51,True
419000101,2025-03-13T17:51:00,18.77457,70.83368,11.8,332.2,335,SYN-TANKER-ALPHA,IMO9000001,80,0,174,29,True
419000101,2025-03-13T17:54:00,18.78307,70.82836,12.2,334.8,335,SYN-TANKER-ALPHA,IMO9000001,80,0,245,59,True
419000101,2025-03-13T17:57:00,18.79196,70.82487,12.0,336.3,335,SYN-TANKER-ALPHA,IMO9000001,80,0,162,24,True
419000101,2025-03-13T18:00:00,18.80096,70.81996,11.9,336.3,335,SYN-TANKER-ALPHA,IMO9000001,80,0,289,53,True
419000101,2025-03-13T18:03:00,18.80983,70.81559,12.1,334.7,335,SYN-TANKER-ALPHA,IMO9000001,80,0,216,57,True
419000101,2025-03-13T18:06:00,18.81903,70.81152,12.1,333.9,335,SYN-TANKER-ALPHA,IMO9000001,80,0,282,40,True
419000101,2025-03-13T18:09:00,18.82841,70.80703,11.9,334.4,335,SYN-TANKER-ALPHA,IMO9000001,80,0,221,39,True
419000101,2025-03-13T18:12:00,18.83742,70.80235,12.0,335.2,335,SYN-TANKER-ALPHA,IMO9000001,80,0,204,15,True
419000101,2025-03-13T18:15:00,18.84673,70.7977,11.7,333.8,335,SYN-TANKER-ALPHA,IMO9000001,80,0,170,28,True
419000101,2025-03-13T18:18:00,18.85548,70.79388,12.1,331.3,335,SYN-TANKER-ALPHA,IMO9000001,80,0,220,38,True
419000101,2025-03-13T18:21:00,18.86432,70.78875,11.7,338.6,335,SYN-TANKER-ALPHA,IMO9000001,80,0,207,34,True
419000101,2025-03-13T18:24:00,18.8738,70.78421,11.9,334.1,335,SYN-TANKER-ALPHA,IMO9000001,80,0,318,57,True
419000101,2025-03-13T18:27:00,18.88323,70.7811,12.2,336.4,335,SYN-TANKER-ALPHA,IMO9000001,80,0,247,43,True
419000101,2025-03-13T18:30:00,18.89159,70.77589,11.8,334.2,335,SYN-TANKER-ALPHA,IMO9000001,80,0,204,27,True
419000101,2025-03-13T18:33:00,18.89992,70.77132,11.8,335.5,335,SYN-TANKER-ALPHA,IMO9000001,80,0,238,43,True
419000101,2025-03-13T18:36:00,18.90965,70.76628,12.0,336.3,335,SYN-TANKER-ALPHA,IMO9000001,80,0,244,38,True
419000101,2025-03-13T18:39:00,18.91912,70.76226,12.2,334.8,335,SYN-TANKER-ALPHA,IMO9000001,80,0,303,49,True
419000101,2025-03-13T18:42:00,18.92756,70.75712,11.9,336.3,335,SYN-TANKER-ALPHA,IMO9000001,80,0,175,54,True
419000101,2025-03-13T18:45:00,18.93704,70.75267,12.1,334.6,335,SYN-TANKER-ALPHA,IMO9000001,80,0,210,19,True
419000101,2025-03-13T18:48:00,18.94531,70.7485,11.9,333.4,335,SYN-TANKER-ALPHA,IMO9000001,80,0,258,18,True
419000101,2025-03-13T18:51:00,18.95504,70.74334,12.5,332.9,335,SYN-TANKER-ALPHA,IMO9000001,80,0,289,44,True
419000101,2025-03-13T18:54:00,18.96398,70.73892,12.0,333.4,335,SYN-TANKER-ALPHA,IMO9000001,80,0,124,15,True
419000101,2025-03-13T18:57:00,18.97317,70.73511,12.3,334.9,335,SYN-TANKER-ALPHA,IMO9000001,80,0,150,22,True
419000101,2025-03-13T19:00:00,18.98169,70.73101,12.1,332.7,335,SYN-TANKER-ALPHA,IMO9000001,80,0,108,34,True
419000101,2025-03-13T19:03:00,18.99103,70.7262,12.2,331.5,335,SYN-TANKER-ALPHA,IMO9000001,80,0,145,40,True
419000101,2025-03-13T19:06:00,18.99984,70.72248,12.2,337.4,335,SYN-TANKER-ALPHA,IMO9000001,80,0,222,30,True
419000101,2025-03-13T19:09:00,19.00927,70.71665,12.0,336.8,335,SYN-TANKER-ALPHA,IMO9000001,80,0,184,58,True
419000101,2025-03-13T19:12:00,19.01781,70.71287,11.9,333.3,335,SYN-TANKER-ALPHA,IMO9000001,80,0,319,27,True
419000101,2025-03-13T19:15:00,19.02735,70.70827,12.0,334.8,335,SYN-TANKER-ALPHA,IMO9000001,80,0,203,55,True
419000101,2025-03-13T19:18:00,19.03618,70.70372,12.3,336.8,335,SYN-TANKER-ALPHA,IMO9000001,80,0,131,53,True
419000101,2025-03-13T19:21:00,19.0455,70.69937,11.9,335.9,335,SYN-TANKER-ALPHA,IMO9000001,80,0,210,36,True
419000101,2025-03-13T19:24:00,19.0541,70.6952,12.3,336.7,335,SYN-TANKER-ALPHA,IMO9000001,80,0,319,15,True
419000101,2025-03-13T19:27:00,19.06437,70.69028,12.1,334.2,335,SYN-TANKER-ALPHA,IMO9000001,80,0,318,37,True
419000101,2025-03-13T19:30:00,19.07256,70.68643,11.8,336.3,335,SYN-TANKER-ALPHA,IMO9000001,80,0,267,32,True
419000101,2025-03-13T19:33:00,19.0808,70.68117,11.6,334.0,335,SYN-TANKER-ALPHA,IMO9000001,80,0,222,28,True
419000101,2025-03-13T19:36:00,19.09034,70.67799,12.2,334.2,335,SYN-TANKER-ALPHA,IMO9000001,80,0,328,22,True
419000101,2025-03-13T19:39:00,19.10001,70.67318,11.9,337.1,335,SYN-TANKER-ALPHA,IMO9000001,80,0,297,27,True
419000101,2025-03-13T19:42:00,19.10828,70.66869,12.3,334.7,335,SYN-TANKER-ALPHA,IMO9000001,80,0,121,38,True
419000101,2025-03-13T19:45:00,19.1181,70.66421,12.3,332.9,335,SYN-TANKER-ALPHA,IMO9000001,80,0,232,57,True
419000101,2025-03-13T19:48:00,19.12677,70.65945,12.3,334.9,335,SYN-TANKER-ALPHA,IMO9000001,80,0,323,38,True
419000101,2025-03-13T19:51:00,19.13548,70.65542,11.9,333.0,335,SYN-TANKER-ALPHA,IMO9000001,80,0,200,38,True
419000101,2025-03-13T19:54:00,19.14524,70.65046,12.1,335.4,335,SYN-TANKER-ALPHA,IMO9000001,80,0,327,38,True
419000101,2025-03-13T19:57:00,19.15468,70.64558,11.7,335.2,335,SYN-TANKER-ALPHA,IMO9000001,80,0,125,24,True
419000101,2025-03-13T20:00:00,19.16315,70.64164,12.0,336.5,335,SYN-TANKER-ALPHA,IMO9000001,80,0,260,19,True
419000101,2025-03-13T20:03:00,19.17161,70.63786,12.0,334.3,335,SYN-TANKER-ALPHA,IMO9000001,80,0,258,34,True
419000101,2025-03-13T20:06:00,19.18127,70.63257,11.8,335.7,335,SYN-TANKER-ALPHA,IMO9000001,80,0,101,23,True
419000101,2025-03-13T20:09:00,19.18943,70.62884,11.7,333.4,335,SYN-TANKER-ALPHA,IMO9000001,80,0,117,55,True
419000101,2025-03-13T20:12:00,19.19967,70.6234,12.2,334.8,335,SYN-TANKER-ALPHA,IMO9000001,80,0,246,55,True
419000101,2025-03-13T20:15:00,19.20813,70.61928,11.6,335.3,335,SYN-TANKER-ALPHA,IMO9000001,80,0,196,52,True
419000101,2025-03-13T20:18:00,19.21733,70.61502,12.3,332.9,335,SYN-TANKER-ALPHA,IMO9000001,80,0,114,33,True
419000101,2025-03-13T20:21:00,19.22628,70.60992,12.1,335.1,335,SYN-TANKER-ALPHA,IMO9000001,80,0,110,49,True
419000101,2025-03-13T20:24:00,19.236,70.60564,11.8,334.8,335,SYN-TANKER-ALPHA,IMO9000001,80,0,87,49,True
419000101,2025-03-13T20:27:00,19.24414,70.60125,12.1,331.4,335,SYN-TANKER-ALPHA,IMO9000001,80,0,276,23,True
419000101,2025-03-13T20:30:00,19.2539,70.59667,12.0,333.4,335,SYN-TANKER-ALPHA,IMO9000001,80,0,95,33,True
419000101,2025-03-13T20:33:00,19.26231,70.59285,12.0,335.3,335,SYN-TANKER-ALPHA,IMO9000001,80,0,300,46,True
419000101,2025-03-13T20:36:00,19.27215,70.58827,12.1,335.4,335,SYN-TANKER-ALPHA,IMO9000001,80,0,134,20,True
419000101,2025-03-13T20:39:00,19.28036,70.5839,11.9,334.9,335,SYN-TANKER-ALPHA,IMO9000001,80,0,291,45,True
419000101,2025-03-13T20:42:00,19.28941,70.57893,12.1,334.7,335,SYN-TANKER-ALPHA,IMO9000001,80,0,137,53,True
419000101,2025-03-13T20:45:00,19.29815,70.57438,11.9,334.1,335,SYN-TANKER-ALPHA,IMO9000001,80,0,267,56,True
419000101,2025-03-13T20:48:00,19.30747,70.57013,12.2,335.7,335,SYN-TANKER-ALPHA,IMO9000001,80,0,96,29,True
419000101,2025-03-13T20:51:00,19.31759,70.5659,11.9,334.7,335,SYN-TANKER-ALPHA,IMO9000001,80,0,251,41,True
419000101,2025-03-13T20:54:00,19.32611,70.56116,12.2,337.1,335,SYN-TANKER-ALPHA,IMO9000001,80,0,213,57,True
419000101,2025-03-13T21:33:00,19.40011,70.52513,7.4,336.3,335,SYN-TANKER-ALPHA,IMO9000001,80,0,312,42,True
419000101,2025-03-13T21:36:00,19.40475,70.5224,7.3,335.9,335,SYN-TANKER-ALPHA,IMO9000001,80,0,316,57,True
419000101,2025-03-13T21:39:00,19.41038,70.5186,7.2,333.6,335,SYN-TANKER-ALPHA,IMO9000001,80,0,147,55,True
419000101,2025-03-13T21:42:00,19.41932,70.51552,12.2,333.9,335,SYN-TANKER-ALPHA,IMO9000001,80,0,236,35,True
419000101,2025-03-13T21:45:00,19.42917,70.51025,12.2,336.2,335,SYN-TANKER-ALPHA,IMO9000001,80,0,211,38,True
419000101,2025-03-13T21:48:00,19.438,70.50582,12.2,335.4,335,SYN-TANKER-ALPHA,IMO9000001,80,0,187,49,True
419000101,2025-03-13T21:51:00,19.44688,70.50202,12.1,332.4,335,SYN-TANKER-ALPHA,IMO9000001,80,0,169,40,True
419000101,2025-03-13T21:54:00,19.45547,70.49677,11.9,335.4,335,SYN-TANKER-ALPHA,IMO9000001,80,0,308,46,True
419000101,2025-03-13T21:57:00,19.46465,70.49224,12.2,335.1,335,SYN-TANKER-ALPHA,IMO9000001,80,0,135,42,True
419000101,2025-03-13T22:00:00,19.47428,70.48817,11.7,337.1,335,SYN-TANKER-ALPHA,IMO9000001,80,0,132,42,True
419000101,2025-03-13T22:03:00,19.48304,70.48481,11.9,336.9,335,SYN-TANKER-ALPHA,IMO9000001,80,0,281,47,True
419000101,2025-03-13T22:06:00,19.49218,70.4791,11.9,333.1,335,SYN-TANKER-ALPHA,IMO9000001,80,0,200,47,True
419000101,2025-03-13T22:09:00,19.50146,70.47402,12.0,335.1,335,SYN-TANKER-ALPHA,IMO9000001,80,0,257,36,True
419000101,2025-03-13T22:12:00,19.51041,70.47045,12.0,335.6,335,SYN-TANKER-ALPHA,IMO9000001,80,0,196,33,True
419000101,2025-03-13T22:15:00,19.51903,70.46627,12.2,335.3,335,SYN-TANKER-ALPHA,IMO9000001,80,0,224,21,True
419000101,2025-03-13T22:18:00,19.52804,70.46096,11.6,334.3,335,SYN-TANKER-ALPHA,IMO9000001,80,0,163,33,True
419000101,2025-03-13T22:21:00,19.53805,70.45692,12.3,336.1,335,SYN-TANKER-ALPHA,IMO9000001,80,0,176,32,True
419000101,2025-03-13T22:24:00,19.54559,70.4515,11.8,335.1,335,SYN-TANKER-ALPHA,IMO9000001,80,0,290,36,True
419000101,2025-03-13T22:27:00,19.55519,70.44739,11.8,335.1,335,SYN-TANKER-ALPHA,IMO9000001,80,0,132,25,True
419000101,2025-03-13T22:30:00,19.56467,70.44288,12.1,335.2,335,SYN-TANKER-ALPHA,IMO9000001,80,0,90,34,True
419000101,2025-03-13T22:33:00,19.57306,70.4387,12.0,334.9,335,SYN-TANKER-ALPHA,IMO9000001,80,0,281,54,True
419000101,2025-03-13T22:36:00,19.58195,70.43433,11.6,333.8,335,SYN-TANKER-ALPHA,IMO9000001,80,0,158,16,True
419000101,2025-03-13T22:39:00,19.59172,70.43011,12.1,335.8,335,SYN-TANKER-ALPHA,IMO9000001,80,0,294,14,True
419000101,2025-03-13T22:42:00,19.60081,70.42473,12.0,334.7,335,SYN-TANKER-ALPHA,IMO9000001,80,0,200,27,True
419000101,2025-03-13T22:45:00,19.60982,70.42122,12.0,335.3,335,SYN-TANKER-ALPHA,IMO9000001,80,0,128,52,True
419000101,2025-03-13T22:48:00,19.6194,70.4161,12.1,337.1,335,SYN-TANKER-ALPHA,IMO9000001,80,0,221,42,True
419000101,2025-03-13T22:51:00,19.62822,70.41169,12.1,334.7,335,SYN-TANKER-ALPHA,IMO9000001,80,0,97,53,True
419000101,2025-03-13T22:54:00,19.63671,70.40751,11.9,334.5,335,SYN-TANKER-ALPHA,IMO9000001,80,0,148,19,True
419000101,2025-03-13T22:57:00,19.64556,70.40261,11.9,334.7,335,SYN-TANKER-ALPHA,IMO9000001,80,0,220,35,True
419000101,2025-03-13T23:00:00,19.65492,70.39839,12.2,332.6,335,SYN-TANKER-ALPHA,IMO9000001,80,0,121,44,True
419000101,2025-03-13T23:03:00,19.66386,70.39358,12.3,334.3,335,SYN-TANKER-ALPHA,IMO9000001,80,0,109,28,True
419000101,2025-03-13T23:06:00,19.67295,70.39009,12.0,331.9,335,SYN-TANKER-ALPHA,IMO9000001,80,0,196,15,True
419000101,2025-03-13T23:09:00,19.68217,70.3855,11.8,334.0,335,SYN-TANKER-ALPHA,IMO9000001,80,0,130,54,True
419000101,2025-03-13T23:12:00,19.69161,70.38073,12.2,336.8,335,SYN-TANKER-ALPHA,IMO9000001,80,0,329,38,True
419000101,2025-03-13T23:15:00,19.69947,70.37629,12.1,336.5,335,SYN-TANKER-ALPHA,IMO9000001,80,0,308,28,True
419000101,2025-03-13T23:18:00,19.70987,70.37104,12.2,335.7,335,SYN-TANKER-ALPHA,IMO9000001,80,0,320,28,True
419000101,2025-03-13T23:21:00,19.71814,70.36669,12.1,336.1,335,SYN-TANKER-ALPHA,IMO9000001,80,0,277,59,True
419000101,2025-03-13T23:24:00,19.72777,70.36291,12.0,334.9,335,SYN-TANKER-ALPHA,IMO9000001,80,0,244,35,True
419000101,2025-03-13T23:27:00,19.73551,70.35778,12.2,332.4,335,SYN-TANKER-ALPHA,IMO9000001,80,0,274,36,True
419000101,2025-03-13T23:30:00,19.74531,70.35411,12.1,331.6,335,SYN-TANKER-ALPHA,IMO9000001,80,0,294,23,True
419000101,2025-03-13T23:33:00,19.75401,70.34997,12.1,334.6,335,SYN-TANKER-ALPHA,IMO9000001,80,0,126,21,True
419000101,2025-03-13T23:36:00,19.76368,70.34446,12.1,338.3,335,SYN-TANKER-ALPHA,IMO9000001,80,0,303,34,True
419000101,2025-03-13T23:39:00,19.77245,70.3398,12.4,336.5,335,SYN-TANKER-ALPHA,IMO9000001,80,0,105,37,True
419000101,2025-03-13T23:42:00,19.78231,70.33549,11.8,336.1,335,SYN-TANKER-ALPHA,IMO9000001,80,0,203,51,True
419000101,2025-03-13T23:45:00,19.79061,70.3311,11.9,334.6,335,SYN-TANKER-ALPHA,IMO9000001,80,0,180,25,True
419000101,2025-03-13T23:48:00,19.79929,70.3267,11.9,332.2,335,SYN-TANKER-ALPHA,IMO9000001,80,0,259,55,True
419000101,2025-03-13T23:51:00,19.80881,70.32306,12.2,334.4,335,SYN-TANKER-ALPHA,IMO9000001,80,0,192,45,True
419000101,2025-03-13T23:54:00,19.81849,70.31732,12.5,334.6,335,SYN-TANKER-ALPHA,IMO9000001,80,0,80,28,True
419000101,2025-03-13T23:57:00,19.82665,70.31267,12.2,337.3,335,SYN-TANKER-ALPHA,IMO9000001,80,0,83,14,True
419000101,2025-03-14T00:00:00,19.83592,70.30929,12.0,335.4,335,SYN-TANKER-ALPHA,IMO9000001,80,0,302,50,True
419000101,2025-03-14T00:03:00,19.84486,70.30464,12.3,337.2,335,SYN-TANKER-ALPHA,IMO9000001,80,0,185,18,True
419000101,2025-03-14T00:06:00,19.85298,70.30013,12.1,333.6,335,SYN-TANKER-ALPHA,IMO9000001,80,0,118,26,True
419000101,2025-03-14T00:09:00,19.86344,70.2953,12.1,335.2,335,SYN-TANKER-ALPHA,IMO9000001,80,0,186,42,True
419000101,2025-03-14T00:12:00,19.87178,70.28989,12.0,332.2,335,SYN-TANKER-ALPHA,IMO9000001,80,0,290,17,True
419000101,2025-03-14T00:15:00,19.88073,70.28662,12.2,335.1,335,SYN-TANKER-ALPHA,IMO9000001,80,0,86,59,True
419000101,2025-03-14T00:18:00,19.88872,70.28226,12.0,333.8,335,SYN-TANKER-ALPHA,IMO9000001,80,0,183,55,True
419000101,2025-03-14T00:21:00,19.89921,70.27713,12.1,332.9,335,SYN-TANKER-ALPHA,IMO9000001,80,0,227,48,True
419000101,2025-03-14T00:24:00,19.90863,70.27296,11.7,337.1,335,SYN-TANKER-ALPHA,IMO9000001,80,0,219,25,True
419000101,2025-03-14T00:27:00,19.91701,70.26836,11.8,332.5,335,SYN-TANKER-ALPHA,IMO9000001,80,0,208,32,True
419000101,2025-03-14T00:30:00,19.92654,70.26352,12.4,335.2,335,SYN-TANKER-ALPHA,IMO9000001,80,0,134,45,True
419000101,2025-03-14T00:33:00,19.93559,70.25959,12.2,334.6,335,SYN-TANKER-ALPHA,IMO9000001,80,0,194,58,True
419000101,2025-03-14T00:36:00,19.94411,70.25434,12.0,336.2,335,SYN-TANKER-ALPHA,IMO9000001,80,0,157,29,True
419000101,2025-03-14T00:39:00,19.95386,70.25096,11.8,333.0,335,SYN-TANKER-ALPHA,IMO9000001,80,0,145,20,True
419000101,2025-03-14T00:42:00,19.96238,70.24666,12.1,335.4,335,SYN-TANKER-ALPHA,IMO9000001,80,0,167,53,True
419000101,2025-03-14T00:45:00,19.97095,70.24201,11.7,337.9,335,SYN-TANKER-ALPHA,IMO9000001,80,0,107,21,True
419000101,2025-03-14T00:48:00,19.98068,70.23695,12.0,335.9,335,SYN-TANKER-ALPHA,IMO9000001,80,0,218,51,True
419000101,2025-03-14T00:51:00,19.98942,70.23173,11.9,333.3,335,SYN-TANKER-ALPHA,IMO9000001,80,0,116,14,True
419000101,2025-03-14T00:54:00,19.99878,70.22767,11.9,338.5,335,SYN-TANKER-ALPHA,IMO9000001,80,0,183,25,True
419000101,2025-03-14T00:57:00,20.00776,70.2242,12.1,333.6,335,SYN-TANKER-ALPHA,IMO9000001,80,0,269,50,True
419000101,2025-03-14T01:00:00,20.01685,70.21788,12.1,333.8,335,SYN-TANKER-ALPHA,IMO9000001,80,0,325,55,True
419000101,2025-03-14T01:03:00,20.02627,70.21419,12.1,334.6,335,SYN-TANKER-ALPHA,IMO9000001,80,0,227,49,True
419000101,2025-03-14T01:06:00,20.03488,70.21058,11.9,334.3,335,SYN-TANKER-ALPHA,IMO9000001,80,0,144,50,True
419000101,2025-03-14T01:09:00,20.04379,70.206,11.9,335.8,335,SYN-TANKER-ALPHA,IMO9000001,80,0,139,53,True
419000101,2025-03-14T01:12:00,20.05179,70.20165,11.9,334.5,335,SYN-TANKER-ALPHA,IMO9000001,80,0,228,52,True
419000101,2025-03-14T01:15:00,20.06204,70.19692,12.2,339.1,335,SYN-TANKER-ALPHA,IMO9000001,80,0,321,37,True
419000101,2025-03-14T01:18:00,20.07102,70.19207,12.1,334.9,335,SYN-TANKER-ALPHA,IMO9000001,80,0,325,42,True
419000101,2025-03-14T01:21:00,20.07999,70.18763,11.9,335.3,335,SYN-TANKER-ALPHA,IMO9000001,80,0,185,31,True
419000101,2025-03-14T01:24:00,20.08976,70.18305,12.2,335.1,335,SYN-TANKER-ALPHA,IMO9000001,80,0,183,14,True
419000101,2025-03-14T01:27:00,20.09833,70.17903,12.0,338.9,335,SYN-TANKER-ALPHA,IMO9000001,80,0,276,19,True
419000101,2025-03-14T01:30:00,20.10719,70.17325,12.0,334.0,335,SYN-TANKER-ALPHA,IMO9000001,80,0,145,44,True
419000101,2025-03-14T01:33:00,20.11608,70.17006,12.0,336.0,335,SYN-TANKER-ALPHA,IMO9000001,80,0,103,49,True
419000101,2025-03-14T01:36:00,20.1253,70.16417,12.2,334.5,335,SYN-TANKER-ALPHA,IMO9000001,80,0,117,43,True
419000101,2025-03-14T01:39:00,20.13433,70.16048,11.8,333.2,335,SYN-TANKER-ALPHA,IMO9000001,80,0,279,43,True
419000101,2025-03-14T01:42:00,20.1434,70.15635,12.3,336.6,335,SYN-TANKER-ALPHA,IMO9000001,80,0,298,34,True
419000101,2025-03-14T01:45:00,20.15303,70.15103,11.9,333.2,335,SYN-TANKER-ALPHA,IMO9000001,80,0,164,27,True
419000101,2025-03-14T01:48:00,20.16157,70.14722,11.6,335.1,335,SYN-TANKER-ALPHA,IMO9000001,80,0,261,55,True
419000101,2025-03-14T01:51:00,20.17056,70.14326,11.9,331.1,335,SYN-TANKER-ALPHA,IMO9000001,80,0,326,50,True
419000101,2025-03-14T01:54:00,20.17978,70.13839,11.9,335.3,335,SYN-TANKER-ALPHA,IMO9000001,80,0,216,32,True
419000101,2025-03-14T01:57:00,20.18871,70.13372,11.8,334.1,335,SYN-TANKER-ALPHA,IMO9000001,80,0,277,23,True
419000101,2025-03-14T02:00:00,20.1974,70.12922,12.1,336.0,335,SYN-TANKER-ALPHA,IMO9000001,80,0,168,36,True
419000101,2025-03-14T02:03:00,20.20641,70.12476,12.1,334.4,335,SYN-TANKER-ALPHA,IMO9000001,80,0,259,23,True
419000101,2025-03-14T02:06:00,20.21632,70.12015,11.9,337.0,335,SYN-TANKER-ALPHA,IMO9000001,80,0,237,55,True
419000101,2025-03-14T02:09:00,20.22508,70.11594,12.1,335.0,335,SYN-TANKER-ALPHA,IMO9000001,80,0,83,59,True
419000101,2025-03-14T02:12:00,20.23426,70.111,12.3,335.1,335,SYN-TANKER-ALPHA,IMO9000001,80,0,197,35,True
419000101,2025-03-14T02:15:00,20.24284,70.10592,12.1,332.9,335,SYN-TANKER-ALPHA,IMO9000001,80,0,100,25,True
419000101,2025-03-14T02:18:00,20.25197,70.10145,12.0,336.5,335,SYN-TANKER-ALPHA,IMO9000001,80,0,222,50,True
419000101,2025-03-14T02:21:00,20.26103,70.09765,11.8,335.8,335,SYN-TANKER-ALPHA,IMO9000001,80,0,169,28,True
419000101,2025-03-14T02:24:00,20.26927,70.09319,12.0,332.0,335,SYN-TANKER-ALPHA,IMO9000001,80,0,188,17,True
419000101,2025-03-14T02:27:00,20.27931,70.08849,12.3,335.2,335,SYN-TANKER-ALPHA,IMO9000001,80,0,204,24,True
419000101,2025-03-14T02:30:00,20.28813,70.08385,12.4,334.6,335,SYN-TANKER-ALPHA,IMO9000001,80,0,249,26,True
419000101,2025-03-14T02:33:00,20.29644,70.08054,11.9,335.9,335,SYN-TANKER-ALPHA,IMO9000001,80,0,240,26,True
419000101,2025-03-14T02:36:00,20.3061,70.07523,11.6,334.3,335,SYN-TANKER-ALPHA,IMO9000001,80,0,170,37,True
419000101,2025-03-14T02:39:00,20.31526,70.07031,11.9,336.3,335,SYN-TANKER-ALPHA,IMO9000001,80,0,96,46,True
419000101,2025-03-14T02:42:00,20.32488,70.06667,11.5,334.4,335,SYN-TANKER-ALPHA,IMO9000001,80,0,311,52,True
419000101,2025-03-14T02:45:00,20.33381,70.06253,12.0,335.2,335,SYN-TANKER-ALPHA,IMO9000001,80,0,142,16,True
419000101,2025-03-14T02:48:00,20.34199,70.05707,12.0,333.9,335,SYN-TANKER-ALPHA,IMO9000001,80,0,207,45,True
419000101,2025-03-14T02:51:00,20.35183,70.05267,11.9,332.9,335,SYN-TANKER-ALPHA,IMO9000001,80,0,90,23,True
419000101,2025-03-14T02:54:00,20.36062,70.04785,12.0,337.0,335,SYN-TANKER-ALPHA,IMO9000001,80,0,131,28,True
419000101,2025-03-14T02:57:00,20.36932,70.04354,11.9,331.8,335,SYN-TANKER-ALPHA,IMO9000001,80,0,222,17,True
419000101,2025-03-14T03:00:00,20.37815,70.03908,11.9,334.5,335,SYN-TANKER-ALPHA,IMO9000001,80,0,91,26,True
419000101,2025-03-14T03:03:00,20.38751,70.03416,12.1,332.9,335,SYN-TANKER-ALPHA,IMO9000001,80,0,236,47,True
419000101,2025-03-14T03:06:00,20.39666,70.03079,12.5,336.7,335,SYN-TANKER-ALPHA,IMO9000001,80,0,103,51,True
419000101,2025-03-14T03:09:00,20.40601,70.02575,12.1,335.9,335,SYN-TANKER-ALPHA,IMO9000001,80,0,104,33,True
419000101,2025-03-14T03:12:00,20.41491,70.02039,12.1,336.3,335,SYN-TANKER-ALPHA,IMO9000001,80,0,176,35,True
419000102,2025-03-13T17:15:00,18.66673,70.71612,12.9,334.3,335,SYN-TANKER-BRAVO,IMO9000002,84,0,140,18,True
419000102,2025-03-13T17:18:00,18.67588,70.71171,12.7,334.7,335,SYN-TANKER-BRAVO,IMO9000002,84,0,89,18,True
419000102,2025-03-13T17:21:00,18.68563,70.70651,13.1,334.3,335,SYN-TANKER-BRAVO,IMO9000002,84,0,322,45,True
419000102,2025-03-13T17:24:00,18.69556,70.70178,12.8,335.3,335,SYN-TANKER-BRAVO,IMO9000002,84,0,147,55,True
419000102,2025-03-13T17:27:00,18.70571,70.69768,13.1,331.9,335,SYN-TANKER-BRAVO,IMO9000002,84,0,215,29,True
419000102,2025-03-13T17:30:00,18.71548,70.69226,13.0,337.0,335,SYN-TANKER-BRAVO,IMO9000002,84,0,194,52,True
419000102,2025-03-13T17:33:00,18.72514,70.68753,12.8,332.7,335,SYN-TANKER-BRAVO,IMO9000002,84,0,246,47,True
419000102,2025-03-13T17:36:00,18.73414,70.68293,12.9,335.0,335,SYN-TANKER-BRAVO,IMO9000002,84,0,308,53,True
419000102,2025-03-13T17:39:00,18.74478,70.67865,13.0,335.1,335,SYN-TANKER-BRAVO,IMO9000002,84,0,259,36,True
419000102,2025-03-13T17:42:00,18.75514,70.67372,13.0,335.9,335,SYN-TANKER-BRAVO,IMO9000002,84,0,171,21,True
419000102,2025-03-13T17:45:00,18.76458,70.66805,13.0,336.8,335,SYN-TANKER-BRAVO,IMO9000002,84,0,255,33,True
419000102,2025-03-13T17:48:00,18.77413,70.66463,13.3,334.7,335,SYN-TANKER-BRAVO,IMO9000002,84,0,255,43,True
419000102,2025-03-13T17:51:00,18.78381,70.65829,13.2,335.9,335,SYN-TANKER-BRAVO,IMO9000002,84,0,251,41,True
419000102,2025-03-13T17:54:00,18.79412,70.65393,12.8,336.4,335,SYN-TANKER-BRAVO,IMO9000002,84,0,167,18,True
419000102,2025-03-13T17:57:00,18.80337,70.64938,12.5,332.9,335,SYN-TANKER-BRAVO,IMO9000002,84,0,228,58,True
419000102,2025-03-13T18:00:00,18.81348,70.64392,12.8,334.0,335,SYN-TANKER-BRAVO,IMO9000002,84,0,275,49,True
419000102,2025-03-13T18:03:00,18.82286,70.63896,13.0,332.8,335,SYN-TANKER-BRAVO,IMO9000002,84,0,286,37,True
419000102,2025-03-13T18:06:00,18.83291,70.63486,13.0,334.5,335,SYN-TANKER-BRAVO,IMO9000002,84,0,163,22,True
419000102,2025-03-13T18:09:00,18.84274,70.63033,12.9,334.1,335,SYN-TANKER-BRAVO,IMO9000002,84,0,97,15,True
419000102,2025-03-13T18:12:00,18.85291,70.62563,13.1,336.7,335,SYN-TANKER-BRAVO,IMO9000002,84,0,239,54,True
419000102,2025-03-13T18:15:00,18.86247,70.61998,13.2,334.9,335,SYN-TANKER-BRAVO,IMO9000002,84,0,240,43,True
419000102,2025-03-13T18:18:00,18.87223,70.61553,13.5,334.3,335,SYN-TANKER-BRAVO,IMO9000002,84,0,213,56,True
419000102,2025-03-13T18:21:00,18.88176,70.61086,13.2,335.5,335,SYN-TANKER-BRAVO,IMO9000002,84,0,181,25,True
419000102,2025-03-13T18:24:00,18.89106,70.60592,13.0,337.1,335,SYN-TANKER-BRAVO,IMO9000002,84,0,129,19,True
419000102,2025-03-13T18:27:00,18.9019,70.60081,12.9,333.0,335,SYN-TANKER-BRAVO,IMO9000002,84,0,150,56,True
419000102,2025-03-13T18:30:00,18.91136,70.59601,12.9,334.9,335,SYN-TANKER-BRAVO,IMO9000002,84,0,292,18,True
419000102,2025-03-13T18:33:00,18.92127,70.59074,12.5,333.6,335,SYN-TANKER-BRAVO,IMO9000002,84,0,253,16,True
419000102,2025-03-13T18:36:00,18.93134,70.58557,13.2,334.7,335,SYN-TANKER-BRAVO,IMO9000002,84,0,184,23,True
419000102,2025-03-13T18:39:00,18.94033,70.58122,12.7,333.4,335,SYN-TANKER-BRAVO,IMO9000002,84,0,134,29,True
419000102,2025-03-13T18:42:00,18.95035,70.5769,12.6,335.6,335,SYN-TANKER-BRAVO,IMO9000002,84,0,267,14,True
419000102,2025-03-13T18:45:00,18.96011,70.57174,13.2,335.0,335,SYN-TANKER-BRAVO,IMO9000002,84,0,151,17,True
419000102,2025-03-13T18:48:00,18.9705,70.56698,12.9,334.8,335,SYN-TANKER-BRAVO,IMO9000002,84,0,170,59,True
419000102,2025-03-13T18:51:00,18.98101,70.56169,12.7,337.0,335,SYN-TANKER-BRAVO,IMO9000002,84,0,297,50,True
419000102,2025-03-13T18:54:00,18.98974,70.55713,13.1,337.0,335,SYN-TANKER-BRAVO,IMO9000002,84,0,140,48,True
419000102,2025-03-13T18:57:00,18.99988,70.55229,12.6,334.5,335,SYN-TANKER-BRAVO,IMO9000002,84,0,328,16,True
419000102,2025-03-13T19:00:00,19.00884,70.54843,13.0,337.2,335,SYN-TANKER-BRAVO,IMO9000002,84,0,288,22,True
419000102,2025-03-13T19:03:00,19.01908,70.54269,13.3,335.5,335,SYN-TANKER-BRAVO,IMO9000002,84,0,118,40,True
419000102,2025-03-13T19:06:00,19.02918,70.53824,13.2,335.4,335,SYN-TANKER-BRAVO,IMO9000002,84,0,296,44,True
419000102,2025-03-13T19:09:00,19.03824,70.53331,12.8,331.9,335,SYN-TANKER-BRAVO,IMO9000002,84,0,312,15,True
419000102,2025-03-13T19:12:00,19.04858,70.52844,12.9,335.9,335,SYN-TANKER-BRAVO,IMO9000002,84,0,204,47,True
419000102,2025-03-13T19:15:00,19.05789,70.52331,13.4,336.1,335,SYN-TANKER-BRAVO,IMO9000002,84,0,273,39,True
419000102,2025-03-13T19:18:00,19.06775,70.51841,13.3,335.1,335,SYN-TANKER-BRAVO,IMO9000002,84,0,134,38,True
419000102,2025-03-13T19:21:00,19.07822,70.51396,13.1,336.5,335,SYN-TANKER-BRAVO,IMO9000002,84,0,265,34,True
419000102,2025-03-13T19:24:00,19.0875,70.50901,13.1,335.1,335,SYN-TANKER-BRAVO,IMO9000002,84,0,112,29,True
419000102,2025-03-13T19:27:00,19.09764,70.50408,12.9,334.2,335,SYN-TANKER-BRAVO,IMO9000002,84,0,233,14,True
419000102,2025-03-13T19:30:00,19.1066,70.49922,13.4,335.4,335,SYN-TANKER-BRAVO,IMO9000002,84,0,260,19,True
419000102,2025-03-13T19:33:00,19.11643,70.49385,13.1,333.4,335,SYN-TANKER-BRAVO,IMO9000002,84,0,140,27,True
419000102,2025-03-13T19:36:00,19.12736,70.48945,12.8,334.2,335,SYN-TANKER-BRAVO,IMO9000002,84,0,327,27,True
419000102,2025-03-13T19:39:00,19.13686,70.48524,12.8,332.0,335,SYN-TANKER-BRAVO,IMO9000002,84,0,239,36,True
419000102,2025-03-13T19:42:00,19.1461,70.47917,12.4,335.5,335,SYN-TANKER-BRAVO,IMO9000002,84,0,325,36,True
419000102,2025-03-13T19:45:00,19.15672,70.47505,12.9,334.1,335,SYN-TANKER-BRAVO,IMO9000002,84,0,234,29,True
419000102,2025-03-13T19:48:00,19.16669,70.47016,13.0,335.2,335,SYN-TANKER-BRAVO,IMO9000002,84,0,164,51,True
419000102,2025-03-13T19:51:00,19.17569,70.46464,12.8,335.3,335,SYN-TANKER-BRAVO,IMO9000002,84,0,303,19,True
419000102,2025-03-13T19:54:00,19.18559,70.46026,13.0,331.8,335,SYN-TANKER-BRAVO,IMO9000002,84,0,263,17,True
419000102,2025-03-13T19:57:00,19.1954,70.45649,13.1,336.8,335,SYN-TANKER-BRAVO,IMO9000002,84,0,102,27,True
419000102,2025-03-13T20:00:00,19.20555,70.4503,12.9,336.9,335,SYN-TANKER-BRAVO,IMO9000002,84,0,322,18,True
419000102,2025-03-13T20:03:00,19.21528,70.4462,13.3,336.5,335,SYN-TANKER-BRAVO,IMO9000002,84,0,114,30,True
419000102,2025-03-13T20:06:00,19.22524,70.44089,13.4,330.9,335,SYN-TANKER-BRAVO,IMO9000002,84,0,219,52,True
419000102,2025-03-13T20:09:00,19.23385,70.43697,13.0,334.6,335,SYN-TANKER-BRAVO,IMO9000002,84,0,328,36,True
419000102,2025-03-13T20:12:00,19.2452,70.43114,13.2,334.8,335,SYN-TANKER-BRAVO,IMO9000002,84,0,112,49,True
419000102,2025-03-13T20:15:00,19.25479,70.42633,13.0,337.0,335,SYN-TANKER-BRAVO,IMO9000002,84,0,111,59,True
419000102,2025-03-13T20:18:00,19.26345,70.42117,12.8,336.4,335,SYN-TANKER-BRAVO,IMO9000002,84,0,108,36,True
419000102,2025-03-13T20:21:00,19.27438,70.41658,13.1,332.6,335,SYN-TANKER-BRAVO,IMO9000002,84,0,203,49,True
419000102,2025-03-13T20:24:00,19.28377,70.41193,12.9,337.2,335,SYN-TANKER-BRAVO,IMO9000002,84,0,305,22,True
419000102,2025-03-13T20:27:00,19.29383,70.40832,13.0,335.9,335,SYN-TANKER-BRAVO,IMO9000002,84,0,247,21,True
419000102,2025-03-13T20:30:00,19.3032,70.40194,12.6,335.5,335,SYN-TANKER-BRAVO,IMO9000002,84,0,132,14,True
419000102,2025-03-13T20:33:00,19.31368,70.39736,13.0,334.7,335,SYN-TANKER-BRAVO,IMO9000002,84,0,316,15,True
419000102,2025-03-13T20:36:00,19.32276,70.39282,13.3,337.0,335,SYN-TANKER-BRAVO,IMO9000002,84,0,91,23,True
419000102,2025-03-13T20:39:00,19.33212,70.3873,13.0,333.4,335,SYN-TANKER-BRAVO,IMO9000002,84,0,120,32,True
419000102,2025-03-13T20:42:00,19.34286,70.38296,12.9,334.5,335,SYN-TANKER-BRAVO,IMO9000002,84,0,194,24,True
419000102,2025-03-13T20:45:00,19.35302,70.37744,12.8,334.9,335,SYN-TANKER-BRAVO,IMO9000002,84,0,266,20,True
419000102,2025-03-13T20:48:00,19.36208,70.37303,12.8,333.2,335,SYN-TANKER-BRAVO,IMO9000002,84,0,222,46,True
419000102,2025-03-13T20:51:00,19.37118,70.368,12.8,335.3,335,SYN-TANKER-BRAVO,IMO9000002,84,0,92,40,True
419000102,2025-03-13T20:54:00,19.38161,70.36349,12.9,334.0,335,SYN-TANKER-BRAVO,IMO9000002,84,0,268,21,True
419000102,2025-03-13T20:57:00,19.39125,70.35923,13.0,335.4,335,SYN-TANKER-BRAVO,IMO9000002,84,0,93,43,True
419000102,2025-03-13T21:00:00,19.40166,70.35402,13.3,334.7,335,SYN-TANKER-BRAVO,IMO9000002,84,0,146,20,True
419000102,2025-03-13T21:03:00,19.4108,70.34929,13.3,334.9,335,SYN-TANKER-BRAVO,IMO9000002,84,0,167,36,True
419000102,2025-03-13T21:06:00,19.42041,70.34401,12.8,336.1,335,SYN-TANKER-BRAVO,IMO9000002,84,0,107,23,True
419000102,2025-03-13T21:09:00,19.43018,70.33896,13.0,335.5,335,SYN-TANKER-BRAVO,IMO9000002,84,0,329,39,True
419000102,2025-03-13T21:12:00,19.44075,70.33466,13.0,335.5,335,SYN-TANKER-BRAVO,IMO9000002,84,0,162,22,True
419000102,2025-03-13T21:15:00,19.44983,70.32977,13.1,334.3,335,SYN-TANKER-BRAVO,IMO9000002,84,0,141,53,True
419000102,2025-03-13T21:18:00,19.45997,70.32449,13.0,334.9,335,SYN-TANKER-BRAVO,IMO9000002,84,0,260,52,True
419000102,2025-03-13T21:21:00,19.47007,70.3202,13.2,335.8,335,SYN-TANKER-BRAVO,IMO9000002,84,0,321,14,True
419000102,2025-03-13T21:24:00,19.47921,70.31595,13.0,337.5,335,SYN-TANKER-BRAVO,IMO9000002,84,0,268,22,True
419000102,2025-03-13T21:27:00,19.48976,70.31076,12.9,335.2,335,SYN-TANKER-BRAVO,IMO9000002,84,0,96,30,True
419000102,2025-03-13T21:30:00,19.4991,70.305,13.2,334.4,335,SYN-TANKER-BRAVO,IMO9000002,84,0,156,51,True
419000102,2025-03-13T21:33:00,19.50896,70.30036,13.3,335.7,335,SYN-TANKER-BRAVO,IMO9000002,84,0,300,34,True
419000102,2025-03-13T21:36:00,19.51975,70.29595,13.0,338.6,335,SYN-TANKER-BRAVO,IMO9000002,84,0,295,44,True
419000102,2025-03-13T21:39:00,19.52877,70.29033,12.6,337.6,335,SYN-TANKER-BRAVO,IMO9000002,84,0,277,37,True
419000102,2025-03-13T21:42:00,19.53826,70.28623,12.9,332.6,335,SYN-TANKER-BRAVO,IMO9000002,84,0,325,22,True
419000102,2025-03-13T21:45:00,19.54817,70.28135,12.9,333.2,335,SYN-TANKER-BRAVO,IMO9000002,84,0,111,15,True
419000102,2025-03-13T21:48:00,19.55828,70.27675,12.8,334.7,335,SYN-TANKER-BRAVO,IMO9000002,84,0,138,33,True
419000102,2025-03-13T21:51:00,19.56731,70.27151,12.7,335.6,335,SYN-TANKER-BRAVO,IMO9000002,84,0,91,56,True
419000102,2025-03-13T21:54:00,19.5773,70.26645,13.0,336.6,335,SYN-TANKER-BRAVO,IMO9000002,84,0,245,54,True
419000102,2025-03-13T21:57:00,19.58697,70.26206,12.9,335.9,335,SYN-TANKER-BRAVO,IMO9000002,84,0,82,24,True
419000102,2025-03-13T22:00:00,19.59632,70.25685,13.1,334.9,335,SYN-TANKER-BRAVO,IMO9000002,84,0,200,26,True
419000102,2025-03-13T22:03:00,19.60651,70.252,12.6,336.7,335,SYN-TANKER-BRAVO,IMO9000002,84,0,125,15,True
419000102,2025-03-13T22:06:00,19.61637,70.24757,13.2,336.6,335,SYN-TANKER-BRAVO,IMO9000002,84,0,170,20,True
419000102,2025-03-13T22:09:00,19.62683,70.24263,12.9,335.4,335,SYN-TANKER-BRAVO,IMO9000002,84,0,314,23,True
419000102,2025-03-13T22:12:00,19.63657,70.23788,13.3,336.3,335,SYN-TANKER-BRAVO,IMO9000002,84,0,87,25,True
419000102,2025-03-13T22:15:00,19.64637,70.23231,12.8,333.7,335,SYN-TANKER-BRAVO,IMO9000002,84,0,137,58,True
419000102,2025-03-13T22:18:00,19.65661,70.22842,12.9,334.7,335,SYN-TANKER-BRAVO,IMO9000002,84,0,165,39,True
419000102,2025-03-13T22:21:00,19.66584,70.22319,13.0,333.5,335,SYN-TANKER-BRAVO,IMO9000002,84,0,110,40,True
419000102,2025-03-13T22:24:00,19.67623,70.21789,13.2,335.3,335,SYN-TANKER-BRAVO,IMO9000002,84,0,127,54,True
419000102,2025-03-13T22:27:00,19.68524,70.21319,13.1,337.2,335,SYN-TANKER-BRAVO,IMO9000002,84,0,253,29,True
419000102,2025-03-13T22:30:00,19.69534,70.20906,13.3,335.2,335,SYN-TANKER-BRAVO,IMO9000002,84,0,303,37,True
419000102,2025-03-13T22:33:00,19.70622,70.20352,13.6,335.5,335,SYN-TANKER-BRAVO,IMO9000002,84,0,270,53,True
419000102,2025-03-13T22:36:00,19.71477,70.19882,12.7,333.9,335,SYN-TANKER-BRAVO,IMO9000002,84,0,164,49,True
419000102,2025-03-13T22:39:00,19.72434,70.19396,12.9,335.9,335,SYN-TANKER-BRAVO,IMO9000002,84,0,131,26,True
419000102,2025-03-13T22:42:00,19.73352,70.18843,12.9,336.3,335,SYN-TANKER-BRAVO,IMO9000002,84,0,232,37,True
419000102,2025-03-13T22:45:00,19.74368,70.18403,12.9,333.8,335,SYN-TANKER-BRAVO,IMO9000002,84,0,235,21,True
419000102,2025-03-13T22:48:00,19.75441,70.17935,13.2,336.0,335,SYN-TANKER-BRAVO,IMO9000002,84,0,234,21,True
419000102,2025-03-13T22:51:00,19.76413,70.17442,12.9,335.1,335,SYN-TANKER-BRAVO,IMO9000002,84,0,290,40,True
419000102,2025-03-13T22:54:00,19.77385,70.16932,13.2,330.7,335,SYN-TANKER-BRAVO,IMO9000002,84,0,90,41,True
419000102,2025-03-13T22:57:00,19.78357,70.16459,13.0,335.0,335,SYN-TANKER-BRAVO,IMO9000002,84,0,84,41,True
419000102,2025-03-13T23:00:00,19.7927,70.16015,12.8,336.1,335,SYN-TANKER-BRAVO,IMO9000002,84,0,184,56,True
419000102,2025-03-13T23:03:00,19.80319,70.15537,12.9,333.9,335,SYN-TANKER-BRAVO,IMO9000002,84,0,203,50,True
419000102,2025-03-13T23:06:00,19.81326,70.15008,12.9,334.6,335,SYN-TANKER-BRAVO,IMO9000002,84,0,287,31,True
419000102,2025-03-13T23:09:00,19.823,70.14501,13.2,335.8,335,SYN-TANKER-BRAVO,IMO9000002,84,0,151,51,True
419000102,2025-03-13T23:12:00,19.83217,70.14052,13.1,334.9,335,SYN-TANKER-BRAVO,IMO9000002,84,0,223,28,True
419000102,2025-03-13T23:15:00,19.8425,70.13563,13.1,335.8,335,SYN-TANKER-BRAVO,IMO9000002,84,0,92,55,True
419000102,2025-03-13T23:18:00,19.85214,70.13055,12.9,335.6,335,SYN-TANKER-BRAVO,IMO9000002,84,0,124,25,True
419000102,2025-03-13T23:21:00,19.86213,70.12629,13.0,336.7,335,SYN-TANKER-BRAVO,IMO9000002,84,0,207,42,True
419000102,2025-03-13T23:24:00,19.87186,70.1205,13.3,330.9,335,SYN-TANKER-BRAVO,IMO9000002,84,0,107,38,True
419000102,2025-03-13T23:27:00,19.88136,70.11647,12.9,335.3,335,SYN-TANKER-BRAVO,IMO9000002,84,0,200,40,True
419000102,2025-03-13T23:30:00,19.892,70.11143,13.0,332.6,335,SYN-TANKER-BRAVO,IMO9000002,84,0,127,28,True
419000102,2025-03-13T23:33:00,19.90096,70.10632,13.4,334.3,335,SYN-TANKER-BRAVO,IMO9000002,84,0,245,35,True
419000102,2025-03-13T23:36:00,19.91088,70.10145,12.8,333.7,335,SYN-TANKER-BRAVO,IMO9000002,84,0,295,30,True
419000102,2025-03-13T23:39:00,19.92066,70.09678,13.2,334.5,335,SYN-TANKER-BRAVO,IMO9000002,84,0,248,22,True
419000102,2025-03-13T23:42:00,19.92981,70.09207,13.2,334.0,335,SYN-TANKER-BRAVO,IMO9000002,84,0,286,21,True
419000102,2025-03-13T23:45:00,19.94039,70.08679,13.3,334.2,335,SYN-TANKER-BRAVO,IMO9000002,84,0,157,44,True
419000102,2025-03-13T23:48:00,19.95062,70.0822,12.9,335.7,335,SYN-TANKER-BRAVO,IMO9000002,84,0,226,57,True
419000102,2025-03-13T23:51:00,19.95987,70.07718,12.8,335.5,335,SYN-TANKER-BRAVO,IMO9000002,84,0,320,36,True
419000102,2025-03-13T23:54:00,19.96967,70.07261,13.0,335.1,335,SYN-TANKER-BRAVO,IMO9000002,84,0,290,39,True
419000102,2025-03-13T23:57:00,19.97936,70.06717,12.9,334.8,335,SYN-TANKER-BRAVO,IMO9000002,84,0,309,34,True
419000102,2025-03-14T00:00:00,19.98872,70.06271,13.0,334.1,335,SYN-TANKER-BRAVO,IMO9000002,84,0,236,27,True
419000102,2025-03-14T00:03:00,19.99982,70.05812,13.3,335.4,335,SYN-TANKER-BRAVO,IMO9000002,84,0,180,16,True
419000102,2025-03-14T00:06:00,20.00875,70.0527,13.1,334.3,335,SYN-TANKER-BRAVO,IMO9000002,84,0,116,58,True
419000102,2025-03-14T00:09:00,20.01816,70.04768,13.1,333.9,335,SYN-TANKER-BRAVO,IMO9000002,84,0,204,17,True
419000102,2025-03-14T00:12:00,20.02881,70.04344,13.1,334.0,335,SYN-TANKER-BRAVO,IMO9000002,84,0,223,40,True
419000102,2025-03-14T00:15:00,20.03833,70.03839,13.0,335.4,335,SYN-TANKER-BRAVO,IMO9000002,84,0,302,32,True
419000102,2025-03-14T00:18:00,20.04834,70.03357,13.0,335.0,335,SYN-TANKER-BRAVO,IMO9000002,84,0,201,32,True
419000102,2025-03-14T00:21:00,20.05778,70.0289,12.6,334.7,335,SYN-TANKER-BRAVO,IMO9000002,84,0,199,53,True
419000102,2025-03-14T00:24:00,20.06755,70.02391,12.8,333.9,335,SYN-TANKER-BRAVO,IMO9000002,84,0,132,23,True
419000102,2025-03-14T00:27:00,20.0772,70.01822,13.2,335.3,335,SYN-TANKER-BRAVO,IMO9000002,84,0,127,33,True
419000102,2025-03-14T00:30:00,20.08717,70.0143,13.2,334.3,335,SYN-TANKER-BRAVO,IMO9000002,84,0,284,38,True
419000102,2025-03-14T00:33:00,20.09728,70.00857,12.7,336.0,335,SYN-TANKER-BRAVO,IMO9000002,84,0,328,19,True
419000102,2025-03-14T00:36:00,20.10661,70.00431,13.3,335.3,335,SYN-TANKER-BRAVO,IMO9000002,84,0,130,53,True
419000102,2025-03-14T00:39:00,20.11658,70.00049,13.2,336.1,335,SYN-TANKER-BRAVO,IMO9000002,84,0,237,33,True
419000102,2025-03-14T00:42:00,20.12604,69.9951,13.1,334.3,335,SYN-TANKER-BRAVO,IMO9000002,84,0,176,35,True
419000102,2025-03-14T00:45:00,20.13606,69.98976,12.8,331.5,335,SYN-TANKER-BRAVO,IMO9000002,84,0,265,33,True
419000102,2025-03-14T00:48:00,20.14605,69.98466,13.1,336.7,335,SYN-TANKER-BRAVO,IMO9000002,84,0,158,53,True
419000102,2025-03-14T00:51:00,20.15637,69.9802,13.5,333.2,335,SYN-TANKER-BRAVO,IMO9000002,84,0,118,42,True
419000102,2025-03-14T00:54:00,20.16503,69.97471,13.2,335.9,335,SYN-TANKER-BRAVO,IMO9000002,84,0,169,37,True
419000102,2025-03-14T00:57:00,20.17524,69.97058,12.9,334.8,335,SYN-TANKER-BRAVO,IMO9000002,84,0,242,24,True
419000102,2025-03-14T01:00:00,20.1859,69.96515,12.9,334.0,335,SYN-TANKER-BRAVO,IMO9000002,84,0,317,30,True
419000102,2025-03-14T01:03:00,20.19554,69.96036,13.0,336.9,335,SYN-TANKER-BRAVO,IMO9000002,84,0,302,21,True
419000102,2025-03-14T01:06:00,20.20438,69.95589,13.2,335.5,335,SYN-TANKER-BRAVO,IMO9000002,84,0,162,36,True
419000102,2025-03-14T01:09:00,20.21494,69.95026,12.8,334.4,335,SYN-TANKER-BRAVO,IMO9000002,84,0,119,27,True
419000102,2025-03-14T01:12:00,20.22471,69.94616,13.0,334.6,335,SYN-TANKER-BRAVO,IMO9000002,84,0,277,27,True
419000102,2025-03-14T01:15:00,20.23475,69.94047,12.7,335.4,335,SYN-TANKER-BRAVO,IMO9000002,84,0,217,50,True
419000102,2025-03-14T01:18:00,20.24385,69.93601,13.1,336.5,335,SYN-TANKER-BRAVO,IMO9000002,84,0,164,44,True
419000102,2025-03-14T01:21:00,20.25399,69.93177,13.1,336.2,335,SYN-TANKER-BRAVO,IMO9000002,84,0,139,45,True
419000102,2025-03-14T01:24:00,20.26346,69.92612,13.0,336.2,335,SYN-TANKER-BRAVO,IMO9000002,84,0,121,56,True
419000102,2025-03-14T01:27:00,20.27478,69.92136,13.0,335.9,335,SYN-TANKER-BRAVO,IMO9000002,84,0,132,26,True
419000102,2025-03-14T01:30:00,20.28324,69.91732,12.9,337.2,335,SYN-TANKER-BRAVO,IMO9000002,84,0,227,19,True
419000102,2025-03-14T01:33:00,20.29355,69.91175,13.0,332.2,335,SYN-TANKER-BRAVO,IMO9000002,84,0,310,29,True
419000102,2025-03-14T01:36:00,20.30292,69.90801,12.9,336.8,335,SYN-TANKER-BRAVO,IMO9000002,84,0,99,21,True
419000102,2025-03-14T01:39:00,20.31281,69.90222,13.3,334.7,335,SYN-TANKER-BRAVO,IMO9000002,84,0,185,27,True
419000102,2025-03-14T01:42:00,20.32256,69.89809,13.0,333.7,335,SYN-TANKER-BRAVO,IMO9000002,84,0,117,15,True
419000102,2025-03-14T01:45:00,20.33206,69.89266,12.9,332.7,335,SYN-TANKER-BRAVO,IMO9000002,84,0,291,15,True
419000102,2025-03-14T01:48:00,20.34213,69.88802,13.2,336.5,335,SYN-TANKER-BRAVO,IMO9000002,84,0,229,52,True
419000102,2025-03-14T01:51:00,20.35214,69.88188,13.0,334.9,335,SYN-TANKER-BRAVO,IMO9000002,84,0,257,59,True
419000102,2025-03-14T01:54:00,20.36252,69.87789,12.7,336.0,335,SYN-TANKER-BRAVO,IMO9000002,84,0,195,57,True
419000102,2025-03-14T01:57:00,20.37163,69.8727,13.0,335.6,335,SYN-TANKER-BRAVO,IMO9000002,84,0,107,58,True
419000102,2025-03-14T02:00:00,20.38137,69.86827,12.6,333.1,335,SYN-TANKER-BRAVO,IMO9000002,84,0,248,42,True
419000102,2025-03-14T02:03:00,20.39104,69.8637,13.1,336.4,335,SYN-TANKER-BRAVO,IMO9000002,84,0,256,42,True
419000102,2025-03-14T02:06:00,20.40134,69.85832,13.2,336.6,335,SYN-TANKER-BRAVO,IMO9000002,84,0,130,43,True
419000102,2025-03-14T02:09:00,20.41078,69.85337,13.2,333.3,335,SYN-TANKER-BRAVO,IMO9000002,84,0,185,54,True
419000102,2025-03-14T02:12:00,20.4206,69.84788,13.2,334.2,335,SYN-TANKER-BRAVO,IMO9000002,84,0,216,37,True
419000102,2025-03-14T02:15:00,20.43051,69.8437,13.0,334.1,335,SYN-TANKER-BRAVO,IMO9000002,84,0,230,48,True
419000102,2025-03-14T02:18:00,20.44031,69.83842,13.2,336.4,335,SYN-TANKER-BRAVO,IMO9000002,84,0,235,40,True
419000102,2025-03-14T02:21:00,20.4508,69.83343,12.9,333.3,335,SYN-TANKER-BRAVO,IMO9000002,84,0,277,54,True
419000102,2025-03-14T02:24:00,20.45909,69.82916,13.2,334.7,335,SYN-TANKER-BRAVO,IMO9000002,84,0,312,42,True
419000102,2025-03-14T02:27:00,20.46911,69.82413,13.1,334.0,335,SYN-TANKER-BRAVO,IMO9000002,84,0,155,47,True
419000102,2025-03-14T02:30:00,20.4796,69.8193,13.2,336.2,335,SYN-TANKER-BRAVO,IMO9000002,84,0,140,55,True
419000102,2025-03-14T02:33:00,20.48915,69.81405,13.1,333.5,335,SYN-TANKER-BRAVO,IMO9000002,84,0,267,37,True
419000102,2025-03-14T02:36:00,20.49933,69.809,13.1,332.8,335,SYN-TANKER-BRAVO,IMO9000002,84,0,140,25,True
419000102,2025-03-14T02:39:00,20.50803,69.80452,13.4,333.8,335,SYN-TANKER-BRAVO,IMO9000002,84,0,309,56,True
419000102,2025-03-14T02:42:00,20.51828,69.79981,13.1,335.4,335,SYN-TANKER-BRAVO,IMO9000002,84,0,328,27,True
419000102,2025-03-14T02:45:00,20.52883,69.79513,13.0,335.7,335,SYN-TANKER-BRAVO,IMO9000002,84,0,143,49,True
419000102,2025-03-14T02:48:00,20.53751,69.79038,13.3,333.3,335,SYN-TANKER-BRAVO,IMO9000002,84,0,325,33,True
419000102,2025-03-14T02:51:00,20.54783,69.7854,13.2,330.0,335,SYN-TANKER-BRAVO,IMO9000002,84,0,273,19,True
419000102,2025-03-14T02:54:00,20.55805,69.78039,13.2,335.0,335,SYN-TANKER-BRAVO,IMO9000002,84,0,128,59,True
419000102,2025-03-14T02:57:00,20.56774,69.77554,13.2,337.9,335,SYN-TANKER-BRAVO,IMO9000002,84,0,194,19,True
419000102,2025-03-14T03:00:00,20.57785,69.77026,13.1,336.6,335,SYN-TANKER-BRAVO,IMO9000002,84,0,283,41,True
419000102,2025-03-14T03:03:00,20.58696,69.76638,12.8,335.2,335,SYN-TANKER-BRAVO,IMO9000002,84,0,132,14,True
419000102,2025-03-14T03:06:00,20.59733,69.76095,13.0,335.9,335,SYN-TANKER-BRAVO,IMO9000002,84,0,146,53,True
419000102,2025-03-14T03:09:00,20.60703,69.75489,13.3,336.3,335,SYN-TANKER-BRAVO,IMO9000002,84,0,209,40,True
419000102,2025-03-14T03:12:00,20.61752,69.75046,12.7,331.7,335,SYN-TANKER-BRAVO,IMO9000002,84,0,219,57,True
419000103,2025-03-13T22:05:00,19.30022,70.88766,14.2,268.7,270,SYN-CARGO-CHARLIE,IMO9000003,70,0,238,37,True
419000103,2025-03-13T22:08:00,19.29988,70.87575,14.1,271.5,270,SYN-CARGO-CHARLIE,IMO9000003,70,0,175,43,True
419000103,2025-03-13T22:11:00,19.29996,70.86384,13.9,269.9,270,SYN-CARGO-CHARLIE,IMO9000003,70,0,235,25,True
419000103,2025-03-13T22:14:00,19.30002,70.85132,14.1,269.6,270,SYN-CARGO-CHARLIE,IMO9000003,70,0,246,51,True
419000103,2025-03-13T22:17:00,19.29929,70.83846,13.9,271.6,270,SYN-CARGO-CHARLIE,IMO9000003,70,0,192,48,True
419000103,2025-03-13T22:20:00,19.30011,70.82623,14.0,270.0,270,SYN-CARGO-CHARLIE,IMO9000003,70,0,122,45,True
419000103,2025-03-13T22:23:00,19.29955,70.81331,14.0,271.9,270,SYN-CARGO-CHARLIE,IMO9000003,70,0,270,47,True
419000103,2025-03-13T22:26:00,19.29984,70.80168,13.8,268.2,270,SYN-CARGO-CHARLIE,IMO9000003,70,0,314,57,True
419000103,2025-03-13T22:29:00,19.30013,70.78877,13.7,273.4,270,SYN-CARGO-CHARLIE,IMO9000003,70,0,223,59,True
419000103,2025-03-13T22:32:00,19.30023,70.77672,13.9,268.9,270,SYN-CARGO-CHARLIE,IMO9000003,70,0,240,40,True
419000103,2025-03-13T22:35:00,19.30019,70.76442,14.0,271.7,270,SYN-CARGO-CHARLIE,IMO9000003,70,0,183,30,True
419000103,2025-03-13T22:38:00,19.29972,70.75207,13.7,269.8,270,SYN-CARGO-CHARLIE,IMO9000003,70,0,270,37,True
419000103,2025-03-13T22:41:00,19.30025,70.73957,14.4,269.9,270,SYN-CARGO-CHARLIE,IMO9000003,70,0,160,31,True
419000103,2025-03-13T22:44:00,19.29971,70.72823,13.9,269.0,270,SYN-CARGO-CHARLIE,IMO9000003,70,0,131,59,True
419000103,2025-03-13T22:47:00,19.3004,70.71508,13.7,271.9,270,SYN-CARGO-CHARLIE,IMO9000003,70,0,220,57,True
419000103,2025-03-13T22:50:00,19.30008,70.70276,14.1,268.6,270,SYN-CARGO-CHARLIE,IMO9000003,70,0,141,57,True
419000103,2025-03-13T22:53:00,19.30053,70.69013,14.1,271.2,270,SYN-CARGO-CHARLIE,IMO9000003,70,0,281,37,True
419000103,2025-03-13T22:56:00,19.29997,70.67801,14.3,269.2,270,SYN-CARGO-CHARLIE,IMO9000003,70,0,313,18,True
419000103,2025-03-13T22:59:00,19.30001,70.66584,14.1,266.9,270,SYN-CARGO-CHARLIE,IMO9000003,70,0,167,15,True
419000103,2025-03-13T23:02:00,19.30003,70.65302,14.1,269.8,270,SYN-CARGO-CHARLIE,IMO9000003,70,0,99,45,True
419000103,2025-03-13T23:05:00,19.30048,70.64072,14.2,268.6,270,SYN-CARGO-CHARLIE,IMO9000003,70,0,317,55,True
419000103,2025-03-13T23:08:00,19.30003,70.62828,14.0,269.2,270,SYN-CARGO-CHARLIE,IMO9000003,70,0,191,36,True
419000103,2025-03-13T23:11:00,19.30054,70.61654,13.8,270.7,270,SYN-CARGO-CHARLIE,IMO9000003,70,0,179,44,True
419000103,2025-03-13T23:14:00,19.2998,70.60419,13.8,269.1,270,SYN-CARGO-CHARLIE,IMO9000003,70,0,202,35,True
419000103,2025-03-13T23:17:00,19.3002,70.59148,14.3,272.0,270,SYN-CARGO-CHARLIE,IMO9000003,70,0,210,33,True
419000103,2025-03-13T23:20:00,19.2996,70.5788,14.0,269.6,270,SYN-CARGO-CHARLIE,IMO9000003,70,0,114,29,True
419000103,2025-03-13T23:23:00,19.30012,70.56695,13.9,270.8,270,SYN-CARGO-CHARLIE,IMO9000003,70,0,93,29,True
419000103,2025-03-13T23:26:00,19.29944,70.55395,14.1,268.9,270,SYN-CARGO-CHARLIE,IMO9000003,70,0,148,53,True
419000103,2025-03-13T23:29:00,19.30004,70.54215,14.0,269.6,270,SYN-CARGO-CHARLIE,IMO9000003,70,0,195,56,True
419000103,2025-03-13T23:32:00,19.29967,70.53038,13.7,270.4,270,SYN-CARGO-CHARLIE,IMO9000003,70,0,249,17,True
419000103,2025-03-13T23:35:00,19.30047,70.51825,14.2,267.6,270,SYN-CARGO-CHARLIE,IMO9000003,70,0,298,54,True
419000103,2025-03-13T23:38:00,19.30018,70.50621,13.8,271.6,270,SYN-CARGO-CHARLIE,IMO9000003,70,0,193,21,True
419000103,2025-03-13T23:41:00,19.30031,70.49234,14.0,271.2,270,SYN-CARGO-CHARLIE,IMO9000003,70,0,208,26,True
419000103,2025-03-13T23:44:00,19.30038,70.48084,14.0,268.7,270,SYN-CARGO-CHARLIE,IMO9000003,70,0,277,39,True
419000103,2025-03-13T23:47:00,19.29962,70.46775,14.2,268.8,270,SYN-CARGO-CHARLIE,IMO9000003,70,0,238,44,True
419000103,2025-03-13T23:50:00,19.30008,70.45576,13.8,270.7,270,SYN-CARGO-CHARLIE,IMO9000003,70,0,154,28,True
419000103,2025-03-13T23:53:00,19.29949,70.44378,13.9,269.6,270,SYN-CARGO-CHARLIE,IMO9000003,70,0,135,51,True
419000103,2025-03-13T23:56:00,19.29987,70.43112,14.1,270.5,270,SYN-CARGO-CHARLIE,IMO9000003,70,0,235,59,True
419000103,2025-03-13T23:59:00,19.3,70.4184,14.5,270.7,270,SYN-CARGO-CHARLIE,IMO9000003,70,0,196,52,True
419000103,2025-03-14T00:02:00,19.30043,70.40613,13.9,271.2,270,SYN-CARGO-CHARLIE,IMO9000003,70,0,140,16,True
419000103,2025-03-14T00:05:00,19.29967,70.39407,14.0,270.4,270,SYN-CARGO-CHARLIE,IMO9000003,70,0,198,30,True
419000103,2025-03-14T00:08:00,19.30043,70.3816,14.0,271.5,270,SYN-CARGO-CHARLIE,IMO9000003,70,0,211,58,True
419000103,2025-03-14T00:11:00,19.29975,70.36947,14.4,269.5,270,SYN-CARGO-CHARLIE,IMO9000003,70,0,195,52,True
419000103,2025-03-14T00:14:00,19.30039,70.35622,14.2,270.4,270,SYN-CARGO-CHARLIE,IMO9000003,70,0,132,28,True
419000103,2025-03-14T00:17:00,19.30021,70.34478,14.0,270.1,270,SYN-CARGO-CHARLIE,IMO9000003,70,0,223,18,True
419000103,2025-03-14T00:20:00,19.29968,70.33207,14.1,270.3,270,SYN-CARGO-CHARLIE,IMO9000003,70,0,181,53,True
419000103,2025-03-14T00:23:00,19.29988,70.31921,14.1,270.3,270,SYN-CARGO-CHARLIE,IMO9000003,70,0,262,25,True
419000103,2025-03-14T00:26:00,19.29976,70.30746,13.9,268.8,270,SYN-CARGO-CHARLIE,IMO9000003,70,0,311,54,True
419000103,2025-03-14T00:29:00,19.30055,70.29559,14.4,270.8,270,SYN-CARGO-CHARLIE,IMO9000003,70,0,124,36,True
419000103,2025-03-14T00:32:00,19.30041,70.28274,14.5,269.2,270,SYN-CARGO-CHARLIE,IMO9000003,70,0,325,23,True
419000103,2025-03-14T00:35:00,19.30029,70.27099,14.0,269.0,270,SYN-CARGO-CHARLIE,IMO9000003,70,0,126,25,True
419000103,2025-03-14T00:38:00,19.30048,70.25807,14.1,268.9,270,SYN-CARGO-CHARLIE,IMO9000003,70,0,158,25,True
419000103,2025-03-14T00:41:00,19.30092,70.24617,14.0,269.4,270,SYN-CARGO-CHARLIE,IMO9000003,70,0,293,35,True
419000103,2025-03-14T00:44:00,19.2993,70.23306,14.2,266.3,270,SYN-CARGO-CHARLIE,IMO9000003,70,0,88,17,True
419000103,2025-03-14T00:47:00,19.30028,70.22114,14.0,271.8,270,SYN-CARGO-CHARLIE,IMO9000003,70,0,172,39,True
419000103,2025-03-14T00:50:00,19.29989,70.20839,14.0,269.1,270,SYN-CARGO-CHARLIE,IMO9000003,70,0,238,19,True
419000103,2025-03-14T00:53:00,19.30048,70.19659,13.9,269.8,270,SYN-CARGO-CHARLIE,IMO9000003,70,0,133,35,True
419000103,2025-03-14T00:56:00,19.29952,70.18447,13.6,274.1,270,SYN-CARGO-CHARLIE,IMO9000003,70,0,100,52,True
419000103,2025-03-14T00:59:00,19.30107,70.17169,13.9,269.2,270,SYN-CARGO-CHARLIE,IMO9000003,70,0,136,36,True
419000103,2025-03-14T01:02:00,19.29974,70.15967,13.8,271.9,270,SYN-CARGO-CHARLIE,IMO9000003,70,0,199,31,True
419000103,2025-03-14T01:05:00,19.30025,70.14714,14.1,272.8,270,SYN-CARGO-CHARLIE,IMO9000003,70,0,115,21,True
419000103,2025-03-14T01:08:00,19.29906,70.13504,13.8,271.2,270,SYN-CARGO-CHARLIE,IMO9000003,70,0,209,19,True
419000103,2025-03-14T01:11:00,19.29931,70.12253,13.9,270.1,270,SYN-CARGO-CHARLIE,IMO9000003,70,0,166,20,True
419000103,2025-03-14T01:14:00,19.30035,70.11017,14.4,269.2,270,SYN-CARGO-CHARLIE,IMO9000003,70,0,246,44,True
419000103,2025-03-14T01:17:00,19.2996,70.09758,14.0,270.3,270,SYN-CARGO-CHARLIE,IMO9000003,70,0,115,18,True
419000103,2025-03-14T01:20:00,19.29992,70.08561,14.2,268.6,270,SYN-CARGO-CHARLIE,IMO9000003,70,0,224,39,True
419000103,2025-03-14T01:23:00,19.3001,70.07337,13.8,268.7,270,SYN-CARGO-CHARLIE,IMO9000003,70,0,272,24,True
419000103,2025-03-14T01:26:00,19.29933,70.06015,13.9,270.0,270,SYN-CARGO-CHARLIE,IMO9000003,70,0,226,56,True
419000103,2025-03-14T01:29:00,19.30028,70.04862,13.5,271.0,270,SYN-CARGO-CHARLIE,IMO9000003,70,0,104,35,True
419000103,2025-03-14T01:32:00,19.29996,70.03673,13.9,270.1,270,SYN-CARGO-CHARLIE,IMO9000003,70,0,201,22,True
419000103,2025-03-14T01:35:00,19.29963,70.02474,14.0,271.6,270,SYN-CARGO-CHARLIE,IMO9000003,70,0,297,56,True
419000103,2025-03-14T01:38:00,19.2994,70.01165,14.2,271.9,270,SYN-CARGO-CHARLIE,IMO9000003,70,0,261,24,True
419000103,2025-03-14T01:41:00,19.3,69.99922,14.3,269.1,270,SYN-CARGO-CHARLIE,IMO9000003,70,0,112,56,True
419000103,2025-03-14T01:44:00,19.30012,69.98697,13.7,270.7,270,SYN-CARGO-CHARLIE,IMO9000003,70,0,141,29,True
419000103,2025-03-14T01:47:00,19.29995,69.97475,14.2,270.5,270,SYN-CARGO-CHARLIE,IMO9000003,70,0,95,31,True
419000103,2025-03-14T01:50:00,19.29979,69.96269,14.0,270.3,270,SYN-CARGO-CHARLIE,IMO9000003,70,0,230,30,True
419000103,2025-03-14T01:53:00,19.29963,69.95011,13.9,269.2,270,SYN-CARGO-CHARLIE,IMO9000003,70,0,311,32,True
419000103,2025-03-14T01:56:00,19.29986,69.93806,13.9,271.9,270,SYN-CARGO-CHARLIE,IMO9000003,70,0,205,21,True
419000103,2025-03-14T01:59:00,19.30006,69.92507,14.0,271.5,270,SYN-CARGO-CHARLIE,IMO9000003,70,0,263,19,True
419000103,2025-03-14T02:02:00,19.30009,69.91272,14.0,271.7,270,SYN-CARGO-CHARLIE,IMO9000003,70,0,310,50,True
419000103,2025-03-14T02:05:00,19.2996,69.90071,14.0,271.3,270,SYN-CARGO-CHARLIE,IMO9000003,70,0,253,27,True
419000103,2025-03-14T02:08:00,19.30052,69.88841,14.4,269.4,270,SYN-CARGO-CHARLIE,IMO9000003,70,0,313,44,True
419000103,2025-03-14T02:11:00,19.29963,69.87549,13.8,269.0,270,SYN-CARGO-CHARLIE,IMO9000003,70,0,194,37,True
419000103,2025-03-14T02:14:00,19.30011,69.86389,14.0,269.5,270,SYN-CARGO-CHARLIE,IMO9000003,70,0,227,32,True
419000103,2025-03-14T02:17:00,19.30044,69.851,13.7,271.3,270,SYN-CARGO-CHARLIE,IMO9000003,70,0,106,57,True
419000103,2025-03-14T02:20:00,19.30082,69.83833,14.1,269.2,270,SYN-CARGO-CHARLIE,IMO9000003,70,0,168,27,True
419000103,2025-03-14T02:23:00,19.30012,69.82612,14.0,267.4,270,SYN-CARGO-CHARLIE,IMO9000003,70,0,180,19,True
419000103,2025-03-14T02:26:00,19.30022,69.81433,14.0,271.6,270,SYN-CARGO-CHARLIE,IMO9000003,70,0,318,34,True
419000103,2025-03-14T02:29:00,19.30009,69.80203,14.2,270.1,270,SYN-CARGO-CHARLIE,IMO9000003,70,0,326,41,True
419000103,2025-03-14T02:32:00,19.29953,69.78927,14.0,267.9,270,SYN-CARGO-CHARLIE,IMO9000003,70,0,207,31,True
419000103,2025-03-14T02:35:00,19.29976,69.77745,14.0,268.6,270,SYN-CARGO-CHARLIE,IMO9000003,70,0,154,56,True
419000103,2025-03-14T02:38:00,19.2998,69.76471,13.8,267.6,270,SYN-CARGO-CHARLIE,IMO9000003,70,0,209,53,True
419000103,2025-03-14T02:41:00,19.30035,69.75262,13.9,268.7,270,SYN-CARGO-CHARLIE,IMO9000003,70,0,112,33,True
419000103,2025-03-14T02:44:00,19.29993,69.74119,13.5,271.8,270,SYN-CARGO-CHARLIE,IMO9000003,70,0,316,38,True
419000103,2025-03-14T02:47:00,19.29949,69.72752,13.9,272.8,270,SYN-CARGO-CHARLIE,IMO9000003,70,0,156,47,True
419000103,2025-03-14T02:50:00,19.29941,69.71508,13.8,269.3,270,SYN-CARGO-CHARLIE,IMO9000003,70,0,113,57,True
419000103,2025-03-14T02:53:00,19.2995,69.70327,14.2,269.7,270,SYN-CARGO-CHARLIE,IMO9000003,70,0,172,59,True
419000103,2025-03-14T02:56:00,19.30032,69.69027,14.4,270.2,270,SYN-CARGO-CHARLIE,IMO9000003,70,0,155,55,True
419000103,2025-03-14T02:59:00,19.30034,69.67894,14.1,270.7,270,SYN-CARGO-CHARLIE,IMO9000003,70,0,114,33,True
419000103,2025-03-14T03:02:00,19.29965,69.6663,14.4,271.7,270,SYN-CARGO-CHARLIE,IMO9000003,70,0,103,36,True
419000104,2025-03-13T17:35:00,18.7622,70.53167,14.9,9.6,10,SYN-CARGO-DELTA,IMO9000004,71,0,292,25,True
419000104,2025-03-13T17:38:00,18.77502,70.53429,14.9,7.5,10,SYN-CARGO-DELTA,IMO9000004,71,0,89,46,True
419000104,2025-03-13T17:41:00,18.78684,70.53576,15.0,8.4,10,SYN-CARGO-DELTA,IMO9000004,71,0,139,31,True
419000104,2025-03-13T17:44:00,18.79864,70.53878,14.8,9.5,10,SYN-CARGO-DELTA,IMO9000004,71,0,163,21,True
419000104,2025-03-13T17:47:00,18.81144,70.54138,15.0,9.6,10,SYN-CARGO-DELTA,IMO9000004,71,0,235,28,True
419000104,2025-03-13T17:50:00,18.82463,70.54359,14.9,8.2,10,SYN-CARGO-DELTA,IMO9000004,71,0,121,24,True
419000104,2025-03-13T17:53:00,18.83641,70.54564,15.0,11.3,10,SYN-CARGO-DELTA,IMO9000004,71,0,259,21,True
419000104,2025-03-13T17:56:00,18.84876,70.54811,15.0,10.3,10,SYN-CARGO-DELTA,IMO9000004,71,0,328,49,True
419000104,2025-03-13T17:59:00,18.86057,70.55065,14.6,9.9,10,SYN-CARGO-DELTA,IMO9000004,71,0,80,22,True
419000104,2025-03-13T18:02:00,18.87291,70.55327,15.0,11.2,10,SYN-CARGO-DELTA,IMO9000004,71,0,275,23,True
419000104,2025-03-13T18:05:00,18.88577,70.55549,15.1,8.6,10,SYN-CARGO-DELTA,IMO9000004,71,0,111,33,True
419000104,2025-03-13T18:08:00,18.89627,70.55647,15.1,10.6,10,SYN-CARGO-DELTA,IMO9000004,71,0,236,51,True
419000104,2025-03-13T18:11:00,18.91,70.56004,15.2,8.5,10,SYN-CARGO-DELTA,IMO9000004,71,0,317,51,True
419000104,2025-03-13T18:14:00,18.92268,70.56187,14.6,10.2,10,SYN-CARGO-DELTA,IMO9000004,71,0,268,57,True
419000104,2025-03-13T18:17:00,18.93409,70.56433,15.4,8.8,10,SYN-CARGO-DELTA,IMO9000004,71,0,223,42,True
419000104,2025-03-13T18:20:00,18.94638,70.56707,15.1,9.6,10,SYN-CARGO-DELTA,IMO9000004,71,0,312,48,True
419000104,2025-03-13T18:23:00,18.95789,70.56928,15.3,8.4,10,SYN-CARGO-DELTA,IMO9000004,71,0,274,43,True
419000104,2025-03-13T18:26:00,18.97076,70.57129,15.1,11.1,10,SYN-CARGO-DELTA,IMO9000004,71,0,162,36,True
419000104,2025-03-13T18:29:00,18.98349,70.57304,15.1,11.1,10,SYN-CARGO-DELTA,IMO9000004,71,0,263,38,True
419000104,2025-03-13T18:32:00,18.99597,70.57542,15.3,11.9,10,SYN-CARGO-DELTA,IMO9000004,71,0,321,19,True
419000104,2025-03-13T18:35:00,19.00811,70.57723,14.9,10.2,10,SYN-CARGO-DELTA,IMO9000004,71,0,320,28,True
419000104,2025-03-13T18:38:00,19.02064,70.58099,15.6,10.0,10,SYN-CARGO-DELTA,IMO9000004,71,0,134,15,True
419000104,2025-03-13T18:41:00,19.03225,70.58204,15.1,10.3,10,SYN-CARGO-DELTA,IMO9000004,71,0,81,28,True
419000104,2025-03-13T18:44:00,19.04517,70.5842,15.1,9.8,10,SYN-CARGO-DELTA,IMO9000004,71,0,259,30,True
419000104,2025-03-13T18:47:00,19.05718,70.58685,15.0,9.9,10,SYN-CARGO-DELTA,IMO9000004,71,0,190,30,True
419000104,2025-03-13T18:50:00,19.06949,70.58987,15.2,8.8,10,SYN-CARGO-DELTA,IMO9000004,71,0,233,58,True
419000104,2025-03-13T18:53:00,19.08253,70.59094,15.1,9.7,10,SYN-CARGO-DELTA,IMO9000004,71,0,286,36,True
419000104,2025-03-13T18:56:00,19.09382,70.59391,14.7,10.3,10,SYN-CARGO-DELTA,IMO9000004,71,0,309,54,True
419000104,2025-03-13T18:59:00,19.10564,70.59612,14.9,8.7,10,SYN-CARGO-DELTA,IMO9000004,71,0,310,39,True
419000104,2025-03-13T19:02:00,19.11832,70.59934,15.3,10.8,10,SYN-CARGO-DELTA,IMO9000004,71,0,304,34,True
419000104,2025-03-13T19:05:00,19.13074,70.60085,15.1,7.7,10,SYN-CARGO-DELTA,IMO9000004,71,0,141,36,True
419000104,2025-03-13T19:08:00,19.14332,70.60307,15.2,12.1,10,SYN-CARGO-DELTA,IMO9000004,71,0,120,24,True
419000104,2025-03-13T19:11:00,19.15598,70.60609,15.0,10.4,10,SYN-CARGO-DELTA,IMO9000004,71,0,88,49,True
419000104,2025-03-13T19:14:00,19.16771,70.60802,15.1,11.0,10,SYN-CARGO-DELTA,IMO9000004,71,0,281,47,True
419000104,2025-03-13T19:17:00,19.18024,70.60958,15.3,8.3,10,SYN-CARGO-DELTA,IMO9000004,71,0,198,23,True
419000104,2025-03-13T19:20:00,19.19233,70.61174,14.6,11.2,10,SYN-CARGO-DELTA,IMO9000004,71,0,130,15,True
419000104,2025-03-13T19:23:00,19.20519,70.61409,15.1,11.5,10,SYN-CARGO-DELTA,IMO9000004,71,0,268,34,True
419000104,2025-03-13T19:26:00,19.21648,70.61781,15.0,10.7,10,SYN-CARGO-DELTA,IMO9000004,71,0,111,46,True
419000104,2025-03-13T19:29:00,19.229,70.61934,14.6,8.9,10,SYN-CARGO-DELTA,IMO9000004,71,0,119,35,True
419000104,2025-03-13T19:32:00,19.2416,70.62127,14.7,11.5,10,SYN-CARGO-DELTA,IMO9000004,71,0,294,53,True
419000104,2025-03-13T19:35:00,19.25374,70.62462,14.8,9.9,10,SYN-CARGO-DELTA,IMO9000004,71,0,296,31,True
419000104,2025-03-13T19:38:00,19.26624,70.62616,15.0,10.2,10,SYN-CARGO-DELTA,IMO9000004,71,0,256,18,True
419000104,2025-03-13T19:41:00,19.27823,70.62865,15.4,11.1,10,SYN-CARGO-DELTA,IMO9000004,71,0,256,22,True
419000104,2025-03-13T19:44:00,19.29128,70.63136,15.2,10.6,10,SYN-CARGO-DELTA,IMO9000004,71,0,233,29,True
419000104,2025-03-13T19:47:00,19.30236,70.63266,14.9,10.2,10,SYN-CARGO-DELTA,IMO9000004,71,0,123,20,True
419000104,2025-03-13T19:50:00,19.31563,70.63579,14.9,9.8,10,SYN-CARGO-DELTA,IMO9000004,71,0,234,51,True
419000104,2025-03-13T19:53:00,19.32766,70.63751,15.4,11.1,10,SYN-CARGO-DELTA,IMO9000004,71,0,220,28,True
419000104,2025-03-13T19:56:00,19.33941,70.63936,15.3,9.0,10,SYN-CARGO-DELTA,IMO9000004,71,0,91,48,True
419000104,2025-03-13T19:59:00,19.35268,70.64227,15.4,8.7,10,SYN-CARGO-DELTA,IMO9000004,71,0,94,51,True
419000104,2025-03-13T20:02:00,19.3646,70.64467,14.9,10.5,10,SYN-CARGO-DELTA,IMO9000004,71,0,316,47,True
419000104,2025-03-13T20:05:00,19.3763,70.64702,15.2,9.7,10,SYN-CARGO-DELTA,IMO9000004,71,0,308,15,True
419000104,2025-03-13T20:08:00,19.38895,70.64991,14.9,8.7,10,SYN-CARGO-DELTA,IMO9000004,71,0,251,19,True
419000104,2025-03-13T20:11:00,19.40153,70.65129,15.3,9.4,10,SYN-CARGO-DELTA,IMO9000004,71,0,292,40,True
419000104,2025-03-13T20:14:00,19.41417,70.6535,15.2,9.3,10,SYN-CARGO-DELTA,IMO9000004,71,0,85,20,True
419000104,2025-03-13T20:17:00,19.42608,70.65607,14.9,7.6,10,SYN-CARGO-DELTA,IMO9000004,71,0,86,15,True
419000104,2025-03-13T20:20:00,19.43801,70.65844,15.1,9.7,10,SYN-CARGO-DELTA,IMO9000004,71,0,122,16,True
419000104,2025-03-13T20:23:00,19.45043,70.66027,15.3,11.2,10,SYN-CARGO-DELTA,IMO9000004,71,0,180,55,True
419000104,2025-03-13T20:26:00,19.46336,70.66223,14.7,10.3,10,SYN-CARGO-DELTA,IMO9000004,71,0,154,49,True
419000104,2025-03-13T20:29:00,19.47473,70.66479,14.9,8.3,10,SYN-CARGO-DELTA,IMO9000004,71,0,98,50,True
419000104,2025-03-13T20:32:00,19.48702,70.66785,15.2,10.1,10,SYN-CARGO-DELTA,IMO9000004,71,0,305,37,True
419000104,2025-03-13T20:35:00,19.50017,70.6699,15.2,8.4,10,SYN-CARGO-DELTA,IMO9000004,71,0,323,35,True
419000104,2025-03-13T20:38:00,19.51161,70.67132,15.3,7.6,10,SYN-CARGO-DELTA,IMO9000004,71,0,148,51,True
419000104,2025-03-13T20:41:00,19.52466,70.67463,14.8,8.6,10,SYN-CARGO-DELTA,IMO9000004,71,0,173,28,True
419000104,2025-03-13T20:44:00,19.5361,70.67664,15.1,10.0,10,SYN-CARGO-DELTA,IMO9000004,71,0,184,52,True
419000104,2025-03-13T20:47:00,19.54884,70.67956,14.9,10.3,10,SYN-CARGO-DELTA,IMO9000004,71,0,88,23,True
419000104,2025-03-13T20:50:00,19.5617,70.68172,15.0,8.4,10,SYN-CARGO-DELTA,IMO9000004,71,0,239,51,True
419000104,2025-03-13T20:53:00,19.57345,70.68358,14.8,8.3,10,SYN-CARGO-DELTA,IMO9000004,71,0,312,25,True
419000104,2025-03-13T20:56:00,19.58602,70.68547,14.6,11.6,10,SYN-CARGO-DELTA,IMO9000004,71,0,224,57,True
419000104,2025-03-13T20:59:00,19.59712,70.68846,15.1,11.4,10,SYN-CARGO-DELTA,IMO9000004,71,0,309,58,True
419000104,2025-03-13T21:02:00,19.60948,70.69083,15.4,11.1,10,SYN-CARGO-DELTA,IMO9000004,71,0,98,34,True
419000104,2025-03-13T21:05:00,19.62217,70.69299,15.0,11.2,10,SYN-CARGO-DELTA,IMO9000004,71,0,283,58,True
419000104,2025-03-13T21:08:00,19.63509,70.69473,15.0,10.0,10,SYN-CARGO-DELTA,IMO9000004,71,0,175,59,True
419000104,2025-03-13T21:11:00,19.64777,70.69799,14.9,7.5,10,SYN-CARGO-DELTA,IMO9000004,71,0,250,46,True
419000104,2025-03-13T21:14:00,19.65994,70.69963,15.0,10.2,10,SYN-CARGO-DELTA,IMO9000004,71,0,307,49,True
419000104,2025-03-13T21:17:00,19.67198,70.70248,14.8,10.0,10,SYN-CARGO-DELTA,IMO9000004,71,0,275,43,True
419000104,2025-03-13T21:20:00,19.68402,70.70415,15.0,9.0,10,SYN-CARGO-DELTA,IMO9000004,71,0,160,42,True
419000104,2025-03-13T21:23:00,19.69678,70.70719,14.9,10.9,10,SYN-CARGO-DELTA,IMO9000004,71,0,163,24,True
419000104,2025-03-13T21:26:00,19.70784,70.70877,14.8,9.1,10,SYN-CARGO-DELTA,IMO9000004,71,0,220,20,True
419000104,2025-03-13T21:29:00,19.72025,70.71122,14.8,11.1,10,SYN-CARGO-DELTA,IMO9000004,71,0,222,57,True
419000104,2025-03-13T21:32:00,19.7338,70.71372,14.7,8.4,10,SYN-CARGO-DELTA,IMO9000004,71,0,203,35,True
419000104,2025-03-13T21:35:00,19.74449,70.71631,14.6,11.1,10,SYN-CARGO-DELTA,IMO9000004,71,0,224,40,True
419000104,2025-03-13T21:38:00,19.75731,70.71805,14.8,3.7,10,SYN-CARGO-DELTA,IMO9000004,71,0,186,46,True
419000104,2025-03-13T21:41:00,19.77028,70.72032,15.1,9.7,10,SYN-CARGO-DELTA,IMO9000004,71,0,184,35,True
419000104,2025-03-13T21:44:00,19.78232,70.72252,15.1,8.7,10,SYN-CARGO-DELTA,IMO9000004,71,0,202,22,True
419000104,2025-03-13T21:47:00,19.795,70.72587,15.1,9.3,10,SYN-CARGO-DELTA,IMO9000004,71,0,115,32,True
419000104,2025-03-13T21:50:00,19.80698,70.72781,15.1,8.3,10,SYN-CARGO-DELTA,IMO9000004,71,0,159,35,True
419000104,2025-03-13T21:53:00,19.81877,70.73004,14.7,9.5,10,SYN-CARGO-DELTA,IMO9000004,71,0,161,25,True
419000104,2025-03-13T21:56:00,19.83232,70.73252,15.1,9.5,10,SYN-CARGO-DELTA,IMO9000004,71,0,88,58,True
419000104,2025-03-13T21:59:00,19.84347,70.73403,15.0,11.3,10,SYN-CARGO-DELTA,IMO9000004,71,0,252,14,True
419000104,2025-03-13T22:02:00,19.85608,70.73658,14.9,9.9,10,SYN-CARGO-DELTA,IMO9000004,71,0,95,35,True
419000104,2025-03-13T22:05:00,19.86871,70.7386,15.2,10.3,10,SYN-CARGO-DELTA,IMO9000004,71,0,233,39,True
419000104,2025-03-13T22:08:00,19.8792,70.74115,14.9,10.6,10,SYN-CARGO-DELTA,IMO9000004,71,0,111,48,True
419000104,2025-03-13T22:11:00,19.89321,70.74356,14.9,9.0,10,SYN-CARGO-DELTA,IMO9000004,71,0,231,36,True
419000104,2025-03-13T22:14:00,19.90515,70.74566,14.9,10.2,10,SYN-CARGO-DELTA,IMO9000004,71,0,122,22,True
419000104,2025-03-13T22:17:00,19.91688,70.74794,15.0,8.2,10,SYN-CARGO-DELTA,IMO9000004,71,0,307,26,True
419000104,2025-03-13T22:20:00,19.92974,70.75007,14.6,10.8,10,SYN-CARGO-DELTA,IMO9000004,71,0,215,54,True
419000104,2025-03-13T22:23:00,19.94213,70.75308,15.3,11.1,10,SYN-CARGO-DELTA,IMO9000004,71,0,114,43,True
419000104,2025-03-13T22:26:00,19.95344,70.7544,15.0,11.9,10,SYN-CARGO-DELTA,IMO9000004,71,0,203,17,True
419000104,2025-03-13T22:29:00,19.96629,70.75722,14.8,9.5,10,SYN-CARGO-DELTA,IMO9000004,71,0,204,17,True
419000104,2025-03-13T22:32:00,19.97946,70.7596,14.8,9.4,10,SYN-CARGO-DELTA,IMO9000004,71,0,115,43,True
419000104,2025-03-13T22:35:00,19.99095,70.76114,14.8,9.2,10,SYN-CARGO-DELTA,IMO9000004,71,0,269,18,True
419000104,2025-03-13T22:38:00,20.00274,70.76489,14.7,11.7,10,SYN-CARGO-DELTA,IMO9000004,71,0,142,38,True
419000104,2025-03-13T22:41:00,20.01619,70.76743,15.0,8.5,10,SYN-CARGO-DELTA,IMO9000004,71,0,213,50,True
419000104,2025-03-13T22:44:00,20.0276,70.76841,14.8,12.9,10,SYN-CARGO-DELTA,IMO9000004,71,0,303,20,True
419000104,2025-03-13T22:47:00,20.04005,70.77181,14.9,11.6,10,SYN-CARGO-DELTA,IMO9000004,71,0,143,20,True
419000104,2025-03-13T22:50:00,20.05271,70.77496,15.1,9.5,10,SYN-CARGO-DELTA,IMO9000004,71,0,96,37,True
419000104,2025-03-13T22:53:00,20.06476,70.77598,15.0,7.9,10,SYN-CARGO-DELTA,IMO9000004,71,0,227,17,True
419000104,2025-03-13T22:56:00,20.07766,70.77785,14.8,9.6,10,SYN-CARGO-DELTA,IMO9000004,71,0,306,36,True
419000104,2025-03-13T22:59:00,20.08947,70.78004,14.9,10.6,10,SYN-CARGO-DELTA,IMO9000004,71,0,96,42,True
419000104,2025-03-13T23:02:00,20.10155,70.78282,14.9,8.8,10,SYN-CARGO-DELTA,IMO9000004,71,0,170,15,True
419000104,2025-03-13T23:05:00,20.11366,70.7856,15.0,9.7,10,SYN-CARGO-DELTA,IMO9000004,71,0,179,49,True
419000104,2025-03-13T23:08:00,20.12704,70.78809,15.4,8.8,10,SYN-CARGO-DELTA,IMO9000004,71,0,218,54,True
419000104,2025-03-13T23:11:00,20.13862,70.7901,14.8,8.4,10,SYN-CARGO-DELTA,IMO9000004,71,0,312,55,True
419000104,2025-03-13T23:14:00,20.15144,70.79252,15.1,11.1,10,SYN-CARGO-DELTA,IMO9000004,71,0,262,57,True
419000104,2025-03-13T23:17:00,20.16279,70.79443,15.2,10.7,10,SYN-CARGO-DELTA,IMO9000004,71,0,247,35,True
419000104,2025-03-13T23:20:00,20.17579,70.79679,15.2,11.0,10,SYN-CARGO-DELTA,IMO9000004,71,0,222,53,True
419000104,2025-03-13T23:23:00,20.18805,70.7992,14.5,11.1,10,SYN-CARGO-DELTA,IMO9000004,71,0,97,21,True
419000104,2025-03-13T23:26:00,20.19977,70.80085,15.0,10.6,10,SYN-CARGO-DELTA,IMO9000004,71,0,310,15,True
419000104,2025-03-13T23:29:00,20.21214,70.80347,14.9,9.4,10,SYN-CARGO-DELTA,IMO9000004,71,0,182,34,True
419000104,2025-03-13T23:32:00,20.22441,70.80571,15.3,8.4,10,SYN-CARGO-DELTA,IMO9000004,71,0,197,42,True
419000105,2025-03-13T17:15:00,18.96479,71.00475,17.9,20.5,20,SYN-CNTR-ECHO,IMO9000005,79,0,293,25,True
419000105,2025-03-13T17:18:00,18.97833,71.01089,17.8,20.2,20,SYN-CNTR-ECHO,IMO9000005,79,0,235,44,True
419000105,2025-03-13T17:21:00,18.99241,71.01542,17.9,20.0,20,SYN-CNTR-ECHO,IMO9000005,79,0,241,46,True
419000105,2025-03-13T17:24:00,19.00653,71.02202,18.0,21.6,20,SYN-CNTR-ECHO,IMO9000005,79,0,124,19,True
419000105,2025-03-13T17:27:00,19.02063,71.02736,18.1,18.2,20,SYN-CNTR-ECHO,IMO9000005,79,0,169,20,True
419000105,2025-03-13T17:30:00,19.03386,71.03257,17.8,20.7,20,SYN-CNTR-ECHO,IMO9000005,79,0,176,41,True
419000105,2025-03-13T17:33:00,19.04852,71.03729,17.9,20.1,20,SYN-CNTR-ECHO,IMO9000005,79,0,194,28,True
419000105,2025-03-13T17:36:00,19.06211,71.04283,18.1,19.7,20,SYN-CNTR-ECHO,IMO9000005,79,0,87,17,True
419000105,2025-03-13T17:39:00,19.07698,71.04901,18.1,20.8,20,SYN-CNTR-ECHO,IMO9000005,79,0,199,40,True
419000105,2025-03-13T17:42:00,19.09106,71.05445,18.0,19.4,20,SYN-CNTR-ECHO,IMO9000005,79,0,321,23,True
419000105,2025-03-13T17:45:00,19.10489,71.05975,18.1,20.0,20,SYN-CNTR-ECHO,IMO9000005,79,0,211,31,True
419000105,2025-03-13T17:48:00,19.11899,71.0652,18.0,21.2,20,SYN-CNTR-ECHO,IMO9000005,79,0,270,35,True
419000105,2025-03-13T17:51:00,19.13281,71.07075,18.0,20.3,20,SYN-CNTR-ECHO,IMO9000005,79,0,117,29,True
419000105,2025-03-13T17:54:00,19.14723,71.07679,18.4,18.7,20,SYN-CNTR-ECHO,IMO9000005,79,0,285,21,True
419000105,2025-03-13T17:57:00,19.16092,71.08063,18.1,20.5,20,SYN-CNTR-ECHO,IMO9000005,79,0,155,20,True
419000105,2025-03-13T18:00:00,19.17479,71.08669,18.0,19.5,20,SYN-CNTR-ECHO,IMO9000005,79,0,276,46,True
419000105,2025-03-13T18:03:00,19.18891,71.09261,18.1,16.9,20,SYN-CNTR-ECHO,IMO9000005,79,0,160,35,True
419000105,2025-03-13T18:06:00,19.2035,71.09839,18.0,20.3,20,SYN-CNTR-ECHO,IMO9000005,79,0,244,46,True
419000105,2025-03-13T18:09:00,19.21769,71.10317,18.4,21.1,20,SYN-CNTR-ECHO,IMO9000005,79,0,316,48,True
419000105,2025-03-13T18:12:00,19.23193,71.10775,17.8,20.2,20,SYN-CNTR-ECHO,IMO9000005,79,0,125,37,True
419000105,2025-03-13T18:15:00,19.24488,71.11313,17.9,20.4,20,SYN-CNTR-ECHO,IMO9000005,79,0,326,20,True
419000105,2025-03-13T18:18:00,19.25958,71.11924,17.9,17.6,20,SYN-CNTR-ECHO,IMO9000005,79,0,84,48,True
419000105,2025-03-13T18:21:00,19.27362,71.12548,17.9,20.4,20,SYN-CNTR-ECHO,IMO9000005,79,0,107,32,True
419000105,2025-03-13T18:24:00,19.28795,71.1303,18.1,19.1,20,SYN-CNTR-ECHO,IMO9000005,79,0,209,30,True
419000105,2025-03-13T18:27:00,19.30152,71.13612,17.9,20.0,20,SYN-CNTR-ECHO,IMO9000005,79,0,97,52,True
419000105,2025-03-13T18:30:00,19.31532,71.14055,18.0,19.9,20,SYN-CNTR-ECHO,IMO9000005,79,0,192,24,True
419000105,2025-03-13T18:33:00,19.3302,71.14601,18.2,18.7,20,SYN-CNTR-ECHO,IMO9000005,79,0,90,37,True
419000105,2025-03-13T18:36:00,19.34429,71.15153,17.8,22.0,20,SYN-CNTR-ECHO,IMO9000005,79,0,290,19,True
419000105,2025-03-13T18:39:00,19.35844,71.15663,18.1,19.9,20,SYN-CNTR-ECHO,IMO9000005,79,0,174,40,True
419000105,2025-03-13T18:42:00,19.37273,71.16232,17.7,20.2,20,SYN-CNTR-ECHO,IMO9000005,79,0,130,50,True
419000105,2025-03-13T18:45:00,19.38685,71.16816,18.0,17.1,20,SYN-CNTR-ECHO,IMO9000005,79,0,314,41,True
419000105,2025-03-13T18:48:00,19.39997,71.17379,18.2,22.0,20,SYN-CNTR-ECHO,IMO9000005,79,0,212,39,True
419000105,2025-03-13T18:51:00,19.41405,71.17921,17.9,19.5,20,SYN-CNTR-ECHO,IMO9000005,79,0,254,47,True
419000105,2025-03-13T18:54:00,19.42851,71.18429,18.1,22.1,20,SYN-CNTR-ECHO,IMO9000005,79,0,304,34,True
419000105,2025-03-13T18:57:00,19.44312,71.18983,18.1,19.6,20,SYN-CNTR-ECHO,IMO9000005,79,0,201,16,True
419000105,2025-03-13T19:00:00,19.45611,71.19554,18.2,21.5,20,SYN-CNTR-ECHO,IMO9000005,79,0,110,16,True
419000105,2025-03-13T19:03:00,19.47097,71.20143,17.9,17.6,20,SYN-CNTR-ECHO,IMO9000005,79,0,268,48,True
419000105,2025-03-13T19:06:00,19.48406,71.20603,18.0,21.1,20,SYN-CNTR-ECHO,IMO9000005,79,0,282,40,True
419000105,2025-03-13T19:09:00,19.49866,71.21156,18.2,19.6,20,SYN-CNTR-ECHO,IMO9000005,79,0,281,47,True
419000105,2025-03-13T19:12:00,19.51308,71.21663,18.0,19.0,20,SYN-CNTR-ECHO,IMO9000005,79,0,184,54,True
419000105,2025-03-13T19:15:00,19.52714,71.22251,17.5,20.1,20,SYN-CNTR-ECHO,IMO9000005,79,0,85,39,True
419000105,2025-03-13T19:18:00,19.54131,71.22779,17.9,19.8,20,SYN-CNTR-ECHO,IMO9000005,79,0,200,37,True
419000105,2025-03-13T19:21:00,19.55445,71.23304,17.6,20.7,20,SYN-CNTR-ECHO,IMO9000005,79,0,239,40,True
419000105,2025-03-13T19:24:00,19.56874,71.23907,18.0,21.4,20,SYN-CNTR-ECHO,IMO9000005,79,0,200,17,True
419000105,2025-03-13T19:27:00,19.5833,71.24372,17.8,18.0,20,SYN-CNTR-ECHO,IMO9000005,79,0,138,48,True
419000105,2025-03-13T19:30:00,19.59726,71.24932,18.0,19.3,20,SYN-CNTR-ECHO,IMO9000005,79,0,106,52,True
419000105,2025-03-13T19:33:00,19.61094,71.25426,17.9,20.4,20,SYN-CNTR-ECHO,IMO9000005,79,0,96,32,True
419000105,2025-03-13T19:36:00,19.62577,71.26011,17.9,16.7,20,SYN-CNTR-ECHO,IMO9000005,79,0,241,41,True
419000105,2025-03-13T19:39:00,19.63987,71.26678,18.1,22.2,20,SYN-CNTR-ECHO,IMO9000005,79,0,95,17,True
419000105,2025-03-13T19:42:00,19.65352,71.27084,18.1,19.5,20,SYN-CNTR-ECHO,IMO9000005,79,0,251,57,True
419000105,2025-03-13T19:45:00,19.66723,71.27718,17.6,21.7,20,SYN-CNTR-ECHO,IMO9000005,79,0,291,38,True
419000105,2025-03-13T19:48:00,19.68106,71.282,17.8,21.2,20,SYN-CNTR-ECHO,IMO9000005,79,0,176,57,True
419000105,2025-03-13T19:51:00,19.69622,71.28687,18.1,20.0,20,SYN-CNTR-ECHO,IMO9000005,79,0,166,46,True
419000105,2025-03-13T19:54:00,19.70966,71.29357,18.0,20.8,20,SYN-CNTR-ECHO,IMO9000005,79,0,143,48,True
419000105,2025-03-13T19:57:00,19.72408,71.29871,18.1,18.5,20,SYN-CNTR-ECHO,IMO9000005,79,0,116,27,True
419000105,2025-03-13T20:00:00,19.73799,71.30383,17.8,19.1,20,SYN-CNTR-ECHO,IMO9000005,79,0,228,46,True
419000105,2025-03-13T20:03:00,19.75168,71.30877,18.1,19.7,20,SYN-CNTR-ECHO,IMO9000005,79,0,321,57,True
419000105,2025-03-13T20:06:00,19.76621,71.31521,18.0,19.8,20,SYN-CNTR-ECHO,IMO9000005,79,0,99,40,True
419000105,2025-03-13T20:09:00,19.78061,71.32068,17.7,18.7,20,SYN-CNTR-ECHO,IMO9000005,79,0,115,32,True
419000105,2025-03-13T20:12:00,19.79451,71.32559,17.7,22.4,20,SYN-CNTR-ECHO,IMO9000005,79,0,175,55,True
419000105,2025-03-13T20:15:00,19.80843,71.33049,18.2,21.7,20,SYN-CNTR-ECHO,IMO9000005,79,0,128,25,True
419000105,2025-03-13T20:18:00,19.82222,71.33647,18.0,19.7,20,SYN-CNTR-ECHO,IMO9000005,79,0,97,41,True
419000105,2025-03-13T20:21:00,19.83637,71.34242,18.1,19.7,20,SYN-CNTR-ECHO,IMO9000005,79,0,200,56,True
419000105,2025-03-13T20:24:00,19.85037,71.34724,17.9,23.3,20,SYN-CNTR-ECHO,IMO9000005,79,0,167,17,True
419000105,2025-03-13T20:27:00,19.86501,71.35285,17.8,20.3,20,SYN-CNTR-ECHO,IMO9000005,79,0,188,15,True
419000105,2025-03-13T20:30:00,19.87808,71.35811,17.8,23.9,20,SYN-CNTR-ECHO,IMO9000005,79,0,123,57,True
419000105,2025-03-13T20:33:00,19.89306,71.36411,17.9,20.1,20,SYN-CNTR-ECHO,IMO9000005,79,0,138,58,True
419000105,2025-03-13T20:36:00,19.90686,71.36858,17.7,19.7,20,SYN-CNTR-ECHO,IMO9000005,79,0,133,55,True
419000105,2025-03-13T20:39:00,19.92081,71.37489,18.3,20.0,20,SYN-CNTR-ECHO,IMO9000005,79,0,143,42,True
419000105,2025-03-13T20:42:00,19.93512,71.38053,17.9,19.9,20,SYN-CNTR-ECHO,IMO9000005,79,0,287,30,True
419000105,2025-03-13T20:45:00,19.94828,71.38541,18.0,20.3,20,SYN-CNTR-ECHO,IMO9000005,79,0,87,26,True
419000105,2025-03-13T20:48:00,19.96228,71.39124,18.0,20.7,20,SYN-CNTR-ECHO,IMO9000005,79,0,327,44,True
419000105,2025-03-13T20:51:00,19.97647,71.39673,17.8,22.4,20,SYN-CNTR-ECHO,IMO9000005,79,0,230,24,True
419000105,2025-03-13T20:54:00,19.99143,71.40231,18.2,21.9,20,SYN-CNTR-ECHO,IMO9000005,79,0,122,47,True
419000105,2025-03-13T20:57:00,20.00455,71.40737,18.2,21.6,20,SYN-CNTR-ECHO,IMO9000005,79,0,186,32,True
419000105,2025-03-13T21:00:00,20.01842,71.41247,18.0,20.0,20,SYN-CNTR-ECHO,IMO9000005,79,0,165,27,True
419000105,2025-03-13T21:03:00,20.03308,71.41807,18.1,21.3,20,SYN-CNTR-ECHO,IMO9000005,79,0,227,57,True
419000105,2025-03-13T21:06:00,20.04204,71.43064,18.2,57.0,55,SYN-CNTR-ECHO,IMO9000005,79,0,223,34,True
419000105,2025-03-13T21:09:00,20.05083,71.44416,17.7,55.9,55,SYN-CNTR-ECHO,IMO9000005,79,0,282,57,True
419000105,2025-03-13T21:12:00,20.05952,71.45763,18.1,56.2,55,SYN-CNTR-ECHO,IMO9000005,79,0,189,26,True
419000105,2025-03-13T21:15:00,20.06778,71.47046,18.1,54.3,55,SYN-CNTR-ECHO,IMO9000005,79,0,168,31,True
419000105,2025-03-13T21:18:00,20.07642,71.48276,17.8,54.2,55,SYN-CNTR-ECHO,IMO9000005,79,0,290,47,True
419000105,2025-03-13T21:21:00,20.08497,71.49684,18.3,54.3,55,SYN-CNTR-ECHO,IMO9000005,79,0,173,42,True
419000105,2025-03-13T21:24:00,20.09346,71.50935,17.8,54.7,55,SYN-CNTR-ECHO,IMO9000005,79,0,94,26,True
419000105,2025-03-13T21:27:00,20.10226,71.52204,18.2,54.6,55,SYN-CNTR-ECHO,IMO9000005,79,0,216,41,True
419000105,2025-03-13T21:30:00,20.11039,71.53584,18.0,56.5,55,SYN-CNTR-ECHO,IMO9000005,79,0,170,20,True
419000105,2025-03-13T21:33:00,20.11981,71.54921,17.8,53.9,55,SYN-CNTR-ECHO,IMO9000005,79,0,329,52,True
419000105,2025-03-13T21:36:00,20.12839,71.56172,17.9,58.0,55,SYN-CNTR-ECHO,IMO9000005,79,0,327,54,True
419000105,2025-03-13T21:39:00,20.13626,71.57529,17.8,57.4,55,SYN-CNTR-ECHO,IMO9000005,79,0,142,47,True
419000105,2025-03-13T21:42:00,20.14552,71.5882,18.1,54.9,55,SYN-CNTR-ECHO,IMO9000005,79,0,249,30,True
419000105,2025-03-13T21:45:00,20.15868,71.5933,18.0,15.6,20,SYN-CNTR-ECHO,IMO9000005,79,0,115,47,True
419000105,2025-03-13T21:48:00,20.17334,71.59916,17.9,19.3,20,SYN-CNTR-ECHO,IMO9000005,79,0,248,24,True
419000105,2025-03-13T21:51:00,20.18725,71.60435,17.8,19.3,20,SYN-CNTR-ECHO,IMO9000005,79,0,283,51,True
419000105,2025-03-13T21:54:00,20.20118,71.6103,18.2,22.9,20,SYN-CNTR-ECHO,IMO9000005,79,0,138,56,True
419000105,2025-03-13T21:57:00,20.21614,71.61589,18.3,20.8,20,SYN-CNTR-ECHO,IMO9000005,79,0,273,52,True
419000105,2025-03-13T22:00:00,20.22989,71.62106,18.2,20.4,20,SYN-CNTR-ECHO,IMO9000005,79,0,221,44,True
419000105,2025-03-13T22:03:00,20.24295,71.62586,17.8,20.5,20,SYN-CNTR-ECHO,IMO9000005,79,0,311,23,True
419000105,2025-03-13T22:06:00,20.25792,71.63128,17.8,17.5,20,SYN-CNTR-ECHO,IMO9000005,79,0,149,39,True
419000105,2025-03-13T22:09:00,20.27192,71.63725,17.9,20.1,20,SYN-CNTR-ECHO,IMO9000005,79,0,193,33,True
419000105,2025-03-13T22:12:00,20.28641,71.64243,18.0,19.3,20,SYN-CNTR-ECHO,IMO9000005,79,0,100,53,True
419000105,2025-03-13T22:15:00,20.29926,71.64778,17.9,19.4,20,SYN-CNTR-ECHO,IMO9000005,79,0,116,59,True
419000105,2025-03-13T22:18:00,20.31385,71.65314,18.1,19.1,20,SYN-CNTR-ECHO,IMO9000005,79,0,132,34,True
419000105,2025-03-13T22:21:00,20.32858,71.65888,17.9,18.3,20,SYN-CNTR-ECHO,IMO9000005,79,0,162,34,True
419000105,2025-03-13T22:24:00,20.34201,71.66412,18.0,21.6,20,SYN-CNTR-ECHO,IMO9000005,79,0,171,46,True
419000105,2025-03-13T22:27:00,20.35651,71.66934,17.9,21.3,20,SYN-CNTR-ECHO,IMO9000005,79,0,136,51,True
419000105,2025-03-13T22:30:00,20.37035,71.67534,18.0,22.5,20,SYN-CNTR-ECHO,IMO9000005,79,0,133,53,True
419000105,2025-03-13T22:33:00,20.38413,71.68021,18.2,19.0,20,SYN-CNTR-ECHO,IMO9000005,79,0,243,31,True
419000105,2025-03-13T22:36:00,20.39895,71.68568,18.3,19.3,20,SYN-CNTR-ECHO,IMO9000005,79,0,328,51,True
419000105,2025-03-13T22:39:00,20.41292,71.69217,17.9,21.8,20,SYN-CNTR-ECHO,IMO9000005,79,0,300,53,True
419000105,2025-03-13T22:42:00,20.42593,71.69655,17.9,20.1,20,SYN-CNTR-ECHO,IMO9000005,79,0,327,14,True
419000105,2025-03-13T22:45:00,20.44013,71.70279,18.5,19.1,20,SYN-CNTR-ECHO,IMO9000005,79,0,283,26,True
419000105,2025-03-13T22:48:00,20.45446,71.70813,18.3,21.5,20,SYN-CNTR-ECHO,IMO9000005,79,0,165,38,True
419000105,2025-03-13T22:51:00,20.46883,71.71375,17.7,22.2,20,SYN-CNTR-ECHO,IMO9000005,79,0,163,19,True
419000105,2025-03-13T22:54:00,20.48256,71.71946,18.3,18.3,20,SYN-CNTR-ECHO,IMO9000005,79,0,120,32,True
419000105,2025-03-13T22:57:00,20.49626,71.72464,18.1,20.3,20,SYN-CNTR-ECHO,IMO9000005,79,0,122,35,True
419000105,2025-03-13T23:00:00,20.51163,71.72948,17.9,18.0,20,SYN-CNTR-ECHO,IMO9000005,79,0,245,33,True
419000105,2025-03-13T23:03:00,20.52579,71.73504,18.1,23.0,20,SYN-CNTR-ECHO,IMO9000005,79,0,271,47,True
419000105,2025-03-13T23:06:00,20.53902,71.7417,18.0,19.9,20,SYN-CNTR-ECHO,IMO9000005,79,0,306,15,True
419000105,2025-03-13T23:09:00,20.55244,71.74644,18.1,23.7,20,SYN-CNTR-ECHO,IMO9000005,79,0,282,32,True
419000105,2025-03-13T23:12:00,20.56714,71.75242,17.7,23.0,20,SYN-CNTR-ECHO,IMO9000005,79,0,193,27,True
419000105,2025-03-13T23:15:00,20.58142,71.75732,18.2,21.4,20,SYN-CNTR-ECHO,IMO9000005,79,0,281,21,True
419000105,2025-03-13T23:18:00,20.59479,71.76269,18.2,20.6,20,SYN-CNTR-ECHO,IMO9000005,79,0,207,50,True
419000105,2025-03-13T23:21:00,20.60991,71.76834,17.9,19.6,20,SYN-CNTR-ECHO,IMO9000005,79,0,257,49,True
419000105,2025-03-13T23:24:00,20.62341,71.77323,18.2,23.0,20,SYN-CNTR-ECHO,IMO9000005,79,0,203,43,True
419000105,2025-03-13T23:27:00,20.63787,71.77959,18.2,18.9,20,SYN-CNTR-ECHO,IMO9000005,79,0,277,19,True
419000105,2025-03-13T23:30:00,20.6527,71.78535,18.0,20.3,20,SYN-CNTR-ECHO,IMO9000005,79,0,194,28,True
419000105,2025-03-13T23:33:00,20.6658,71.79068,17.9,19.8,20,SYN-CNTR-ECHO,IMO9000005,79,0,111,32,True
419000105,2025-03-13T23:36:00,20.67904,71.79536,18.9,20.2,20,SYN-CNTR-ECHO,IMO9000005,79,0,167,48,True
419000105,2025-03-13T23:39:00,20.693,71.80112,17.6,20.3,20,SYN-CNTR-ECHO,IMO9000005,79,0,96,42,True
419000105,2025-03-13T23:42:00,20.70782,71.80693,17.9,21.3,20,SYN-CNTR-ECHO,IMO9000005,79,0,152,37,True
419000105,2025-03-13T23:45:00,20.72162,71.81241,17.7,19.1,20,SYN-CNTR-ECHO,IMO9000005,79,0,96,59,True
419000105,2025-03-13T23:48:00,20.73551,71.81794,18.0,20.7,20,SYN-CNTR-ECHO,IMO9000005,79,0,200,42,True
419000105,2025-03-13T23:51:00,20.75041,71.82335,17.5,20.4,20,SYN-CNTR-ECHO,IMO9000005,79,0,315,19,True
419000105,2025-03-13T23:54:00,20.76444,71.82885,18.0,18.9,20,SYN-CNTR-ECHO,IMO9000005,79,0,186,14,True
419000105,2025-03-13T23:57:00,20.77712,71.83432,17.8,22.1,20,SYN-CNTR-ECHO,IMO9000005,79,0,93,22,True
419000105,2025-03-14T00:00:00,20.79168,71.83914,18.1,19.7,20,SYN-CNTR-ECHO,IMO9000005,79,0,218,53,True
419000105,2025-03-14T00:03:00,20.80556,71.84542,18.1,21.3,20,SYN-CNTR-ECHO,IMO9000005,79,0,309,19,True
419000105,2025-03-14T00:06:00,20.81966,71.85014,17.7,21.7,20,SYN-CNTR-ECHO,IMO9000005,79,0,278,57,True
419000105,2025-03-14T00:09:00,20.83403,71.85627,18.1,16.7,20,SYN-CNTR-ECHO,IMO9000005,79,0,177,56,True
419000105,2025-03-14T00:12:00,20.84819,71.86106,18.0,19.4,20,SYN-CNTR-ECHO,IMO9000005,79,0,112,16,True
419000105,2025-03-14T00:15:00,20.86269,71.867,17.8,19.7,20,SYN-CNTR-ECHO,IMO9000005,79,0,210,56,True
419000105,2025-03-14T00:18:00,20.87631,71.87202,17.7,20.6,20,SYN-CNTR-ECHO,IMO9000005,79,0,202,23,True
419000105,2025-03-14T00:21:00,20.89042,71.87779,18.1,19.4,20,SYN-CNTR-ECHO,IMO9000005,79,0,204,45,True
419000105,2025-03-14T00:24:00,20.90444,71.88344,17.8,19.2,20,SYN-CNTR-ECHO,IMO9000005,79,0,255,54,True
419000105,2025-03-14T00:27:00,20.9183,71.88884,17.9,18.8,20,SYN-CNTR-ECHO,IMO9000005,79,0,106,43,True
419000105,2025-03-14T00:30:00,20.93354,71.89395,18.4,20.3,20,SYN-CNTR-ECHO,IMO9000005,79,0,184,21,True
419000105,2025-03-14T00:33:00,20.94748,71.90005,18.0,19.6,20,SYN-CNTR-ECHO,IMO9000005,79,0,112,21,True
419000105,2025-03-14T00:36:00,20.96134,71.90489,17.9,20.8,20,SYN-CNTR-ECHO,IMO9000005,79,0,265,45,True
419000105,2025-03-14T00:39:00,20.97538,71.91097,18.1,18.8,20,SYN-CNTR-ECHO,IMO9000005,79,0,256,40,True
419000105,2025-03-14T00:42:00,20.98938,71.91656,17.7,21.2,20,SYN-CNTR-ECHO,IMO9000005,79,0,201,45,True
419000105,2025-03-14T00:45:00,21.00374,71.9209,17.7,20.0,20,SYN-CNTR-ECHO,IMO9000005,79,0,317,55,True
419000105,2025-03-14T00:48:00,21.01705,71.92713,18.1,21.0,20,SYN-CNTR-ECHO,IMO9000005,79,0,137,17,True
419000105,2025-03-14T00:51:00,21.032,71.93221,18.5,18.7,20,SYN-CNTR-ECHO,IMO9000005,79,0,307,44,True
419000105,2025-03-14T00:54:00,21.04472,71.93819,17.8,21.0,20,SYN-CNTR-ECHO,IMO9000005,79,0,190,51,True
419000105,2025-03-14T00:57:00,21.06048,71.94344,17.7,21.4,20,SYN-CNTR-ECHO,IMO9000005,79,0,267,54,True
419000105,2025-03-14T01:00:00,21.07402,71.94905,18.0,19.2,20,SYN-CNTR-ECHO,IMO9000005,79,0,171,51,True
419000105,2025-03-14T01:03:00,21.08755,71.95475,17.8,22.0,20,SYN-CNTR-ECHO,IMO9000005,79,0,276,47,True
419000105,2025-03-14T01:06:00,21.10258,71.9601,18.1,19.3,20,SYN-CNTR-ECHO,IMO9000005,79,0,263,56,True
419000105,2025-03-14T01:09:00,21.11592,71.96582,17.7,19.8,20,SYN-CNTR-ECHO,IMO9000005,79,0,324,57,True
419000105,2025-03-14T01:12:00,21.13009,71.97106,18.0,19.7,20,SYN-CNTR-ECHO,IMO9000005,79,0,104,14,True
419000105,2025-03-14T01:15:00,21.14394,71.97611,18.1,19.5,20,SYN-CNTR-ECHO,IMO9000005,79,0,95,40,True
419000105,2025-03-14T01:18:00,21.15852,71.98259,18.0,19.5,20,SYN-CNTR-ECHO,IMO9000005,79,0,90,45,True
419000105,2025-03-14T01:21:00,21.1722,71.98784,18.1,20.4,20,SYN-CNTR-ECHO,IMO9000005,79,0,199,20,True
419000105,2025-03-14T01:24:00,21.18617,71.99262,18.0,19.0,20,SYN-CNTR-ECHO,IMO9000005,79,0,134,26,True
419000105,2025-03-14T01:27:00,21.20007,71.99802,18.1,22.6,20,SYN-CNTR-ECHO,IMO9000005,79,0,83,41,True
419000105,2025-03-14T01:30:00,21.2141,72.00445,18.1,19.9,20,SYN-CNTR-ECHO,IMO9000005,79,0,155,51,True
419000105,2025-03-14T01:33:00,21.22901,72.00979,17.8,19.2,20,SYN-CNTR-ECHO,IMO9000005,79,0,304,49,True
419000105,2025-03-14T01:36:00,21.24218,72.01501,18.0,17.3,20,SYN-CNTR-ECHO,IMO9000005,79,0,254,30,True
419000105,2025-03-14T01:39:00,21.25721,72.02086,17.9,19.9,20,SYN-CNTR-ECHO,IMO9000005,79,0,309,40,True
419000105,2025-03-14T01:42:00,21.27096,72.0262,18.1,20.0,20,SYN-CNTR-ECHO,IMO9000005,79,0,215,32,True
419000105,2025-03-14T01:45:00,21.2847,72.03183,18.1,20.2,20,SYN-CNTR-ECHO,IMO9000005,79,0,196,17,True
419000105,2025-03-14T01:48:00,21.29861,72.03728,18.1,17.8,20,SYN-CNTR-ECHO,IMO9000005,79,0,83,22,True
419000105,2025-03-14T01:51:00,21.31305,72.04279,17.8,19.8,20,SYN-CNTR-ECHO,IMO9000005,79,0,245,53,True
419000105,2025-03-14T01:54:00,21.32701,72.04785,17.8,20.2,20,SYN-CNTR-ECHO,IMO9000005,79,0,102,31,True
419000105,2025-03-14T01:57:00,21.34061,72.05327,18.1,19.8,20,SYN-CNTR-ECHO,IMO9000005,79,0,82,27,True
419000105,2025-03-14T02:00:00,21.35462,72.05895,17.8,20.6,20,SYN-CNTR-ECHO,IMO9000005,79,0,236,18,True
419000105,2025-03-14T02:03:00,21.36909,72.06507,17.9,21.1,20,SYN-CNTR-ECHO,IMO9000005,79,0,287,48,True
419000105,2025-03-14T02:06:00,21.38312,72.07044,18.1,21.9,20,SYN-CNTR-ECHO,IMO9000005,79,0,97,22,True
419000105,2025-03-14T02:09:00,21.39748,72.07509,18.4,19.8,20,SYN-CNTR-ECHO,IMO9000005,79,0,101,21,True
419000105,2025-03-14T02:12:00,21.41095,72.08044,18.1,20.8,20,SYN-CNTR-ECHO,IMO9000005,79,0,276,15,True
419000110,2025-03-13T17:17:00,19.16287,70.32897,3.4,166.5,166,SYN-FISH-0,,30,0,127,21,True
419000110,2025-03-13T17:22:00,19.16019,70.33108,3.5,166.0,166,SYN-FISH-0,,30,0,327,14,True
419000110,2025-03-13T17:27:00,19.15593,70.33503,3.3,166.4,166,SYN-FISH-0,,30,0,158,58,True
419000110,2025-03-13T17:32:00,19.1497,70.33757,3.3,164.8,166,SYN-FISH-0,,30,0,211,19,True
419000110,2025-03-13T17:37:00,19.15077,70.33352,3.7,166.8,166,SYN-FISH-0,,30,0,296,40,True
419000110,2025-03-13T17:42:00,19.14515,70.33769,3.8,166.1,166,SYN-FISH-0,,30,0,103,36,True
419000110,2025-03-13T17:47:00,19.13525,70.33759,3.4,165.6,166,SYN-FISH-0,,30,0,292,45,True
419000110,2025-03-13T17:52:00,19.13307,70.34247,3.6,167.2,166,SYN-FISH-0,,30,0,214,40,True
419000110,2025-03-13T17:57:00,19.12409,70.3412,3.7,167.3,166,SYN-FISH-0,,30,0,169,41,True
419000110,2025-03-13T18:02:00,19.12345,70.34106,3.3,164.2,166,SYN-FISH-0,,30,0,164,36,True
419000110,2025-03-13T18:07:00,19.11864,70.34314,3.4,169.5,166,SYN-FISH-0,,30,0,318,28,True
419000110,2025-03-13T18:12:00,19.11373,70.34256,3.2,164.4,166,SYN-FISH-0,,30,0,261,17,True
419000110,2025-03-13T18:17:00,19.10989,70.34518,3.3,165.8,166,SYN-FISH-0,,30,0,288,54,True
419000110,2025-03-13T18:22:00,19.10756,70.34569,3.7,165.1,166,SYN-FISH-0,,30,0,133,30,True
419000110,2025-03-13T18:27:00,19.09936,70.34648,3.5,169.4,166,SYN-FISH-0,,30,0,81,37,True
419000110,2025-03-13T18:32:00,19.09522,70.35129,3.5,169.0,166,SYN-FISH-0,,30,0,84,53,True
419000110,2025-03-13T18:37:00,19.08829,70.34691,3.6,167.3,166,SYN-FISH-0,,30,0,229,48,True
419000110,2025-03-13T18:42:00,19.08826,70.35089,2.9,169.3,166,SYN-FISH-0,,30,0,319,31,True
419000110,2025-03-13T18:47:00,19.08034,70.35721,3.5,168.1,166,SYN-FISH-0,,30,0,202,30,True
419000110,2025-03-13T18:52:00,19.07795,70.352,3.6,167.6,166,SYN-FISH-0,,30,0,142,28,True
419000110,2025-03-13T18:57:00,19.0751,70.35341,3.8,168.7,166,SYN-FISH-0,,30,0,109,31,True
419000110,2025-03-13T19:02:00,19.06785,70.35369,3.9,167.5,166,SYN-FISH-0,,30,0,307,19,True
419000110,2025-03-13T19:07:00,19.05758,70.3574,3.5,167.5,166,SYN-FISH-0,,30,0,97,52,True
419000110,2025-03-13T19:12:00,19.05462,70.35786,3.5,165.0,166,SYN-FISH-0,,30,0,262,17,True
419000110,2025-03-13T19:17:00,19.05345,70.35837,3.1,164.7,166,SYN-FISH-0,,30,0,244,45,True
419000110,2025-03-13T19:22:00,19.04813,70.36117,3.5,164.8,166,SYN-FISH-0,,30,0,186,53,True
419000110,2025-03-13T19:27:00,19.04468,70.35961,3.5,165.2,166,SYN-FISH-0,,30,0,301,22,True
419000110,2025-03-13T19:32:00,19.03788,70.36725,3.4,166.0,166,SYN-FISH-0,,30,0,102,59,True
419000110,2025-03-13T19:37:00,19.03366,70.36061,3.8,170.2,166,SYN-FISH-0,,30,0,210,22,True
419000110,2025-03-13T19:42:00,19.02713,70.36548,3.3,165.3,166,SYN-FISH-0,,30,0,97,43,True
419000110,2025-03-13T19:47:00,19.02657,70.36952,3.4,165.8,166,SYN-FISH-0,,30,0,211,53,True
419000110,2025-03-13T19:52:00,19.02007,70.36814,3.2,167.2,166,SYN-FISH-0,,30,0,264,27,True
419000110,2025-03-13T19:57:00,19.0138,70.36481,3.3,168.3,166,SYN-FISH-0,,30,0,302,40,True
419000110,2025-03-13T20:02:00,19.0122,70.3709,3.4,166.7,166,SYN-FISH-0,,30,0,186,40,True
419000110,2025-03-13T20:07:00,19.00474,70.36991,3.3,166.7,166,SYN-FISH-0,,30,0,307,19,True
419000110,2025-03-13T20:12:00,18.99898,70.37299,3.4,165.4,166,SYN-FISH-0,,30,0,143,16,True
419000110,2025-03-13T20:17:00,18.99635,70.37653,3.5,165.2,166,SYN-FISH-0,,30,0,318,28,True
419000110,2025-03-13T20:22:00,18.99376,70.37577,3.4,166.8,166,SYN-FISH-0,,30,0,163,37,True
419000110,2025-03-13T20:27:00,18.98738,70.37186,3.0,169.2,166,SYN-FISH-0,,30,0,219,34,True
419000110,2025-03-13T20:32:00,18.97852,70.37868,3.3,166.6,166,SYN-FISH-0,,30,0,240,55,True
419000110,2025-03-13T20:37:00,18.97574,70.37925,3.6,165.6,166,SYN-FISH-0,,30,0,82,52,True
419000110,2025-03-13T20:42:00,18.97231,70.38259,3.7,170.3,166,SYN-FISH-0,,30,0,324,30,True
419000110,2025-03-13T20:47:00,18.96666,70.37663,3.6,166.4,166,SYN-FISH-0,,30,0,103,20,True
419000110,2025-03-13T20:52:00,18.95898,70.37926,3.9,162.8,166,SYN-FISH-0,,30,0,143,31,True
419000110,2025-03-13T20:57:00,18.95873,70.38187,3.9,164.4,166,SYN-FISH-0,,30,0,121,41,True
419000110,2025-03-13T21:02:00,18.95643,70.38486,3.3,166.4,166,SYN-FISH-0,,30,0,122,15,True
419000110,2025-03-13T21:07:00,18.94563,70.38353,3.3,167.4,166,SYN-FISH-0,,30,0,235,15,True
419000110,2025-03-13T21:12:00,18.94494,70.38537,3.5,166.7,166,SYN-FISH-0,,30,0,227,53,True
419000110,2025-03-13T21:17:00,18.93616,70.38947,3.7,165.9,166,SYN-FISH-0,,30,0,215,55,True
419000110,2025-03-13T21:22:00,18.93081,70.38861,3.5,164.3,166,SYN-FISH-0,,30,0,159,52,True
419000110,2025-03-13T21:27:00,18.92825,70.39026,3.7,168.3,166,SYN-FISH-0,,30,0,262,44,True
419000110,2025-03-13T21:32:00,18.92459,70.3902,3.5,168.4,166,SYN-FISH-0,,30,0,175,36,True
419000110,2025-03-13T21:37:00,18.91841,70.39484,3.6,167.4,166,SYN-FISH-0,,30,0,122,42,True
419000110,2025-03-13T21:42:00,18.91543,70.39511,3.3,166.3,166,SYN-FISH-0,,30,0,270,18,True
419000110,2025-03-13T21:47:00,18.91031,70.39451,3.4,166.4,166,SYN-FISH-0,,30,0,116,33,True
419000110,2025-03-13T21:52:00,18.90503,70.39808,3.3,167.6,166,SYN-FISH-0,,30,0,95,55,True
419000110,2025-03-13T21:57:00,18.89628,70.39386,3.3,164.9,166,SYN-FISH-0,,30,0,266,31,True
419000110,2025-03-13T22:02:00,18.89531,70.40035,3.6,166.7,166,SYN-FISH-0,,30,0,248,29,True
419000110,2025-03-13T22:07:00,18.89048,70.39943,3.6,165.7,166,SYN-FISH-0,,30,0,185,20,True
419000110,2025-03-13T22:12:00,18.88597,70.3994,3.4,163.7,166,SYN-FISH-0,,30,0,89,43,True
419000110,2025-03-13T22:17:00,18.88494,70.40225,3.2,168.4,166,SYN-FISH-0,,30,0,121,38,True
419000110,2025-03-13T22:22:00,18.87419,70.40283,3.3,168.0,166,SYN-FISH-0,,30,0,198,39,True
419000110,2025-03-13T22:27:00,18.87513,70.40215,3.4,167.2,166,SYN-FISH-0,,30,0,218,58,True
419000110,2025-03-13T22:32:00,18.86851,70.40828,3.6,167.7,166,SYN-FISH-0,,30,0,310,53,True
419000110,2025-03-13T22:37:00,18.86181,70.40847,3.5,169.2,166,SYN-FISH-0,,30,0,278,52,True
419000110,2025-03-13T22:42:00,18.85902,70.41044,3.7,165.1,166,SYN-FISH-0,,30,0,125,51,True
419000110,2025-03-13T22:47:00,18.85469,70.4117,3.5,169.0,166,SYN-FISH-0,,30,0,312,22,True
419000110,2025-03-13T22:52:00,18.8487,70.41035,3.5,164.9,166,SYN-FISH-0,,30,0,312,33,True
419000110,2025-03-13T22:57:00,18.84471,70.40906,3.5,167.8,166,SYN-FISH-0,,30,0,291,50,True
419000110,2025-03-13T23:02:00,18.84137,70.41162,3.7,167.5,166,SYN-FISH-0,,30,0,94,14,True
419000110,2025-03-13T23:07:00,18.83485,70.4137,3.5,163.9,166,SYN-FISH-0,,30,0,104,16,True
419000110,2025-03-13T23:12:00,18.83196,70.41338,3.5,165.7,166,SYN-FISH-0,,30,0,236,36,True
419000110,2025-03-13T23:17:00,18.8245,70.41399,3.6,165.0,166,SYN-FISH-0,,30,0,233,35,True
419000110,2025-03-13T23:22:00,18.82381,70.41622,3.4,168.4,166,SYN-FISH-0,,30,0,324,42,True
419000110,2025-03-13T23:27:00,18.8149,70.41893,3.7,167.1,166,SYN-FISH-0,,30,0,187,41,True
419000110,2025-03-13T23:32:00,18.81461,70.4183,3.4,167.0,166,SYN-FISH-0,,30,0,297,37,True
419000110,2025-03-13T23:37:00,18.80546,70.42054,3.4,167.4,166,SYN-FISH-0,,30,0,84,21,True
419000110,2025-03-13T23:42:00,18.80093,70.4234,3.1,165.7,166,SYN-FISH-0,,30,0,108,28,True
419000110,2025-03-13T23:47:00,18.79961,70.42616,3.5,168.2,166,SYN-FISH-0,,30,0,300,50,True
419000110,2025-03-13T23:52:00,18.79297,70.42616,3.4,167.7,166,SYN-FISH-0,,30,0,232,43,True
419000110,2025-03-13T23:57:00,18.78852,70.42563,3.1,167.0,166,SYN-FISH-0,,30,0,103,16,True
419000110,2025-03-14T00:02:00,18.78327,70.42424,3.9,166.0,166,SYN-FISH-0,,30,0,214,35,True
419000110,2025-03-14T00:07:00,18.78006,70.42919,3.3,167.4,166,SYN-FISH-0,,30,0,228,31,True
419000110,2025-03-14T00:12:00,18.77292,70.42844,3.4,165.2,166,SYN-FISH-0,,30,0,322,16,True
419000110,2025-03-14T00:17:00,18.76799,70.43008,3.2,166.8,166,SYN-FISH-0,,30,0,162,23,True
419000110,2025-03-14T00:22:00,18.76686,70.43103,3.8,167.1,166,SYN-FISH-0,,30,0,111,45,True
419000110,2025-03-14T00:27:00,18.75922,70.43486,3.6,169.0,166,SYN-FISH-0,,30,0,263,28,True
419000110,2025-03-14T00:32:00,18.75211,70.43486,3.7,168.1,166,SYN-FISH-0,,30,0,127,52,True
419000110,2025-03-14T00:37:00,18.74957,70.435,3.2,167.2,166,SYN-FISH-0,,30,0,133,46,True
419000110,2025-03-14T00:42:00,18.74235,70.43106,3.8,166.8,166,SYN-FISH-0,,30,0,128,17,True
419000110,2025-03-14T00:47:00,18.74036,70.43778,3.6,167.6,166,SYN-FISH-0,,30,0,282,23,True
419000110,2025-03-14T00:52:00,18.73786,70.44073,3.4,167.7,166,SYN-FISH-0,,30,0,198,32,True
419000110,2025-03-14T00:57:00,18.73021,70.44309,3.9,168.6,166,SYN-FISH-0,,30,0,168,24,True
419000110,2025-03-14T01:02:00,18.72171,70.43923,3.4,166.7,166,SYN-FISH-0,,30,0,249,44,True
419000110,2025-03-14T01:07:00,18.71758,70.43872,3.7,168.3,166,SYN-FISH-0,,30,0,230,46,True
419000110,2025-03-14T01:12:00,18.71414,70.44103,3.2,165.4,166,SYN-FISH-0,,30,0,173,53,True
419000110,2025-03-14T01:17:00,18.71337,70.44418,3.6,165.5,166,SYN-FISH-0,,30,0,245,51,True
419000110,2025-03-14T01:22:00,18.70689,70.44273,3.2,166.0,166,SYN-FISH-0,,30,0,121,53,True
419000110,2025-03-14T01:27:00,18.70169,70.44466,3.6,169.7,166,SYN-FISH-0,,30,0,115,18,True
419000110,2025-03-14T01:32:00,18.69776,70.44595,3.1,166.1,166,SYN-FISH-0,,30,0,121,19,True
419000110,2025-03-14T01:37:00,18.6941,70.45004,3.7,170.7,166,SYN-FISH-0,,30,0,320,52,True
419000110,2025-03-14T01:42:00,18.69126,70.45012,3.1,168.2,166,SYN-FISH-0,,30,0,285,33,True
419000110,2025-03-14T01:47:00,18.68327,70.45079,3.6,167.1,166,SYN-FISH-0,,30,0,125,58,True
419000110,2025-03-14T01:52:00,18.67842,70.45048,3.8,167.3,166,SYN-FISH-0,,30,0,152,24,True
419000110,2025-03-14T01:57:00,18.67711,70.45432,3.4,165.8,166,SYN-FISH-0,,30,0,99,32,True
419000110,2025-03-14T02:02:00,18.66859,70.45298,3.7,169.4,166,SYN-FISH-0,,30,0,201,44,True
419000110,2025-03-14T02:07:00,18.66362,70.4578,3.4,164.1,166,SYN-FISH-0,,30,0,308,41,True
419000110,2025-03-14T02:12:00,18.66171,70.46068,3.8,164.3,166,SYN-FISH-0,,30,0,292,44,True
419000110,2025-03-14T02:17:00,18.65024,70.45827,3.5,166.1,166,SYN-FISH-0,,30,0,320,25,True
419000110,2025-03-14T02:22:00,18.64916,70.46019,3.6,166.5,166,SYN-FISH-0,,30,0,148,41,True
419000110,2025-03-14T02:27:00,18.64654,70.4578,3.6,167.7,166,SYN-FISH-0,,30,0,185,33,True
419000110,2025-03-14T02:32:00,18.64115,70.46303,3.8,164.8,166,SYN-FISH-0,,30,0,165,23,True
419000110,2025-03-14T02:37:00,18.63407,70.46263,3.6,166.8,166,SYN-FISH-0,,30,0,254,40,True
419000110,2025-03-14T02:42:00,18.63385,70.46395,3.1,165.2,166,SYN-FISH-0,,30,0,167,14,True
419000110,2025-03-14T02:47:00,18.62649,70.46199,3.3,166.9,166,SYN-FISH-0,,30,0,214,30,True
419000110,2025-03-14T02:52:00,18.62167,70.46029,3.5,165.5,166,SYN-FISH-0,,30,0,142,49,True
419000110,2025-03-14T02:57:00,18.61642,70.46603,3.5,166.1,166,SYN-FISH-0,,30,0,288,30,True
419000110,2025-03-14T03:02:00,18.61136,70.47083,3.6,163.5,166,SYN-FISH-0,,30,0,253,49,True
419000110,2025-03-14T03:07:00,18.60726,70.4697,2.9,170.2,166,SYN-FISH-0,,30,0,293,26,True
419000110,2025-03-14T03:12:00,18.60162,70.46779,3.7,165.2,166,SYN-FISH-0,,30,0,250,43,True
419000111,2025-03-13T17:17:00,19.18948,70.29964,3.5,346.0,347,SYN-FISH-1,,30,0,119,24,True
419000111,2025-03-13T17:22:00,19.20187,70.30035,3.4,348.5,347,SYN-FISH-1,,30,0,217,27,True
419000111,2025-03-13T17:27:00,19.20227,70.29434,3.7,351.4,347,SYN-FISH-1,,30,0,287,45,True
419000111,2025-03-13T17:32:00,19.20966,70.29635,3.6,348.1,347,SYN-FISH-1,,30,0,155,29,True
419000111,2025-03-13T17:37:00,19.21365,70.29909,3.4,348.7,347,SYN-FISH-1,,30,0,137,21,True
419000111,2025-03-13T17:42:00,19.21773,70.29444,3.3,349.2,347,SYN-FISH-1,,30,0,321,34,True
419000111,2025-03-13T17:47:00,19.2224,70.29567,3.6,348.9,347,SYN-FISH-1,,30,0,228,34,True
419000111,2025-03-13T17:52:00,19.22975,70.29123,3.4,350.1,347,SYN-FISH-1,,30,0,271,22,True
419000111,2025-03-13T17:57:00,19.23222,70.29386,3.2,347.7,347,SYN-FISH-1,,30,0,225,17,True
419000111,2025-03-13T18:02:00,19.23835,70.28732,3.5,348.5,347,SYN-FISH-1,,30,0,178,24,True
419000111,2025-03-13T18:07:00,19.24049,70.28648,3.3,350.5,347,SYN-FISH-1,,30,0,133,53,True
419000111,2025-03-13T18:12:00,19.2479,70.2866,3.4,346.8,347,SYN-FISH-1,,30,0,301,41,True
419000111,2025-03-13T18:17:00,19.24979,70.2868,3.6,349.4,347,SYN-FISH-1,,30,0,314,52,True
419000111,2025-03-13T18:22:00,19.26048,70.28569,3.8,348.5,347,SYN-FISH-1,,30,0,234,16,True
419000111,2025-03-13T18:27:00,19.26234,70.28734,3.4,346.8,347,SYN-FISH-1,,30,0,310,19,True
419000111,2025-03-13T18:32:00,19.26711,70.28252,3.3,347.5,347,SYN-FISH-1,,30,0,211,35,True
419000111,2025-03-13T18:37:00,19.27031,70.28039,3.6,346.9,347,SYN-FISH-1,,30,0,170,53,True
419000111,2025-03-13T18:42:00,19.27535,70.27801,3.5,348.2,347,SYN-FISH-1,,30,0,240,18,True
419000111,2025-03-13T18:47:00,19.2798,70.27719,3.5,347.4,347,SYN-FISH-1,,30,0,205,28,True
419000111,2025-03-13T18:52:00,19.28228,70.27727,3.7,350.6,347,SYN-FISH-1,,30,0,291,45,True
419000111,2025-03-13T18:57:00,19.29093,70.27641,3.2,348.7,347,SYN-FISH-1,,30,0,268,40,True
419000111,2025-03-13T19:02:00,19.29415,70.27815,3.3,346.8,347,SYN-FISH-1,,30,0,241,36,True
419000111,2025-03-13T19:07:00,19.29983,70.27471,3.6,345.9,347,SYN-FISH-1,,30,0,275,46,True
419000111,2025-03-13T19:12:00,19.30493,70.27273,3.8,348.9,347,SYN-FISH-1,,30,0,99,52,True
419000111,2025-03-13T19:17:00,19.30687,70.27442,3.4,347.8,347,SYN-FISH-1,,30,0,311,43,True
419000111,2025-03-13T19:22:00,19.30845,70.27567,3.8,348.5,347,SYN-FISH-1,,30,0,313,22,True
419000111,2025-03-13T19:27:00,19.32051,70.27223,3.5,346.2,347,SYN-FISH-1,,30,0,259,37,True
419000111,2025-03-13T19:32:00,19.32304,70.26705,3.7,348.5,347,SYN-FISH-1,,30,0,108,44,True
419000111,2025-03-13T19:37:00,19.32463,70.26635,3.6,347.6,347,SYN-FISH-1,,30,0,310,29,True
419000111,2025-03-13T19:42:00,19.33332,70.26819,3.7,344.7,347,SYN-FISH-1,,30,0,149,27,True
419000111,2025-03-13T19:47:00,19.33737,70.26946,3.6,347.6,347,SYN-FISH-1,,30,0,317,16,True
419000111,2025-03-13T19:52:00,19.33975,70.2619,3.2,349.1,347,SYN-FISH-1,,30,0,325,42,True
419000111,2025-03-13T19:57:00,19.34559,70.26362,3.2,347.8,347,SYN-FISH-1,,30,0,252,38,True
419000111,2025-03-13T20:02:00,19.35295,70.26594,3.6,346.3,347,SYN-FISH-1,,30,0,120,33,True
419000111,2025-03-13T20:07:00,19.35693,70.25907,3.4,346.7,347,SYN-FISH-1,,30,0,210,24,True
419000111,2025-03-13T20:12:00,19.36167,70.26446,3.5,346.0,347,SYN-FISH-1,,30,0,156,31,True
419000111,2025-03-13T20:17:00,19.36533,70.26467,3.8,349.3,347,SYN-FISH-1,,30,0,272,55,True
419000111,2025-03-13T20:22:00,19.36974,70.26321,3.3,346.7,347,SYN-FISH-1,,30,0,157,59,True
419000111,2025-03-13T20:27:00,19.37538,70.26169,3.3,346.0,347,SYN-FISH-1,,30,0,302,29,True
419000111,2025-03-13T20:32:00,19.38002,70.25943,3.6,346.1,347,SYN-FISH-1,,30,0,265,59,True
419000111,2025-03-13T20:37:00,19.3861,70.25694,3.6,348.1,347,SYN-FISH-1,,30,0,327,31,True
419000111,2025-03-13T20:42:00,19.39052,70.25377,3.4,345.8,347,SYN-FISH-1,,30,0,296,46,True
419000111,2025-03-13T20:47:00,19.39792,70.25251,3.6,348.5,347,SYN-FISH-1,,30,0,121,42,True
419000111,2025-03-13T20:52:00,19.40309,70.25331,3.7,349.0,347,SYN-FISH-1,,30,0,172,32,True
419000111,2025-03-13T20:57:00,19.40446,70.25055,4.0,347.5,347,SYN-FISH-1,,30,0,130,35,True
419000111,2025-03-13T21:02:00,19.41161,70.25302,3.5,348.5,347,SYN-FISH-1,,30,0,325,59,True
419000111,2025-03-13T21:07:00,19.41077,70.25018,3.7,347.6,347,SYN-FISH-1,,30,0,206,21,True
419000111,2025-03-13T21:12:00,19.41659,70.24952,3.7,350.0,347,SYN-FISH-1,,30,0,113,14,True
419000111,2025-03-13T21:17:00,19.42301,70.24917,3.6,347.0,347,SYN-FISH-1,,30,0,268,51,True
419000111,2025-03-13T21:22:00,19.42966,70.24633,3.4,346.5,347,SYN-FISH-1,,30,0,140,46,True
419000111,2025-03-13T21:27:00,19.43091,70.24467,3.5,346.7,347,SYN-FISH-1,,30,0,214,35,True
419000111,2025-03-13T21:32:00,19.43927,70.24225,3.4,348.3,347,SYN-FISH-1,,30,0,226,50,True
419000111,2025-03-13T21:37:00,19.44063,70.24224,3.2,350.3,347,SYN-FISH-1,,30,0,168,23,True
419000111,2025-03-13T21:42:00,19.44469,70.24342,3.3,350.1,347,SYN-FISH-1,,30,0,258,43,True
419000111,2025-03-13T21:47:00,19.45358,70.24001,3.6,348.3,347,SYN-FISH-1,,30,0,182,56,True
419000111,2025-03-13T21:52:00,19.455,70.23964,3.5,349.2,347,SYN-FISH-1,,30,0,133,46,True
419000111,2025-03-13T21:57:00,19.46071,70.23615,3.6,345.2,347,SYN-FISH-1,,30,0,318,17,True
419000111,2025-03-13T22:02:00,19.46328,70.23736,3.6,346.7,347,SYN-FISH-1,,30,0,185,53,True
419000111,2025-03-13T22:07:00,19.46783,70.23397,3.5,349.1,347,SYN-FISH-1,,30,0,243,36,True
419000111,2025-03-13T22:12:00,19.47434,70.23255,3.5,346.1,347,SYN-FISH-1,,30,0,272,16,True
419000111,2025-03-13T22:17:00,19.47963,70.23192,3.5,349.3,347,SYN-FISH-1,,30,0,117,48,True
419000111,2025-03-13T22:22:00,19.48606,70.23361,3.6,348.8,347,SYN-FISH-1,,30,0,83,23,True
419000111,2025-03-13T22:27:00,19.4916,70.23485,3.5,345.6,347,SYN-FISH-1,,30,0,321,35,True
419000111,2025-03-13T22:32:00,19.4925,70.23223,3.5,347.6,347,SYN-FISH-1,,30,0,259,25,True
419000111,2025-03-13T22:37:00,19.49638,70.23096,3.5,348.7,347,SYN-FISH-1,,30,0,233,53,True
419000111,2025-03-13T22:42:00,19.50284,70.22896,3.5,350.1,347,SYN-FISH-1,,30,0,153,15,True
419000111,2025-03-13T22:47:00,19.50398,70.22833,3.3,345.1,347,SYN-FISH-1,,30,0,328,46,True
419000111,2025-03-13T22:52:00,19.51216,70.22501,3.4,346.5,347,SYN-FISH-1,,30,0,206,59,True
419000111,2025-03-13T22:57:00,19.52102,70.22509,3.3,347.1,347,SYN-FISH-1,,30,0,203,50,True
419000111,2025-03-13T23:02:00,19.51673,70.22058,3.4,347.0,347,SYN-FISH-1,,30,0,197,42,True
419000111,2025-03-13T23:07:00,19.52411,70.22521,3.6,344.3,347,SYN-FISH-1,,30,0,255,30,True
419000111,2025-03-13T23:12:00,19.5327,70.22627,3.5,343.4,347,SYN-FISH-1,,30,0,248,30,True
419000111,2025-03-13T23:17:00,19.53653,70.22044,3.8,350.6,347,SYN-FISH-1,,30,0,254,24,True
419000111,2025-03-13T23:22:00,19.54056,70.22115,3.3,348.0,347,SYN-FISH-1,,30,0,256,58,True
419000111,2025-03-13T23:27:00,19.54739,70.2186,3.2,351.2,347,SYN-FISH-1,,30,0,87,39,True
419000111,2025-03-13T23:32:00,19.55216,70.21619,3.7,347.0,347,SYN-FISH-1,,30,0,90,38,True
419000111,2025-03-13T23:37:00,19.55642,70.21864,3.7,348.6,347,SYN-FISH-1,,30,0,114,50,True
419000111,2025-03-13T23:42:00,19.56004,70.22121,3.6,347.9,347,SYN-FISH-1,,30,0,119,55,True
419000111,2025-03-13T23:47:00,19.566,70.217,3.4,350.6,347,SYN-FISH-1,,30,0,215,57,True
419000111,2025-03-13T23:52:00,19.5673,70.21064,3.5,349.7,347,SYN-FISH-1,,30,0,202,49,True
419000111,2025-03-13T23:57:00,19.57499,70.21347,3.5,345.3,347,SYN-FISH-1,,30,0,275,40,True
419000111,2025-03-14T00:02:00,19.579,70.21131,3.6,347.6,347,SYN-FISH-1,,30,0,253,17,True
419000111,2025-03-14T00:07:00,19.58497,70.20909,3.2,347.7,347,SYN-FISH-1,,30,0,219,52,True
419000111,2025-03-14T00:12:00,19.58694,70.2109,3.6,347.0,347,SYN-FISH-1,,30,0,130,26,True
419000111,2025-03-14T00:17:00,19.59504,70.20622,3.5,346.0,347,SYN-FISH-1,,30,0,279,48,True
419000111,2025-03-14T00:22:00,19.60126,70.20752,3.3,347.5,347,SYN-FISH-1,,30,0,88,42,True
419000111,2025-03-14T00:27:00,19.60125,70.20774,3.6,351.2,347,SYN-FISH-1,,30,0,294,21,True
419000111,2025-03-14T00:32:00,19.60479,70.20576,3.3,346.1,347,SYN-FISH-1,,30,0,132,48,True
419000111,2025-03-14T00:37:00,19.61023,70.20457,3.9,348.1,347,SYN-FISH-1,,30,0,110,32,True
419000111,2025-03-14T00:42:00,19.61421,70.20549,3.6,348.4,347,SYN-FISH-1,,30,0,187,17,True
419000111,2025-03-14T00:47:00,19.62047,70.19863,3.6,348.7,347,SYN-FISH-1,,30,0,226,36,True
419000111,2025-03-14T00:52:00,19.62633,70.19602,3.6,348.1,347,SYN-FISH-1,,30,0,267,34,True
419000111,2025-03-14T00:57:00,19.62982,70.20365,3.3,347.8,347,SYN-FISH-1,,30,0,136,17,True
419000111,2025-03-14T01:02:00,19.6361,70.20076,3.4,347.8,347,SYN-FISH-1,,30,0,326,14,True
419000111,2025-03-14T01:07:00,19.64166,70.19838,3.6,345.9,347,SYN-FISH-1,,30,0,281,19,True
419000111,2025-03-14T01:12:00,19.64951,70.19735,3.3,348.9,347,SYN-FISH-1,,30,0,190,30,True
419000111,2025-03-14T01:17:00,19.65045,70.19432,3.6,348.2,347,SYN-FISH-1,,30,0,270,15,True
419000111,2025-03-14T01:22:00,19.65277,70.19649,3.5,346.8,347,SYN-FISH-1,,30,0,278,54,True
419000111,2025-03-14T01:27:00,19.65761,70.19247,4.0,347.3,347,SYN-FISH-1,,30,0,267,23,True
419000111,2025-03-14T01:32:00,19.66911,70.19068,3.5,349.8,347,SYN-FISH-1,,30,0,188,46,True
419000111,2025-03-14T01:37:00,19.67205,70.19124,3.5,347.8,347,SYN-FISH-1,,30,0,161,30,True
419000111,2025-03-14T01:42:00,19.67103,70.18982,3.2,349.2,347,SYN-FISH-1,,30,0,209,16,True
419000111,2025-03-14T01:47:00,19.67826,70.18818,3.3,347.5,347,SYN-FISH-1,,30,0,81,57,True
419000111,2025-03-14T01:52:00,19.68374,70.18901,3.6,348.5,347,SYN-FISH-1,,30,0,183,53,True
419000111,2025-03-14T01:57:00,19.6933,70.1875,3.7,348.4,347,SYN-FISH-1,,30,0,135,36,True
419000111,2025-03-14T02:02:00,19.69466,70.18444,3.3,347.8,347,SYN-FISH-1,,30,0,171,50,True
419000111,2025-03-14T02:07:00,19.69919,70.18184,3.6,349.5,347,SYN-FISH-1,,30,0,252,55,True
419000111,2025-03-14T02:12:00,19.70179,70.18677,3.3,345.4,347,SYN-FISH-1,,30,0,295,39,True
419000111,2025-03-14T02:17:00,19.71059,70.18302,3.6,348.2,347,SYN-FISH-1,,30,0,233,35,True
419000111,2025-03-14T02:22:00,19.71404,70.18071,3.8,349.2,347,SYN-FISH-1,,30,0,276,14,True
419000111,2025-03-14T02:27:00,19.72059,70.17774,3.8,346.8,347,SYN-FISH-1,,30,0,172,16,True
419000111,2025-03-14T02:32:00,19.72313,70.18225,3.6,348.9,347,SYN-FISH-1,,30,0,213,40,True
419000111,2025-03-14T02:37:00,19.72411,70.18364,3.6,348.3,347,SYN-FISH-1,,30,0,85,14,True
419000111,2025-03-14T02:42:00,19.73046,70.17474,3.4,347.1,347,SYN-FISH-1,,30,0,164,52,True
419000111,2025-03-14T02:47:00,19.73654,70.17771,3.3,349.5,347,SYN-FISH-1,,30,0,245,21,True
419000111,2025-03-14T02:52:00,19.74014,70.17319,3.5,346.5,347,SYN-FISH-1,,30,0,207,55,True
419000111,2025-03-14T02:57:00,19.74314,70.1735,3.3,345.4,347,SYN-FISH-1,,30,0,202,44,True
419000111,2025-03-14T03:02:00,19.75147,70.17171,4.0,347.5,347,SYN-FISH-1,,30,0,198,44,True
419000111,2025-03-14T03:07:00,19.75501,70.17056,3.6,350.8,347,SYN-FISH-1,,30,0,97,19,True
419000111,2025-03-14T03:12:00,19.75895,70.17124,3.6,348.8,347,SYN-FISH-1,,30,0,83,42,True
419000112,2025-03-13T17:17:00,19.2119,70.27391,3.9,81.9,81,SYN-FISH-2,,30,0,328,29,True
419000112,2025-03-13T17:22:00,19.20856,70.28077,3.3,78.9,81,SYN-FISH-2,,30,0,172,56,True
419000112,2025-03-13T17:27:00,19.20993,70.28645,3.3,81.6,81,SYN-FISH-2,,30,0,82,51,True
419000112,2025-03-13T17:32:00,19.21593,70.29104,3.5,82.6,81,SYN-FISH-2,,30,0,122,40,True
419000112,2025-03-13T17:37:00,19.21445,70.29526,3.7,80.9,81,SYN-FISH-2,,30,0,252,39,True
419000112,2025-03-13T17:42:00,19.21563,70.30306,3.5,82.0,81,SYN-FISH-2,,30,0,192,34,True
419000112,2025-03-13T17:47:00,19.21459,70.30151,3.4,84.1,81,SYN-FISH-2,,30,0,284,38,True
419000112,2025-03-13T17:52:00,19.21447,70.30963,3.6,83.0,81,SYN-FISH-2,,30,0,103,51,True
419000112,2025-03-13T17:57:00,19.21797,70.3185,3.5,80.4,81,SYN-FISH-2,,30,0,297,59,True
419000112,2025-03-13T18:02:00,19.2208,70.31944,3.4,83.5,81,SYN-FISH-2,,30,0,293,55,True
419000112,2025-03-13T18:07:00,19.21723,70.32505,3.9,80.8,81,SYN-FISH-2,,30,0,151,36,True
419000112,2025-03-13T18:12:00,19.22176,70.33217,3.3,82.2,81,SYN-FISH-2,,30,0,325,17,True
419000112,2025-03-13T18:17:00,19.22068,70.33637,3.3,82.6,81,SYN-FISH-2,,30,0,105,44,True
419000112,2025-03-13T18:22:00,19.21882,70.34014,3.5,81.1,81,SYN-FISH-2,,30,0,173,43,True
419000112,2025-03-13T18:27:00,19.21933,70.34762,3.5,81.6,81,SYN-FISH-2,,30,0,193,51,True
419000112,2025-03-13T18:32:00,19.22071,70.35575,3.3,80.3,81,SYN-FISH-2,,30,0,309,51,True
419000112,2025-03-13T18:37:00,19.22338,70.35646,3.7,81.8,81,SYN-FISH-2,,30,0,262,51,True
419000112,2025-03-13T18:42:00,19.22466,70.35948,3.7,81.1,81,SYN-FISH-2,,30,0,121,17,True
419000112,2025-03-13T18:47:00,19.21901,70.36594,3.5,80.0,81,SYN-FISH-2,,30,0,122,43,True
419000112,2025-03-13T18:52:00,19.2249,70.36616,3.7,81.9,81,SYN-FISH-2,,30,0,283,59,True
419000112,2025-03-13T18:57:00,19.22634,70.38108,3.6,81.0,81,SYN-FISH-2,,30,0,189,47,True
419000112,2025-03-13T19:02:00,19.22749,70.38302,3.5,80.3,81,SYN-FISH-2,,30,0,168,17,True
419000112,2025-03-13T19:07:00,19.22782,70.38596,3.4,81.0,81,SYN-FISH-2,,30,0,80,26,True
419000112,2025-03-13T19:12:00,19.22349,70.3919,3.5,78.3,81,SYN-FISH-2,,30,0,199,35,True
419000112,2025-03-13T19:17:00,19.22758,70.39591,3.6,82.1,81,SYN-FISH-2,,30,0,288,57,True
419000112,2025-03-13T19:22:00,19.22854,70.40341,3.7,81.6,81,SYN-FISH-2,,30,0,102,36,True
419000112,2025-03-13T19:27:00,19.23003,70.40716,3.6,80.4,81,SYN-FISH-2,,30,0,246,56,True
419000112,2025-03-13T19:32:00,19.22782,70.41524,3.4,79.5,81,SYN-FISH-2,,30,0,323,31,True
419000112,2025-03-13T19:37:00,19.22979,70.41307,3.6,80.3,81,SYN-FISH-2,,30,0,130,56,True
419000112,2025-03-13T19:42:00,19.23217,70.42074,3.2,80.8,81,SYN-FISH-2,,30,0,314,44,True
419000112,2025-03-13T19:47:00,19.23136,70.42668,3.6,84.8,81,SYN-FISH-2,,30,0,310,44,True
419000112,2025-03-13T19:52:00,19.23068,70.43295,3.5,82.8,81,SYN-FISH-2,,30,0,215,47,True
419000112,2025-03-13T19:57:00,19.23533,70.43673,3.2,77.4,81,SYN-FISH-2,,30,0,316,15,True
419000112,2025-03-13T20:02:00,19.23663,70.44433,3.1,80.4,81,SYN-FISH-2,,30,0,181,43,True
419000112,2025-03-13T20:07:00,19.23574,70.44919,3.9,81.7,81,SYN-FISH-2,,30,0,129,34,True
419000112,2025-03-13T20:12:00,19.23796,70.45302,3.5,80.6,81,SYN-FISH-2,,30,0,103,48,True
419000112,2025-03-13T20:17:00,19.23987,70.45573,3.6,79.6,81,SYN-FISH-2,,30,0,148,35,True
419000112,2025-03-13T20:22:00,19.23828,70.46437,3.7,82.5,81,SYN-FISH-2,,30,0,191,20,True
419000112,2025-03-13T20:27:00,19.23999,70.46864,3.6,78.8,81,SYN-FISH-2,,30,0,211,21,True
419000112,2025-03-13T20:32:00,19.24343,70.47106,3.5,81.1,81,SYN-FISH-2,,30,0,167,45,True
419000112,2025-03-13T20:37:00,19.23867,70.47896,3.5,82.9,81,SYN-FISH-2,,30,0,272,22,True
419000112,2025-03-13T20:42:00,19.24364,70.4789,3.4,79.9,81,SYN-FISH-2,,30,0,163,57,True
419000112,2025-03-13T20:47:00,19.24026,70.49,3.2,83.3,81,SYN-FISH-2,,30,0,105,27,True
419000112,2025-03-13T20:52:00,19.24309,70.49529,3.5,81.4,81,SYN-FISH-2,,30,0,273,52,True
419000112,2025-03-13T20:57:00,19.2425,70.49855,3.6,81.2,81,SYN-FISH-2,,30,0,236,57,True
419000112,2025-03-13T21:02:00,19.24741,70.50483,4.1,82.5,81,SYN-FISH-2,,30,0,314,25,True
419000112,2025-03-13T21:07:00,19.24098,70.50812,3.3,79.8,81,SYN-FISH-2,,30,0,316,41,True
419000112,2025-03-13T21:12:00,19.24441,70.51265,3.7,81.1,81,SYN-FISH-2,,30,0,107,49,True
419000112,2025-03-13T21:17:00,19.24636,70.5175,3.6,81.7,81,SYN-FISH-2,,30,0,112,59,True
419000112,2025-03-13T21:22:00,19.24517,70.52631,3.8,83.1,81,SYN-FISH-2,,30,0,111,30,True
419000112,2025-03-13T21:27:00,19.24823,70.53106,4.0,83.7,81,SYN-FISH-2,,30,0,146,32,True
419000112,2025-03-13T21:32:00,19.24872,70.53115,3.1,80.5,81,SYN-FISH-2,,30,0,92,44,True
419000112,2025-03-13T21:37:00,19.24956,70.53831,3.4,79.8,81,SYN-FISH-2,,30,0,134,45,True
419000112,2025-03-13T21:42:00,19.25156,70.54612,3.2,84.0,81,SYN-FISH-2,,30,0,136,29,True
419000112,2025-03-13T21:47:00,19.25101,70.55089,3.3,77.8,81,SYN-FISH-2,,30,0,145,19,True
419000112,2025-03-13T21:52:00,19.25099,70.55145,3.9,80.2,81,SYN-FISH-2,,30,0,302,31,True
419000112,2025-03-13T21:57:00,19.24977,70.55659,3.5,82.0,81,SYN-FISH-2,,30,0,325,23,True
419000112,2025-03-13T22:02:00,19.25133,70.56332,3.5,81.9,81,SYN-FISH-2,,30,0,166,35,True
419000112,2025-03-13T22:07:00,19.25184,70.5662,3.4,80.1,81,SYN-FISH-2,,30,0,309,52,True
419000112,2025-03-13T22:12:00,19.25303,70.57363,3.7,82.7,81,SYN-FISH-2,,30,0,296,59,True
419000112,2025-03-13T22:17:00,19.2564,70.58041,3.3,80.8,81,SYN-FISH-2,,30,0,89,56,True
419000112,2025-03-13T22:22:00,19.25962,70.58481,3.5,80.8,81,SYN-FISH-2,,30,0,262,26,True
419000112,2025-03-13T22:27:00,19.25582,70.59082,3.2,82.7,81,SYN-FISH-2,,30,0,168,54,True
419000112,2025-03-13T22:32:00,19.25578,70.59668,3.8,78.4,81,SYN-FISH-2,,30,0,99,21,True
419000112,2025-03-13T22:37:00,19.25845,70.60089,3.9,82.1,81,SYN-FISH-2,,30,0,237,27,True
419000112,2025-03-13T22:42:00,19.25857,70.60314,3.2,78.7,81,SYN-FISH-2,,30,0,254,49,True
419000112,2025-03-13T22:47:00,19.25974,70.60883,3.5,79.2,81,SYN-FISH-2,,30,0,271,16,True
419000112,2025-03-13T22:52:00,19.25847,70.61592,3.6,79.0,81,SYN-FISH-2,,30,0,101,19,True
419000112,2025-03-13T22:57:00,19.26326,70.62162,3.7,82.6,81,SYN-FISH-2,,30,0,199,25,True
419000112,2025-03-13T23:02:00,19.26241,70.62804,3.8,80.6,81,SYN-FISH-2,,30,0,297,19,True
419000112,2025-03-13T23:07:00,19.26515,70.63165,3.5,81.6,81,SYN-FISH-2,,30,0,321,46,True
419000112,2025-03-13T23:12:00,19.2642,70.63536,3.7,82.2,81,SYN-FISH-2,,30,0,329,41,True
419000112,2025-03-13T23:17:00,19.25993,70.64064,3.5,79.7,81,SYN-FISH-2,,30,0,108,32,True
419000112,2025-03-13T23:22:00,19.26217,70.64776,3.6,84.7,81,SYN-FISH-2,,30,0,310,34,True
419000112,2025-03-13T23:27:00,19.26909,70.64676,3.5,81.1,81,SYN-FISH-2,,30,0,129,22,True
419000112,2025-03-13T23:32:00,19.26896,70.65663,3.5,79.7,81,SYN-FISH-2,,30,0,126,48,True
419000112,2025-03-13T23:37:00,19.26606,70.66196,3.9,82.9,81,SYN-FISH-2,,30,0,291,40,True
419000112,2025-03-13T23:42:00,19.26764,70.66705,3.6,83.1,81,SYN-FISH-2,,30,0,312,23,True
419000112,2025-03-13T23:47:00,19.26922,70.66978,3.2,82.0,81,SYN-FISH-2,,30,0,186,38,True
419000112,2025-03-13T23:52:00,19.26886,70.6743,3.3,81.4,81,SYN-FISH-2,,30,0,205,56,True
419000112,2025-03-13T23:57:00,19.27061,70.68348,3.3,81.0,81,SYN-FISH-2,,30,0,282,50,True
419000112,2025-03-14T00:02:00,19.27067,70.68791,3.5,80.6,81,SYN-FISH-2,,30,0,88,31,True
419000112,2025-03-14T00:07:00,19.27225,70.68959,3.2,80.6,81,SYN-FISH-2,,30,0,254,18,True
419000112,2025-03-14T00:12:00,19.27022,70.69674,3.4,79.3,81,SYN-FISH-2,,30,0,216,42,True
419000112,2025-03-14T00:17:00,19.27451,70.69844,3.5,81.3,81,SYN-FISH-2,,30,0,114,59,True
419000112,2025-03-14T00:22:00,19.27491,70.70522,3.5,82.0,81,SYN-FISH-2,,30,0,180,53,True
419000112,2025-03-14T00:27:00,19.27383,70.70961,3.5,81.5,81,SYN-FISH-2,,30,0,182,35,True
419000112,2025-03-14T00:32:00,19.27447,70.71859,3.8,80.2,81,SYN-FISH-2,,30,0,312,25,True
419000112,2025-03-14T00:37:00,19.28111,70.72093,3.6,83.4,81,SYN-FISH-2,,30,0,126,33,True
419000112,2025-03-14T00:42:00,19.27818,70.73024,3.3,82.5,81,SYN-FISH-2,,30,0,306,22,True
419000112,2025-03-14T00:47:00,19.27951,70.73203,3.5,81.1,81,SYN-FISH-2,,30,0,219,20,True
419000112,2025-03-14T00:52:00,19.27941,70.73669,3.9,84.0,81,SYN-FISH-2,,30,0,189,52,True
419000112,2025-03-14T00:57:00,19.27857,70.74269,3.5,79.6,81,SYN-FISH-2,,30,0,204,53,True
419000112,2025-03-14T01:02:00,19.27623,70.7467,3.7,82.2,81,SYN-FISH-2,,30,0,104,33,True
419000112,2025-03-14T01:07:00,19.28265,70.75606,3.4,85.7,81,SYN-FISH-2,,30,0,294,38,True
419000112,2025-03-14T01:12:00,19.27717,70.75882,3.2,80.6,81,SYN-FISH-2,,30,0,225,57,True
419000112,2025-03-14T01:17:00,19.28509,70.7607,3.5,81.1,81,SYN-FISH-2,,30,0,174,39,True
419000112,2025-03-14T01:22:00,19.27956,70.77046,3.1,80.2,81,SYN-FISH-2,,30,0,256,44,True
419000112,2025-03-14T01:27:00,19.2832,70.77346,3.6,82.0,81,SYN-FISH-2,,30,0,158,57,True
419000112,2025-03-14T01:32:00,19.28256,70.77971,3.6,81.8,81,SYN-FISH-2,,30,0,246,24,True
419000112,2025-03-14T01:37:00,19.28674,70.78332,3.0,81.1,81,SYN-FISH-2,,30,0,324,16,True
419000112,2025-03-14T01:42:00,19.28596,70.78575,3.4,79.6,81,SYN-FISH-2,,30,0,92,37,True
419000112,2025-03-14T01:47:00,19.28728,70.78792,3.6,84.1,81,SYN-FISH-2,,30,0,166,33,True
419000112,2025-03-14T01:52:00,19.28835,70.79962,3.7,80.7,81,SYN-FISH-2,,30,0,278,31,True
419000112,2025-03-14T01:57:00,19.28558,70.8052,3.3,80.1,81,SYN-FISH-2,,30,0,147,31,True
419000112,2025-03-14T02:02:00,19.28831,70.80735,3.4,77.5,81,SYN-FISH-2,,30,0,266,54,True
419000112,2025-03-14T02:07:00,19.29172,70.81311,3.8,82.5,81,SYN-FISH-2,,30,0,94,48,True
419000112,2025-03-14T02:12:00,19.28934,70.81867,3.5,81.3,81,SYN-FISH-2,,30,0,107,29,True
419000112,2025-03-14T02:17:00,19.29103,70.82335,3.6,80.8,81,SYN-FISH-2,,30,0,295,29,True
419000112,2025-03-14T02:22:00,19.29295,70.83126,4.0,83.3,81,SYN-FISH-2,,30,0,198,44,True
419000112,2025-03-14T02:27:00,19.29436,70.83381,3.6,80.9,81,SYN-FISH-2,,30,0,141,32,True
419000112,2025-03-14T02:32:00,19.29573,70.83874,3.6,81.2,81,SYN-FISH-2,,30,0,177,28,True
419000112,2025-03-14T02:37:00,19.29716,70.84565,3.2,80.6,81,SYN-FISH-2,,30,0,128,52,True
419000112,2025-03-14T02:42:00,19.29472,70.8497,3.6,80.4,81,SYN-FISH-2,,30,0,207,18,True
419000112,2025-03-14T02:47:00,19.29558,70.85313,3.9,80.0,81,SYN-FISH-2,,30,0,88,41,True
419000112,2025-03-14T02:52:00,19.29675,70.85545,3.6,83.4,81,SYN-FISH-2,,30,0,114,17,True
419000112,2025-03-14T02:57:00,19.29702,70.86387,3.8,82.7,81,SYN-FISH-2,,30,0,215,27,True
419000112,2025-03-14T03:02:00,19.2986,70.86948,3.8,80.2,81,SYN-FISH-2,,30,0,170,53,True
419000112,2025-03-14T03:07:00,19.29859,70.87224,3.7,82.2,81,SYN-FISH-2,,30,0,220,57,True
419000112,2025-03-14T03:12:00,19.30012,70.87974,3.7,80.3,81,SYN-FISH-2,,30,0,266,56,True
419000120,2025-03-13T17:15:00,20.44903,70.06821,19.9,95.3,95,SYN-FERRY-GOLF,IMO9000006,60,0,143,27,True
419000120,2025-03-13T17:18:00,20.44674,70.08477,20.4,94.7,95,SYN-FERRY-GOLF,IMO9000006,60,0,157,44,True
419000120,2025-03-13T17:21:00,20.44538,70.1033,20.1,92.9,95,SYN-FERRY-GOLF,IMO9000006,60,0,287,55,True
419000120,2025-03-13T17:24:00,20.44446,70.12026,20.1,94.7,95,SYN-FERRY-GOLF,IMO9000006,60,0,123,43,True
419000120,2025-03-13T17:27:00,20.44311,70.13809,20.2,95.1,95,SYN-FERRY-GOLF,IMO9000006,60,0,217,14,True
419000120,2025-03-13T17:30:00,20.44243,70.1563,20.1,94.9,95,SYN-FERRY-GOLF,IMO9000006,60,0,106,18,True
419000120,2025-03-13T17:33:00,20.43946,70.17356,20.0,93.5,95,SYN-FERRY-GOLF,IMO9000006,60,0,169,59,True
419000120,2025-03-13T17:36:00,20.43861,70.19147,20.1,93.1,95,SYN-FERRY-GOLF,IMO9000006,60,0,157,25,True
419000120,2025-03-13T17:39:00,20.43639,70.20899,20.2,96.7,95,SYN-FERRY-GOLF,IMO9000006,60,0,283,14,True
419000120,2025-03-13T17:42:00,20.43522,70.22677,20.2,94.3,95,SYN-FERRY-GOLF,IMO9000006,60,0,88,42,True
419000120,2025-03-13T17:45:00,20.43385,70.24411,20.3,94.9,95,SYN-FERRY-GOLF,IMO9000006,60,0,107,39,True
419000120,2025-03-13T17:48:00,20.43242,70.26199,20.0,95.4,95,SYN-FERRY-GOLF,IMO9000006,60,0,81,53,True
419000120,2025-03-13T17:51:00,20.43026,70.27984,20.1,96.8,95,SYN-FERRY-GOLF,IMO9000006,60,0,191,17,True
419000120,2025-03-13T17:54:00,20.4302,70.29723,20.0,94.1,95,SYN-FERRY-GOLF,IMO9000006,60,0,183,53,True
419000120,2025-03-13T17:57:00,20.42793,70.31496,19.8,98.6,95,SYN-FERRY-GOLF,IMO9000006,60,0,326,20,True
419000120,2025-03-13T18:00:00,20.42635,70.33357,19.9,94.6,95,SYN-FERRY-GOLF,IMO9000006,60,0,274,19,True
419000120,2025-03-13T18:03:00,20.42528,70.35087,19.9,94.3,95,SYN-FERRY-GOLF,IMO9000006,60,0,215,47,True
419000120,2025-03-13T18:06:00,20.42317,70.36821,20.0,95.4,95,SYN-FERRY-GOLF,IMO9000006,60,0,301,21,True
419000120,2025-03-13T18:09:00,20.4231,70.38678,20.0,93.6,95,SYN-FERRY-GOLF,IMO9000006,60,0,87,19,True
419000120,2025-03-13T18:12:00,20.42068,70.40378,20.1,95.1,95,SYN-FERRY-GOLF,IMO9000006,60,0,227,14,True
419000120,2025-03-13T18:15:00,20.41953,70.42153,20.2,93.0,95,SYN-FERRY-GOLF,IMO9000006,60,0,224,30,True
419000120,2025-03-13T18:18:00,20.41861,70.43949,20.2,94.0,95,SYN-FERRY-GOLF,IMO9000006,60,0,236,45,True
419000120,2025-03-13T18:21:00,20.41671,70.45672,20.0,95.0,95,SYN-FERRY-GOLF,IMO9000006,60,0,287,20,True
419000120,2025-03-13T18:24:00,20.41526,70.47502,20.2,94.3,95,SYN-FERRY-GOLF,IMO9000006,60,0,93,14,True
419000120,2025-03-13T18:27:00,20.41354,70.49176,20.0,95.9,95,SYN-FERRY-GOLF,IMO9000006,60,0,84,45,True
419000120,2025-03-13T18:30:00,20.41275,70.50968,20.0,95.3,95,SYN-FERRY-GOLF,IMO9000006,60,0,123,41,True
419000120,2025-03-13T18:33:00,20.41119,70.52795,19.9,95.7,95,SYN-FERRY-GOLF,IMO9000006,60,0,114,46,True
419000120,2025-03-13T18:36:00,20.40978,70.54561,20.2,93.9,95,SYN-FERRY-GOLF,IMO9000006,60,0,303,57,True
419000120,2025-03-13T18:39:00,20.40825,70.56228,20.1,95.7,95,SYN-FERRY-GOLF,IMO9000006,60,0,139,14,True
419000120,2025-03-13T18:42:00,20.40621,70.58083,20.2,94.0,95,SYN-FERRY-GOLF,IMO9000006,60,0,158,58,True
419000120,2025-03-13T18:45:00,20.40483,70.59903,19.7,93.8,95,SYN-FERRY-GOLF,IMO9000006,60,0,82,51,True
419000120,2025-03-13T18:48:00,20.40349,70.61624,19.6,96.5,95,SYN-FERRY-GOLF,IMO9000006,60,0,196,28,True
419000120,2025-03-13T18:51:00,20.40273,70.6333,19.8,94.9,95,SYN-FERRY-GOLF,IMO9000006,60,0,180,53,True
419000120,2025-03-13T18:54:00,20.40077,70.65134,20.0,95.9,95,SYN-FERRY-GOLF,IMO9000006,60,0,87,34,True
419000120,2025-03-13T18:57:00,20.39964,70.66933,20.7,95.2,95,SYN-FERRY-GOLF,IMO9000006,60,0,100,24,True
419000120,2025-03-13T19:00:00,20.39722,70.6866,20.1,94.1,95,SYN-FERRY-GOLF,IMO9000006,60,0,204,49,True
419000120,2025-03-13T19:03:00,20.3963,70.70424,19.6,94.6,95,SYN-FERRY-GOLF,IMO9000006,60,0,87,24,True
419000120,2025-03-13T19:06:00,20.3943,70.72225,19.8,92.5,95,SYN-FERRY-GOLF,IMO9000006,60,0,308,17,True
419000120,2025-03-13T19:09:00,20.39374,70.73952,20.0,93.7,95,SYN-FERRY-GOLF,IMO9000006,60,0,321,34,True
419000120,2025-03-13T19:12:00,20.39189,70.75776,20.0,92.1,95,SYN-FERRY-GOLF,IMO9000006,60,0,307,18,True
419000120,2025-03-13T19:15:00,20.39051,70.77479,19.5,96.3,95,SYN-FERRY-GOLF,IMO9000006,60,0,215,55,True
419000120,2025-03-13T19:18:00,20.38936,70.79219,19.9,94.2,95,SYN-FERRY-GOLF,IMO9000006,60,0,134,26,True
419000120,2025-03-13T19:21:00,20.38712,70.81109,20.2,93.7,95,SYN-FERRY-GOLF,IMO9000006,60,0,108,29,True
419000120,2025-03-13T19:24:00,20.38605,70.82827,20.0,95.5,95,SYN-FERRY-GOLF,IMO9000006,60,0,260,47,True
419000120,2025-03-13T19:27:00,20.38472,70.84628,19.9,98.8,95,SYN-FERRY-GOLF,IMO9000006,60,0,285,34,True
419000120,2025-03-13T19:30:00,20.38397,70.86293,20.1,94.2,95,SYN-FERRY-GOLF,IMO9000006,60,0,190,27,True
419000120,2025-03-13T19:33:00,20.38132,70.88089,20.0,95.2,95,SYN-FERRY-GOLF,IMO9000006,60,0,221,48,True
419000120,2025-03-13T19:36:00,20.38036,70.8996,19.8,95.2,95,SYN-FERRY-GOLF,IMO9000006,60,0,90,25,True
419000120,2025-03-13T19:39:00,20.37923,70.917,20.7,98.7,95,SYN-FERRY-GOLF,IMO9000006,60,0,311,48,True
419000120,2025-03-13T19:42:00,20.37686,70.93387,20.1,97.9,95,SYN-FERRY-GOLF,IMO9000006,60,0,242,39,True
419000120,2025-03-13T19:45:00,20.37614,70.95191,20.0,94.2,95,SYN-FERRY-GOLF,IMO9000006,60,0,299,49,True
419000120,2025-03-13T19:48:00,20.37487,70.96952,20.4,95.0,95,SYN-FERRY-GOLF,IMO9000006,60,0,266,48,True
419000120,2025-03-13T19:51:00,20.3726,70.98708,20.0,96.9,95,SYN-FERRY-GOLF,IMO9000006,60,0,284,54,True
419000120,2025-03-13T19:54:00,20.37113,71.00494,19.8,95.3,95,SYN-FERRY-GOLF,IMO9000006,60,0,98,57,True
419000120,2025-03-13T19:57:00,20.37086,71.02271,19.9,92.7,95,SYN-FERRY-GOLF,IMO9000006,60,0,162,42,True
419000120,2025-03-13T20:00:00,20.3688,71.04011,19.9,94.6,95,SYN-FERRY-GOLF,IMO9000006,60,0,107,27,True
419000120,2025-03-13T20:03:00,20.36681,71.05724,20.0,95.0,95,SYN-FERRY-GOLF,IMO9000006,60,0,147,55,True
419000120,2025-03-13T20:06:00,20.36592,71.07562,20.2,94.5,95,SYN-FERRY-GOLF,IMO9000006,60,0,186,48,True
419000120,2025-03-13T20:09:00,20.36469,71.09345,19.9,95.9,95,SYN-FERRY-GOLF,IMO9000006,60,0,208,41,True
419000120,2025-03-13T20:12:00,20.36318,71.11078,20.0,92.3,95,SYN-FERRY-GOLF,IMO9000006,60,0,128,21,True
419000120,2025-03-13T20:15:00,20.36145,71.12831,19.8,93.7,95,SYN-FERRY-GOLF,IMO9000006,60,0,264,36,True
419000120,2025-03-13T20:18:00,20.36013,71.14701,19.5,96.5,95,SYN-FERRY-GOLF,IMO9000006,60,0,129,56,True
419000120,2025-03-13T20:21:00,20.35803,71.164,19.8,95.1,95,SYN-FERRY-GOLF,IMO9000006,60,0,294,21,True
419000120,2025-03-13T20:24:00,20.35744,71.18225,19.9,97.0,95,SYN-FERRY-GOLF,IMO9000006,60,0,288,29,True
419000120,2025-03-13T20:27:00,20.35596,71.19944,19.8,94.6,95,SYN-FERRY-GOLF,IMO9000006,60,0,150,40,True
419000120,2025-03-13T20:30:00,20.35417,71.217,20.0,95.1,95,SYN-FERRY-GOLF,IMO9000006,60,0,150,21,True
419000120,2025-03-13T20:33:00,20.35287,71.23541,19.8,94.9,95,SYN-FERRY-GOLF,IMO9000006,60,0,272,16,True
419000120,2025-03-13T20:36:00,20.35155,71.2523,20.1,94.9,95,SYN-FERRY-GOLF,IMO9000006,60,0,249,49,True
419000120,2025-03-13T20:39:00,20.34971,71.27017,19.9,95.7,95,SYN-FERRY-GOLF,IMO9000006,60,0,135,14,True
419000120,2025-03-13T20:42:00,20.34852,71.28752,20.0,96.6,95,SYN-FERRY-GOLF,IMO9000006,60,0,232,35,True
419000120,2025-03-13T20:45:00,20.34722,71.30526,20.0,91.9,95,SYN-FERRY-GOLF,IMO9000006,60,0,146,44,True
419000120,2025-03-13T20:48:00,20.34622,71.32338,20.1,94.7,95,SYN-FERRY-GOLF,IMO9000006,60,0,188,24,True
419000120,2025-03-13T20:51:00,20.34418,71.34137,19.9,91.7,95,SYN-FERRY-GOLF,IMO9000006,60,0,140,47,True
419000120,2025-03-13T20:54:00,20.34296,71.35821,20.0,93.7,95,SYN-FERRY-GOLF,IMO9000006,60,0,251,43,True
419000120,2025-03-13T20:57:00,20.34157,71.37661,20.2,94.0,95,SYN-FERRY-GOLF,IMO9000006,60,0,228,28,True
419000120,2025-03-13T21:00:00,20.34032,71.39369,20.1,98.0,95,SYN-FERRY-GOLF,IMO9000006,60,0,170,44,True
419000120,2025-03-13T21:03:00,20.33862,71.41089,20.1,97.8,95,SYN-FERRY-GOLF,IMO9000006,60,0,151,36,True
419000120,2025-03-13T21:06:00,20.33686,71.42896,20.1,95.2,95,SYN-FERRY-GOLF,IMO9000006,60,0,130,48,True
419000120,2025-03-13T21:09:00,20.33546,71.44783,20.2,93.3,95,SYN-FERRY-GOLF,IMO9000006,60,0,108,27,True
419000120,2025-03-13T21:12:00,20.33331,71.46451,20.1,97.1,95,SYN-FERRY-GOLF,IMO9000006,60,0,186,37,True
419000120,2025-03-13T21:15:00,20.33286,71.48192,19.8,91.6,95,SYN-FERRY-GOLF,IMO9000006,60,0,185,14,True
419000120,2025-03-13T21:18:00,20.33091,71.50026,20.2,96.2,95,SYN-FERRY-GOLF,IMO9000006,60,0,131,54,True
419000120,2025-03-13T21:21:00,20.33043,71.51702,19.9,95.1,95,SYN-FERRY-GOLF,IMO9000006,60,0,182,15,True
419000120,2025-03-13T21:24:00,20.32786,71.53493,20.1,95.9,95,SYN-FERRY-GOLF,IMO9000006,60,0,321,31,True
419000120,2025-03-13T21:27:00,20.32653,71.55317,19.7,95.4,95,SYN-FERRY-GOLF,IMO9000006,60,0,294,59,True
419000120,2025-03-13T21:30:00,20.32593,71.5702,19.8,93.9,95,SYN-FERRY-GOLF,IMO9000006,60,0,289,33,True
419000120,2025-03-13T21:33:00,20.32454,71.58762,19.8,93.5,95,SYN-FERRY-GOLF,IMO9000006,60,0,214,42,True
419000120,2025-03-13T21:36:00,20.3226,71.60662,19.6,94.6,95,SYN-FERRY-GOLF,IMO9000006,60,0,128,52,True
419000120,2025-03-13T21:39:00,20.32125,71.62362,19.8,96.9,95,SYN-FERRY-GOLF,IMO9000006,60,0,244,48,True
419000120,2025-03-13T21:42:00,20.31928,71.641,20.3,97.0,95,SYN-FERRY-GOLF,IMO9000006,60,0,105,20,True
419000120,2025-03-13T21:45:00,20.31794,71.65918,20.3,92.7,95,SYN-FERRY-GOLF,IMO9000006,60,0,234,46,True
419000120,2025-03-13T21:48:00,20.3165,71.6769,20.0,95.6,95,SYN-FERRY-GOLF,IMO9000006,60,0,278,50,True
419000120,2025-03-13T21:51:00,20.31517,71.69453,19.8,96.7,95,SYN-FERRY-GOLF,IMO9000006,60,0,219,45,True
419000120,2025-03-13T21:54:00,20.31384,71.71167,19.8,90.5,95,SYN-FERRY-GOLF,IMO9000006,60,0,284,43,True
419000120,2025-03-13T21:57:00,20.31247,71.72946,20.0,95.8,95,SYN-FERRY-GOLF,IMO9000006,60,0,206,46,True
419000120,2025-03-13T22:00:00,20.31092,71.7473,19.7,91.8,95,SYN-FERRY-GOLF,IMO9000006,60,0,124,53,True
419000120,2025-03-13T22:03:00,20.30915,71.76437,20.2,97.3,95,SYN-FERRY-GOLF,IMO9000006,60,0,320,15,True
419000120,2025-03-13T22:06:00,20.30764,71.78311,20.0,95.8,95,SYN-FERRY-GOLF,IMO9000006,60,0,113,36,True
419000120,2025-03-13T22:09:00,20.30686,71.7998,20.2,96.8,95,SYN-FERRY-GOLF,IMO9000006,60,0,155,19,True
419000120,2025-03-13T22:12:00,20.30456,71.81904,20.1,95.6,95,SYN-FERRY-GOLF,IMO9000006,60,0,286,21,True
419000120,2025-03-13T22:15:00,20.30363,71.83556,20.3,93.4,95,SYN-FERRY-GOLF,IMO9000006,60,0,149,19,True
419000120,2025-03-13T22:18:00,20.30216,71.85345,20.2,94.9,95,SYN-FERRY-GOLF,IMO9000006,60,0,296,49,True
419000120,2025-03-13T22:21:00,20.30124,71.87131,19.9,94.2,95,SYN-FERRY-GOLF,IMO9000006,60,0,270,36,True
419000120,2025-03-13T22:24:00,20.29955,71.8893,20.3,93.3,95,SYN-FERRY-GOLF,IMO9000006,60,0,96,49,True
419000120,2025-03-13T22:27:00,20.29701,71.90646,19.8,94.5,95,SYN-FERRY-GOLF,IMO9000006,60,0,181,53,True
419000120,2025-03-13T22:30:00,20.29612,71.92465,20.0,92.9,95,SYN-FERRY-GOLF,IMO9000006,60,0,157,50,True
419000120,2025-03-13T22:33:00,20.29426,71.94228,20.3,95.2,95,SYN-FERRY-GOLF,IMO9000006,60,0,261,35,True
419000120,2025-03-13T22:36:00,20.29365,71.95932,19.9,94.8,95,SYN-FERRY-GOLF,IMO9000006,60,0,134,43,True
419000120,2025-03-13T22:39:00,20.29226,71.97702,20.3,95.3,95,SYN-FERRY-GOLF,IMO9000006,60,0,146,29,True
419000120,2025-03-13T22:42:00,20.28981,71.99444,19.9,95.8,95,SYN-FERRY-GOLF,IMO9000006,60,0,125,58,True
419000120,2025-03-13T22:45:00,20.28883,72.01262,20.0,95.9,95,SYN-FERRY-GOLF,IMO9000006,60,0,221,20,True
419000120,2025-03-13T22:48:00,20.28765,72.03006,20.2,92.8,95,SYN-FERRY-GOLF,IMO9000006,60,0,198,32,True
419000120,2025-03-13T22:51:00,20.28597,72.04841,19.9,97.7,95,SYN-FERRY-GOLF,IMO9000006,60,0,199,24,True
419000120,2025-03-13T22:54:00,20.2846,72.06548,19.9,91.8,95,SYN-FERRY-GOLF,IMO9000006,60,0,299,58,True
419000120,2025-03-13T22:57:00,20.28345,72.08285,20.1,94.2,95,SYN-FERRY-GOLF,IMO9000006,60,0,283,28,True
419000120,2025-03-13T23:00:00,20.28153,72.10051,19.9,95.0,95,SYN-FERRY-GOLF,IMO9000006,60,0,128,22,True
419000120,2025-03-13T23:03:00,20.28034,72.1184,20.3,93.0,95,SYN-FERRY-GOLF,IMO9000006,60,0,81,38,True
419000120,2025-03-13T23:06:00,20.27898,72.13692,20.0,96.7,95,SYN-FERRY-GOLF,IMO9000006,60,0,267,46,True
419000120,2025-03-13T23:09:00,20.2778,72.15397,20.1,95.5,95,SYN-FERRY-GOLF,IMO9000006,60,0,249,16,True
419000120,2025-03-13T23:12:00,20.27607,72.17181,20.0,93.4,95,SYN-FERRY-GOLF,IMO9000006,60,0,121,19,True
419000120,2025-03-13T23:15:00,20.2742,72.18957,19.9,95.2,95,SYN-FERRY-GOLF,IMO9000006,60,0,247,53,True
419000120,2025-03-13T23:18:00,20.27318,72.20726,20.3,95.5,95,SYN-FERRY-GOLF,IMO9000006,60,0,326,48,True
419000120,2025-03-13T23:21:00,20.27186,72.22437,19.9,93.1,95,SYN-FERRY-GOLF,IMO9000006,60,0,168,39,True
419000120,2025-03-13T23:24:00,20.27043,72.24188,20.0,94.3,95,SYN-FERRY-GOLF,IMO9000006,60,0,182,20,True
419000120,2025-03-13T23:27:00,20.26895,72.25981,20.0,93.3,95,SYN-FERRY-GOLF,IMO9000006,60,0,249,52,True
419000120,2025-03-13T23:30:00,20.26759,72.27693,20.0,96.0,95,SYN-FERRY-GOLF,IMO9000006,60,0,184,29,True
419000120,2025-03-13T23:33:00,20.26622,72.2956,19.8,97.0,95,SYN-FERRY-GOLF,IMO9000006,60,0,143,27,True
419000120,2025-03-13T23:36:00,20.26486,72.31346,20.0,96.1,95,SYN-FERRY-GOLF,IMO9000006,60,0,304,36,True
419000120,2025-03-13T23:39:00,20.26266,72.3307,19.9,95.3,95,SYN-FERRY-GOLF,IMO9000006,60,0,198,50,True
419000120,2025-03-13T23:42:00,20.26089,72.34782,20.2,92.3,95,SYN-FERRY-GOLF,IMO9000006,60,0,280,15,True
419000120,2025-03-13T23:45:00,20.26038,72.36576,19.7,96.4,95,SYN-FERRY-GOLF,IMO9000006,60,0,138,41,True
419000120,2025-03-13T23:48:00,20.25948,72.38316,20.0,93.3,95,SYN-FERRY-GOLF,IMO9000006,60,0,93,20,True
419000120,2025-03-13T23:51:00,20.25782,72.40111,20.1,94.6,95,SYN-FERRY-GOLF,IMO9000006,60,0,173,27,True
419000120,2025-03-13T23:54:00,20.25559,72.41885,19.9,96.9,95,SYN-FERRY-GOLF,IMO9000006,60,0,266,29,True
419000120,2025-03-13T23:57:00,20.25423,72.4371,20.0,98.5,95,SYN-FERRY-GOLF,IMO9000006,60,0,324,55,True
419000120,2025-03-14T00:00:00,20.25231,72.45447,20.2,93.4,95,SYN-FERRY-GOLF,IMO9000006,60,0,254,39,True
419000120,2025-03-14T00:03:00,20.25129,72.47157,20.1,96.6,95,SYN-FERRY-GOLF,IMO9000006,60,0,101,14,True
419000120,2025-03-14T00:06:00,20.25033,72.48881,20.3,93.7,95,SYN-FERRY-GOLF,IMO9000006,60,0,284,39,True
419000120,2025-03-14T00:09:00,20.24831,72.50668,19.7,95.9,95,SYN-FERRY-GOLF,IMO9000006,60,0,159,35,True
419000120,2025-03-14T00:12:00,20.24668,72.52418,20.3,93.8,95,SYN-FERRY-GOLF,IMO9000006,60,0,304,48,True
419000120,2025-03-14T00:15:00,20.24505,72.54231,20.1,96.8,95,SYN-FERRY-GOLF,IMO9000006,60,0,291,43,True
419000120,2025-03-14T00:18:00,20.24375,72.56065,20.0,94.4,95,SYN-FERRY-GOLF,IMO9000006,60,0,124,55,True
419000120,2025-03-14T00:21:00,20.24207,72.57815,20.0,94.4,95,SYN-FERRY-GOLF,IMO9000006,60,0,150,41,True
419000120,2025-03-14T00:24:00,20.24113,72.59482,19.7,95.0,95,SYN-FERRY-GOLF,IMO9000006,60,0,236,51,True
419000120,2025-03-14T00:27:00,20.2389,72.61319,20.1,93.5,95,SYN-FERRY-GOLF,IMO9000006,60,0,221,16,True
419000120,2025-03-14T00:30:00,20.23786,72.63121,20.0,98.2,95,SYN-FERRY-GOLF,IMO9000006,60,0,166,48,True
419000120,2025-03-14T00:33:00,20.23644,72.64821,19.8,94.5,95,SYN-FERRY-GOLF,IMO9000006,60,0,180,46,True
419000120,2025-03-14T00:36:00,20.23501,72.66648,19.8,95.2,95,SYN-FERRY-GOLF,IMO9000006,60,0,96,40,True
419000120,2025-03-14T00:39:00,20.23369,72.68388,20.1,95.2,95,SYN-FERRY-GOLF,IMO9000006,60,0,81,19,True
419000120,2025-03-14T00:42:00,20.23221,72.70169,19.9,94.0,95,SYN-FERRY-GOLF,IMO9000006,60,0,176,31,True
419000120,2025-03-14T00:45:00,20.2303,72.71966,20.0,95.3,95,SYN-FERRY-GOLF,IMO9000006,60,0,91,52,True
419000120,2025-03-14T00:48:00,20.22927,72.73653,20.1,95.3,95,SYN-FERRY-GOLF,IMO9000006,60,0,294,30,True
419000120,2025-03-14T00:51:00,20.22788,72.754,19.9,94.3,95,SYN-FERRY-GOLF,IMO9000006,60,0,182,17,True
419000120,2025-03-14T00:54:00,20.22686,72.77275,19.7,94.8,95,SYN-FERRY-GOLF,IMO9000006,60,0,251,23,True
419000120,2025-03-14T00:57:00,20.22586,72.78907,20.0,94.7,95,SYN-FERRY-GOLF,IMO9000006,60,0,280,32,True
419000120,2025-03-14T01:00:00,20.22339,72.80775,20.0,98.5,95,SYN-FERRY-GOLF,IMO9000006,60,0,108,33,True
419000120,2025-03-14T01:03:00,20.22285,72.82468,20.2,92.7,95,SYN-FERRY-GOLF,IMO9000006,60,0,216,29,True
419000120,2025-03-14T01:06:00,20.22046,72.84327,20.0,96.4,95,SYN-FERRY-GOLF,IMO9000006,60,0,228,39,True
419000120,2025-03-14T01:09:00,20.21974,72.85961,20.2,93.6,95,SYN-FERRY-GOLF,IMO9000006,60,0,165,21,True
419000120,2025-03-14T01:12:00,20.21821,72.87808,19.9,95.6,95,SYN-FERRY-GOLF,IMO9000006,60,0,317,30,True
419000106,2025-03-13T20:15:00,19.00905,70.56927,11.1,355.1,355,SYN-TANKER-FOXTROT,IMO9000007,81,0,114,39,True
419000106,2025-03-13T20:18:00,19.01805,70.56911,11.1,352.5,355,SYN-TANKER-FOXTROT,IMO9000007,81,0,156,20,True
419000106,2025-03-13T20:21:00,19.02792,70.56738,10.8,355.5,355,SYN-TANKER-FOXTROT,IMO9000007,81,0,193,43,True
419000106,2025-03-13T20:24:00,19.03597,70.56646,11.0,354.6,355,SYN-TANKER-FOXTROT,IMO9000007,81,0,259,33,True
419000106,2025-03-13T20:27:00,19.04422,70.56641,10.8,358.6,355,SYN-TANKER-FOXTROT,IMO9000007,81,0,134,37,True
419000106,2025-03-13T20:30:00,19.05469,70.56469,10.8,356.0,355,SYN-TANKER-FOXTROT,IMO9000007,81,0,275,27,True
419000106,2025-03-13T20:33:00,19.06411,70.56441,10.9,356.2,355,SYN-TANKER-FOXTROT,IMO9000007,81,0,270,49,True
419000106,2025-03-13T20:36:00,19.07357,70.56313,11.0,356.4,355,SYN-TANKER-FOXTROT,IMO9000007,81,0,115,40,True
419000106,2025-03-13T20:39:00,19.08236,70.56216,11.0,355.8,355,SYN-TANKER-FOXTROT,IMO9000007,81,0,133,48,True
419000106,2025-03-13T20:42:00,19.09127,70.56115,10.6,356.7,355,SYN-TANKER-FOXTROT,IMO9000007,81,0,136,54,True
419000106,2025-03-13T20:45:00,19.10038,70.5609,10.9,356.0,355,SYN-TANKER-FOXTROT,IMO9000007,81,0,132,55,True
419000106,2025-03-13T20:48:00,19.10883,70.55996,10.9,353.6,355,SYN-TANKER-FOXTROT,IMO9000007,81,0,93,44,True
419000106,2025-03-13T20:51:00,19.11879,70.55867,10.9,356.3,355,SYN-TANKER-FOXTROT,IMO9000007,81,0,272,37,True
419000106,2025-03-13T20:54:00,19.12764,70.55835,11.2,354.1,355,SYN-TANKER-FOXTROT,IMO9000007,81,0,118,38,True
419000106,2025-03-13T20:57:00,19.13682,70.55772,11.2,354.4,355,SYN-TANKER-FOXTROT,IMO9000007,81,0,140,22,True
419000106,2025-03-13T21:00:00,19.14585,70.55681,11.2,355.0,355,SYN-TANKER-FOXTROT,IMO9000007,81,0,308,51,True
419000106,2025-03-13T21:03:00,19.15489,70.55565,11.5,355.0,355,SYN-TANKER-FOXTROT,IMO9000007,81,0,316,14,True
419000106,2025-03-13T21:06:00,19.16429,70.55446,11.0,355.4,355,SYN-TANKER-FOXTROT,IMO9000007,81,0,208,48,True
419000106,2025-03-13T21:09:00,19.1732,70.55411,10.7,352.9,355,SYN-TANKER-FOXTROT,IMO9000007,81,0,205,29,True
419000106,2025-03-13T21:12:00,19.18269,70.5525,10.8,356.3,355,SYN-TANKER-FOXTROT,IMO9000007,81,0,214,15,True
419000106,2025-03-13T21:15:00,19.19118,70.55291,11.1,353.6,355,SYN-TANKER-FOXTROT,IMO9000007,81,0,115,30,True
419000106,2025-03-13T21:18:00,19.20066,70.55095,10.7,354.7,355,SYN-TANKER-FOXTROT,IMO9000007,81,0,155,40,True
419000106,2025-03-13T21:21:00,19.2099,70.55094,10.7,353.5,355,SYN-TANKER-FOXTROT,IMO9000007,81,0,222,39,True
419000106,2025-03-13T21:24:00,19.21908,70.54911,11.3,354.4,355,SYN-TANKER-FOXTROT,IMO9000007,81,0,314,48,True
419000106,2025-03-13T21:27:00,19.22785,70.54888,11.1,354.9,355,SYN-TANKER-FOXTROT,IMO9000007,81,0,247,48,True
419000106,2025-03-13T21:30:00,19.23628,70.5476,10.9,353.5,355,SYN-TANKER-FOXTROT,IMO9000007,81,0,259,19,True
419000106,2025-03-13T21:33:00,19.24561,70.54719,11.0,353.2,355,SYN-TANKER-FOXTROT,IMO9000007,81,0,277,25,True
419000106,2025-03-13T21:36:00,19.25501,70.54657,10.9,353.8,355,SYN-TANKER-FOXTROT,IMO9000007,81,0,89,50,True
419000106,2025-03-13T21:39:00,19.26462,70.54531,11.1,354.9,355,SYN-TANKER-FOXTROT,IMO9000007,81,0,201,38,True
419000106,2025-03-13T21:42:00,19.27348,70.54468,10.9,355.2,355,SYN-TANKER-FOXTROT,IMO9000007,81,0,281,54,True
419000106,2025-03-13T21:45:00,19.28212,70.54423,11.0,355.7,355,SYN-TANKER-FOXTROT,IMO9000007,81,0,255,48,True
419000106,2025-03-13T21:48:00,19.29176,70.54311,11.2,356.6,355,SYN-TANKER-FOXTROT,IMO9000007,81,0,328,29,True
419000106,2025-03-13T21:51:00,19.30108,70.54283,10.9,355.6,355,SYN-TANKER-FOXTROT,IMO9000007,81,0,298,53,True
419000106,2025-03-13T22:12:00,19.36488,70.53571,11.3,354.8,355,SYN-TANKER-FOXTROT,IMO9000007,81,0,168,14,True
419000106,2025-03-13T22:15:00,19.37389,70.53524,10.9,356.1,355,SYN-TANKER-FOXTROT,IMO9000007,81,0,239,31,True
419000106,2025-03-13T22:18:00,19.38309,70.53438,10.9,354.4,355,SYN-TANKER-FOXTROT,IMO9000007,81,0,308,55,True
419000106,2025-03-13T22:21:00,19.39228,70.53433,10.8,354.0,355,SYN-TANKER-FOXTROT,IMO9000007,81,0,161,57,True
419000106,2025-03-13T22:24:00,19.40144,70.53309,11.1,355.6,355,SYN-TANKER-FOXTROT,IMO9000007,81,0,105,16,True
419000106,2025-03-13T22:27:00,19.40988,70.5322,11.1,354.0,355,SYN-TANKER-FOXTROT,IMO9000007,81,0,308,29,True
419000106,2025-03-13T22:30:00,19.41911,70.53122,11.1,356.2,355,SYN-TANKER-FOXTROT,IMO9000007,81,0,173,36,True
419000106,2025-03-13T22:33:00,19.42835,70.53047,11.2,354.1,355,SYN-TANKER-FOXTROT,IMO9000007,81,0,205,23,True
419000106,2025-03-13T22:36:00,19.43799,70.52999,11.3,355.3,355,SYN-TANKER-FOXTROT,IMO9000007,81,0,105,28,True
419000106,2025-03-13T22:39:00,19.44581,70.52883,10.8,354.7,355,SYN-TANKER-FOXTROT,IMO9000007,81,0,268,39,True
419000106,2025-03-13T22:42:00,19.45551,70.52813,10.8,353.0,355,SYN-TANKER-FOXTROT,IMO9000007,81,0,118,52,True
419000106,2025-03-13T22:45:00,19.46541,70.52797,11.2,354.8,355,SYN-TANKER-FOXTROT,IMO9000007,81,0,184,51,True
419000106,2025-03-13T22:48:00,19.4741,70.5263,10.8,356.3,355,SYN-TANKER-FOXTROT,IMO9000007,81,0,229,31,True
419000106,2025-03-13T22:51:00,19.48273,70.52457,11.1,352.8,355,SYN-TANKER-FOXTROT,IMO9000007,81,0,98,53,True
419000106,2025-03-13T22:54:00,19.49187,70.52435,10.8,354.5,355,SYN-TANKER-FOXTROT,IMO9000007,81,0,94,52,True
419000106,2025-03-13T22:57:00,19.50121,70.52314,10.8,354.7,355,SYN-TANKER-FOXTROT,IMO9000007,81,0,182,58,True
419000106,2025-03-13T23:00:00,19.5104,70.52314,10.8,353.7,355,SYN-TANKER-FOXTROT,IMO9000007,81,0,133,44,True
419000106,2025-03-13T23:03:00,19.51897,70.52176,11.2,355.5,355,SYN-TANKER-FOXTROT,IMO9000007,81,0,217,59,True
419000106,2025-03-13T23:06:00,19.52801,70.52138,11.0,355.5,355,SYN-TANKER-FOXTROT,IMO9000007,81,0,186,50,True
419000106,2025-03-13T23:09:00,19.53768,70.5205,11.1,358.9,355,SYN-TANKER-FOXTROT,IMO9000007,81,0,169,21,True
419000106,2025-03-13T23:12:00,19.54682,70.51887,11.3,357.0,355,SYN-TANKER-FOXTROT,IMO9000007,81,0,271,16,True
419000106,2025-03-13T23:15:00,19.55613,70.51837,11.1,353.5,355,SYN-TANKER-FOXTROT,IMO9000007,81,0,272,25,True
419000106,2025-03-13T23:18:00,19.56537,70.51778,10.9,353.5,355,SYN-TANKER-FOXTROT,IMO9000007,81,0,270,34,True
419000106,2025-03-13T23:21:00,19.57461,70.51712,10.7,354.2,355,SYN-TANKER-FOXTROT,IMO9000007,81,0,299,44,True
419000106,2025-03-13T23:24:00,19.58283,70.5161,10.9,355.4,355,SYN-TANKER-FOXTROT,IMO9000007,81,0,298,50,True
419000106,2025-03-13T23:27:00,19.59223,70.51564,10.9,355.0,355,SYN-TANKER-FOXTROT,IMO9000007,81,0,94,15,True
419000106,2025-03-13T23:30:00,19.60183,70.51478,11.4,356.2,355,SYN-TANKER-FOXTROT,IMO9000007,81,0,295,30,True
419000106,2025-03-13T23:33:00,19.61029,70.51294,10.9,354.0,355,SYN-TANKER-FOXTROT,IMO9000007,81,0,116,14,True
419000106,2025-03-13T23:36:00,19.62012,70.51227,11.2,355.0,355,SYN-TANKER-FOXTROT,IMO9000007,81,0,329,22,True
419000106,2025-03-13T23:39:00,19.6288,70.51175,10.9,356.8,355,SYN-TANKER-FOXTROT,IMO9000007,81,0,154,38,True
419000106,2025-03-13T23:42:00,19.63816,70.51017,11.0,354.3,355,SYN-TANKER-FOXTROT,IMO9000007,81,0,95,25,True
419000106,2025-03-13T23:45:00,19.64762,70.5096,11.0,355.0,355,SYN-TANKER-FOXTROT,IMO9000007,81,0,233,55,True
419000106,2025-03-13T23:48:00,19.6557,70.50923,11.1,353.9,355,SYN-TANKER-FOXTROT,IMO9000007,81,0,151,59,True
419000106,2025-03-13T23:51:00,19.66544,70.50867,11.1,355.0,355,SYN-TANKER-FOXTROT,IMO9000007,81,0,80,37,True
419000106,2025-03-13T23:54:00,19.67426,70.50701,11.3,355.7,355,SYN-TANKER-FOXTROT,IMO9000007,81,0,111,17,True
419000106,2025-03-13T23:57:00,19.68391,70.50648,10.9,356.5,355,SYN-TANKER-FOXTROT,IMO9000007,81,0,272,50,True
419000106,2025-03-14T00:00:00,19.69314,70.50539,11.2,355.7,355,SYN-TANKER-FOXTROT,IMO9000007,81,0,115,54,True
419000106,2025-03-14T00:03:00,19.70145,70.50457,10.9,356.5,355,SYN-TANKER-FOXTROT,IMO9000007,81,0,274,42,True
419000106,2025-03-14T00:06:00,19.71091,70.50374,10.8,354.2,355,SYN-TANKER-FOXTROT,IMO9000007,81,0,105,29,True
419000106,2025-03-14T00:09:00,19.72029,70.50346,10.9,353.8,355,SYN-TANKER-FOXTROT,IMO9000007,81,0,173,34,True
419000106,2025-03-14T00:12:00,19.72896,70.50264,11.0,353.6,355,SYN-TANKER-FOXTROT,IMO9000007,81,0,224,33,True
419000106,2025-03-14T00:15:00,19.73833,70.50171,11.4,355.2,355,SYN-TANKER-FOXTROT,IMO9000007,81,0,136,17,True
419000106,2025-03-14T00:18:00,19.74703,70.50088,11.1,353.4,355,SYN-TANKER-FOXTROT,IMO9000007,81,0,158,22,True
419000106,2025-03-14T00:21:00,19.75636,70.49966,11.2,354.1,355,SYN-TANKER-FOXTROT,IMO9000007,81,0,214,35,True
419000106,2025-03-14T00:24:00,19.76554,70.49943,10.8,353.6,355,SYN-TANKER-FOXTROT,IMO9000007,81,0,303,30,True
419000106,2025-03-14T00:27:00,19.77462,70.49858,11.0,354.1,355,SYN-TANKER-FOXTROT,IMO9000007,81,0,276,51,True
419000106,2025-03-14T00:30:00,19.78312,70.49769,11.1,354.5,355,SYN-TANKER-FOXTROT,IMO9000007,81,0,236,47,True
419000106,2025-03-14T00:33:00,19.79341,70.49647,11.2,354.4,355,SYN-TANKER-FOXTROT,IMO9000007,81,0,151,41,True
419000106,2025-03-14T00:36:00,19.80245,70.49619,11.3,354.8,355,SYN-TANKER-FOXTROT,IMO9000007,81,0,251,39,True
419000106,2025-03-14T00:39:00,19.81194,70.4944,11.2,354.7,355,SYN-TANKER-FOXTROT,IMO9000007,81,0,220,58,True
419000106,2025-03-14T00:42:00,19.82032,70.49369,11.0,354.3,355,SYN-TANKER-FOXTROT,IMO9000007,81,0,286,24,True
419000106,2025-03-14T00:45:00,19.82941,70.49312,10.9,355.9,355,SYN-TANKER-FOXTROT,IMO9000007,81,0,223,30,True
419000106,2025-03-14T00:48:00,19.83895,70.49243,11.0,354.0,355,SYN-TANKER-FOXTROT,IMO9000007,81,0,96,44,True
419000106,2025-03-14T00:51:00,19.84777,70.49207,10.6,355.3,355,SYN-TANKER-FOXTROT,IMO9000007,81,0,109,56,True
419000106,2025-03-14T00:54:00,19.85615,70.49064,10.8,356.7,355,SYN-TANKER-FOXTROT,IMO9000007,81,0,289,18,True
419000106,2025-03-14T00:57:00,19.86665,70.48911,11.2,354.4,355,SYN-TANKER-FOXTROT,IMO9000007,81,0,173,16,True
419000106,2025-03-14T01:00:00,19.87484,70.48939,10.8,353.8,355,SYN-TANKER-FOXTROT,IMO9000007,81,0,175,27,True
419000106,2025-03-14T01:03:00,19.8839,70.48754,11.0,355.5,355,SYN-TANKER-FOXTROT,IMO9000007,81,0,91,15,True
419000106,2025-03-14T01:06:00,19.8937,70.48766,10.6,354.8,355,SYN-TANKER-FOXTROT,IMO9000007,81,0,103,38,True
419000106,2025-03-14T01:09:00,19.90247,70.48588,11.2,356.1,355,SYN-TANKER-FOXTROT,IMO9000007,81,0,122,18,True
419000106,2025-03-14T01:12:00,19.91206,70.48532,10.9,354.6,355,SYN-TANKER-FOXTROT,IMO9000007,81,0,223,30,True
419000106,2025-03-14T01:15:00,19.92109,70.48521,11.0,356.1,355,SYN-TANKER-FOXTROT,IMO9000007,81,0,245,30,True
419000106,2025-03-14T01:18:00,19.93004,70.4839,11.3,350.7,355,SYN-TANKER-FOXTROT,IMO9000007,81,0,185,46,True
419000106,2025-03-14T01:21:00,19.93879,70.4819,10.6,356.6,355,SYN-TANKER-FOXTROT,IMO9000007,81,0,316,55,True
419000106,2025-03-14T01:24:00,19.94822,70.48223,10.7,354.2,355,SYN-TANKER-FOXTROT,IMO9000007,81,0,143,42,True
419000106,2025-03-14T01:27:00,19.95704,70.48177,10.7,355.6,355,SYN-TANKER-FOXTROT,IMO9000007,81,0,165,23,True
419000106,2025-03-14T01:30:00,19.96635,70.48087,11.4,355.3,355,SYN-TANKER-FOXTROT,IMO9000007,81,0,220,39,True
419000106,2025-03-14T01:33:00,19.9751,70.47909,10.9,355.1,355,SYN-TANKER-FOXTROT,IMO9000007,81,0,201,57,True
419000106,2025-03-14T01:36:00,19.98436,70.4783,11.0,358.3,355,SYN-TANKER-FOXTROT,IMO9000007,81,0,328,59,True
419000106,2025-03-14T01:39:00,19.99344,70.47819,10.8,357.0,355,SYN-TANKER-FOXTROT,IMO9000007,81,0,155,57,True
419000106,2025-03-14T01:42:00,20.00263,70.47704,11.0,355.3,355,SYN-TANKER-FOXTROT,IMO9000007,81,0,122,48,True
419000106,2025-03-14T01:45:00,20.01183,70.47549,11.1,355.0,355,SYN-TANKER-FOXTROT,IMO9000007,81,0,250,31,True
419000106,2025-03-14T01:48:00,20.02092,70.47551,10.8,355.8,355,SYN-TANKER-FOXTROT,IMO9000007,81,0,140,37,True
419000106,2025-03-14T01:51:00,20.02969,70.47463,11.2,354.6,355,SYN-TANKER-FOXTROT,IMO9000007,81,0,217,33,True
419000106,2025-03-14T01:54:00,20.03901,70.47392,11.0,357.2,355,SYN-TANKER-FOXTROT,IMO9000007,81,0,252,18,True
419000106,2025-03-14T01:57:00,20.04765,70.47204,11.0,354.8,355,SYN-TANKER-FOXTROT,IMO9000007,81,0,172,18,True
419000106,2025-03-14T02:00:00,20.05693,70.47157,11.2,354.3,355,SYN-TANKER-FOXTROT,IMO9000007,81,0,121,31,True
419000106,2025-03-14T02:03:00,20.06649,70.47085,11.0,354.9,355,SYN-TANKER-FOXTROT,IMO9000007,81,0,228,16,True
419000106,2025-03-14T02:06:00,20.07531,70.47052,11.1,355.0,355,SYN-TANKER-FOXTROT,IMO9000007,81,0,163,54,True
419000106,2025-03-14T02:09:00,20.08429,70.46938,10.7,355.0,355,SYN-TANKER-FOXTROT,IMO9000007,81,0,241,58,True
419000106,2025-03-14T02:12:00,20.09394,70.46835,10.7,355.3,355,SYN-TANKER-FOXTROT,IMO9000007,81,0,314,53,True
0,2025-03-14T00:00:00,91.0,181.0,102.3,360.0,511,BAD,,0,15,0,0,True
419000101,2025-03-13T17:30:00,18.71061,70.8648,12.0,333.8,335,SYN-TANKER-ALPHA,IMO9000001,80,0,299,23,True
