MMSI,BaseDateTime,LAT,LON,SOG,COG,Heading,VesselName,IMO,VesselType,Status,Length,Width,synthetic
419000101,2025-03-13T17:15:00,18.66566,70.88684,11.8,333.5,335,SYN-TANKER-ALPHA,IMO9000001,80,0,292,51,True
419000101,2025-03-13T17:18:00,18.67415,70.88241,11.9,334.4,335,SYN-TANKER-ALPHA,IMO9000001,80,0,168,53,True
419000101,2025-03-13T17:21:00,18.68336,70.87797,12.2,337.2,335,SYN-TANKER-ALPHA,IMO9000001,80,0,225,52,True
419000101,2025-03-13T17:24:00,18.69263,70.87377,12.1,334.9,335,SYN-TANKER-ALPHA,IMO9000001,80,0,262,44,True
419000101,2025-03-13T17:27:00,18.70144,70.86965,12.1,335.5,335,SYN-TANKER-ALPHA,IMO9000001,80,0,162,24,True
419000101,2025-03-13T17:30:00,18.71056,70.86556,12.2,336.4,335,SYN-TANKER-ALPHA,IMO9000001,80,0,322,52,True
419000101,2025-03-13T17:33:00,18.71972,70.86011,12.3,336.1,335,SYN-TANKER-ALPHA,IMO9000001,80,0,152,54,True
419000101,2025-03-13T17:36:00,18.72909,70.85525,11.6,336.1,335,SYN-TANKER-ALPHA,IMO9000001,80,0,268,53,True
419000101,2025-03-13T17:39:00,18.73798,70.85134,12.3,333.1,335,SYN-TANKER-ALPHA,IMO9000001,80,0,266,48,True
419000101,2025-03-13T17:42:00,18.74702,70.8473,12.0,335.9,335,SYN-TANKER-ALPHA,IMO9000001,80,0,86,37,True
419000101,2025-03-13T17:45:00,18.75548,70.84194,11.6,337.8,335,SYN-TANKER-ALPHA,IMO9000001,80,0,316,25,True
419000101,2025-03-13T17:48:00,18.76502,70.83825,11.9,333.6,335,SYN-TANKER-ALPHA,IMO9000001,80,0,171,21,True
419000101,2025-03-13T17:51:00,18.77381,70.83324,11.9,333.8,335,SYN-TANKER-ALPHA,IMO9000001,80,0,115,18,True
419000101,2025-03-13T17:54:00,18.78193,70.82886,11.9,334.7,335,SYN-TANKER-ALPHA,IMO9000001,80,0,155,15,True
419000101,2025-03-13T17:57:00,18.7913,70.82443,11.8,334.4,335,SYN-TANKER-ALPHA,IMO9000001,80,0,273,23,True
419000101,2025-03-13T18:00:00,18.80053,70.81959,11.8,335.6,335,SYN-TANKER-ALPHA,IMO9000001,80,0,233,43,True
419000101,2025-03-13T18:03:00,18.81067,70.81571,11.7,337.7,335,SYN-TANKER-ALPHA,IMO9000001,80,0,113,43,True
419000101,2025-03-13T18:06:00,18.81996,70.81114,12.1,335.6,335,SYN-TANKER-ALPHA,IMO9000001,80,0,288,50,True
419000101,2025-03-13T18:09:00,18.82831,70.80673,12.0,337.0,335,SYN-TANKER-ALPHA,IMO9000001,80,0,315,14,True
419000101,2025-03-13T18:12:00,18.83739,70.80241,12.1,336.8,335,SYN-TANKER-ALPHA,IMO9000001,80,0,125,40,True
419000101,2025-03-13T18:15:00,18.84622,70.79755,12.3,335.6,335,SYN-TANKER-ALPHA,IMO9000001,80,0,179,42,True
419000101,2025-03-13T18:18:00,18.85523,70.79304,12.0,336.7,335,SYN-TANKER-ALPHA,IMO9000001,80,0,163,48,True
419000101,2025-03-13T18:21:00,18.86459,70.78913,12.2,333.4,335,SYN-TANKER-ALPHA,IMO9000001,80,0,117,44,True
419000101,2025-03-13T18:24:00,18.87414,70.78445,12.1,336.1,335,SYN-TANKER-ALPHA,IMO9000001,80,0,230,39,True
419000101,2025-03-13T18:27:00,18.88248,70.78084,12.3,336.2,335,SYN-TANKER-ALPHA,IMO9000001,80,0,324,40,True
419000101,2025-03-13T18:30:00,18.89149,70.77549,11.8,334.2,335,SYN-TANKER-ALPHA,IMO9000001,80,0,224,54,True
419000101,2025-03-13T18:33:00,18.90015,70.77107,11.8,336.5,335,SYN-TANKER-ALPHA,IMO9000001,80,0,194,52,True
419000101,2025-03-13T18:36:00,18.9092,70.76636,11.6,336.5,335,SYN-TANKER-ALPHA,IMO9000001,80,0,120,55,True
419000101,2025-03-13T18:39:00,18.9183,70.76183,11.8,336.8,335,SYN-TANKER-ALPHA,IMO9000001,80,0,246,45,True
419000101,2025-03-13T18:42:00,18.92739,70.75762,12.4,335.8,335,SYN-TANKER-ALPHA,IMO9000001,80,0,284,15,True
419000101,2025-03-13T18:45:00,18.93725,70.75358,12.2,334.6,335,SYN-TANKER-ALPHA,IMO9000001,80,0,95,56,True
419000101,2025-03-13T18:48:00,18.94595,70.74852,12.0,334.9,335,SYN-TANKER-ALPHA,IMO9000001,80,0,232,36,True
419000101,2025-03-13T18:51:00,18.95479,70.744,12.3,335.7,335,SYN-TANKER-ALPHA,IMO9000001,80,0,323,36,True
419000101,2025-03-13T18:54:00,18.96411,70.74031,12.0,333.4,335,SYN-TANKER-ALPHA,IMO9000001,80,0,228,31,True
419000101,2025-03-13T18:57:00,18.9733,70.73577,12.1,334.2,335,SYN-TANKER-ALPHA,IMO9000001,80,0,133,31,True
419000101,2025-03-13T19:00:00,18.98212,70.73156,12.1,334.4,335,SYN-TANKER-ALPHA,IMO9000001,80,0,115,34,True
419000101,2025-03-13T19:03:00,18.99125,70.72623,11.9,333.8,335,SYN-TANKER-ALPHA,IMO9000001,80,0,109,43,True
419000101,2025-03-13T19:06:00,19.00069,70.72161,11.9,334.4,335,SYN-TANKER-ALPHA,IMO9000001,80,0,303,19,True
419000101,2025-03-13T19:09:00,19.00927,70.71731,12.1,336.2,335,SYN-TANKER-ALPHA,IMO9000001,80,0,316,51,True
419000101,2025-03-13T19:12:00,19.01837,70.71329,11.7,335.2,335,SYN-TANKER-ALPHA,IMO9000001,80,0,184,24,True
419000101,2025-03-13T19:15:00,19.0278,70.70861,11.9,335.1,335,SYN-TANKER-ALPHA,IMO9000001,80,0,313,50,True
419000101,2025-03-13T19:18:00,19.03678,70.70428,12.0,336.0,335,SYN-TANKER-ALPHA,IMO9000001,80,0,199,44,True
419000101,2025-03-13T19:21:00,19.04563,70.7,11.9,334.5,335,SYN-TANKER-ALPHA,IMO9000001,80,0,236,50,True
419000101,2025-03-13T19:24:00,19.05381,70.69503,11.9,334.6,335,SYN-TANKER-ALPHA,IMO9000001,80,0,123,34,True
419000101,2025-03-13T19:27:00,19.06257,70.69073,12.1,336.6,335,SYN-TANKER-ALPHA,IMO9000001,80,0,205,19,True
419000101,2025-03-13T19:30:00,19.073,70.68618,11.8,335.7,335,SYN-TANKER-ALPHA,IMO9000001,80,0,263,16,True
419000101,2025-03-13T19:33:00,19.08156,70.68159,12.0,334.7,335,SYN-TANKER-ALPHA,IMO9000001,80,0,224,46,True
419000101,2025-03-13T19:36:00,19.09033,70.67728,11.9,335.4,335,SYN-TANKER-ALPHA,IMO9000001,80,0,311,22,True
419000101,2025-03-13T19:39:00,19.09951,70.67336,12.0,333.9,335,SYN-TANKER-ALPHA,IMO9000001,80,0,268,48,True
419000101,2025-03-13T19:42:00,19.1091,70.66799,12.0,335.9,335,SYN-TANKER-ALPHA,IMO9000001,80,0,237,55,True
419000101,2025-03-13T19:45:00,19.11823,70.66377,12.3,335.7,335,SYN-TANKER-ALPHA,IMO9000001,80,0,120,48,True
419000101,2025-03-13T19:48:00,19.12637,70.65989,12.0,336.3,335,SYN-TANKER-ALPHA,IMO9000001,80,0,103,18,True
419000101,2025-03-13T19:51:00,19.13578,70.65539,12.1,336.5,335,SYN-TANKER-ALPHA,IMO9000001,80,0,175,26,True
419000101,2025-03-13T19:54:00,19.14557,70.65017,12.2,337.1,335,SYN-TANKER-ALPHA,IMO9000001,80,0,129,20,True
419000101,2025-03-13T19:57:00,19.15366,70.64576,11.8,334.1,335,SYN-TANKER-ALPHA,IMO9000001,80,0,267,24,True
419000101,2025-03-13T20:00:00,19.16314,70.64154,12.2,331.7,335,SYN-TANKER-ALPHA,IMO9000001,80,0,141,21,True
419000101,2025-03-13T20:03:00,19.17219,70.63735,12.0,332.5,335,SYN-TANKER-ALPHA,IMO9000001,80,0,151,38,True
419000101,2025-03-13T20:06:00,19.18134,70.63328,11.9,337.2,335,SYN-TANKER-ALPHA,IMO9000001,80,0,190,39,True
419000101,2025-03-13T20:09:00,19.18986,70.6285,11.9,334.9,335,SYN-TANKER-ALPHA,IMO9000001,80,0,273,40,True
419000101,2025-03-13T20:12:00,19.19977,70.62402,12.0,333.6,335,SYN-TANKER-ALPHA,IMO9000001,80,0,122,48,True
419000101,2025-03-13T20:15:00,19.20767,70.6199,12.1,336.6,335,SYN-TANKER-ALPHA,IMO9000001,80,0,248,49,True
419000101,2025-03-13T20:18:00,19.21691,70.61446,12.2,333.1,335,SYN-TANKER-ALPHA,IMO9000001,80,0,156,21,True
419000101,2025-03-13T20:21:00,19.22658,70.61026,12.2,338.1,335,SYN-TANKER-ALPHA,IMO9000001,80,0,172,36,True
419000101,2025-03-13T20:24:00,19.23481,70.60513,12.2,335.4,335,SYN-TANKER-ALPHA,IMO9000001,80,0,274,55,True
419000101,2025-03-13T20:27:00,19.24514,70.60122,11.9,335.4,335,SYN-TANKER-ALPHA,IMO9000001,80,0,94,42,True
419000101,2025-03-13T20:30:00,19.25449,70.59768,11.9,337.4,335,SYN-TANKER-ALPHA,IMO9000001,80,0,326,45,True
419000101,2025-03-13T20:33:00,19.2624,70.59203,12.1,335.1,335,SYN-TANKER-ALPHA,IMO9000001,80,0,108,41,True
419000101,2025-03-13T20:36:00,19.27126,70.58857,12.1,335.5,335,SYN-TANKER-ALPHA,IMO9000001,80,0,227,53,True
419000101,2025-03-13T20:39:00,19.28118,70.58347,11.9,334.6,335,SYN-TANKER-ALPHA,IMO9000001,80,0,151,38,True
419000101,2025-03-13T20:42:00,19.29003,70.57935,12.0,336.2,335,SYN-TANKER-ALPHA,IMO9000001,80,0,310,39,True
419000101,2025-03-13T20:45:00,19.29908,70.5753,11.9,336.4,335,SYN-TANKER-ALPHA,IMO9000001,80,0,204,52,True
419000101,2025-03-13T20:48:00,19.30721,70.56997,12.2,334.9,335,SYN-TANKER-ALPHA,IMO9000001,80,0,147,52,True
419000101,2025-03-13T20:51:00,19.3164,70.56516,12.0,332.5,335,SYN-TANKER-ALPHA,IMO9000001,80,0,165,16,True
419000101,2025-03-13T20:54:00,19.32586,70.56145,11.7,337.2,335,SYN-TANKER-ALPHA,IMO9000001,80,0,81,35,True
419000101,2025-03-13T21:33:00,19.39949,70.52494,7.6,337.1,335,SYN-TANKER-ALPHA,IMO9000001,80,0,149,30,True
419000101,2025-03-13T21:36:00,19.40527,70.52272,7.4,336.0,335,SYN-TANKER-ALPHA,IMO9000001,80,0,293,14,True
419000101,2025-03-13T21:39:00,19.41056,70.51922,7.6,335.9,335,SYN-TANKER-ALPHA,IMO9000001,80,0,137,55,True
419000101,2025-03-13T21:42:00,19.42007,70.51471,11.9,334.3,335,SYN-TANKER-ALPHA,IMO9000001,80,0,207,53,True
419000101,2025-03-13T21:45:00,19.4284,70.50945,12.3,332.5,335,SYN-TANKER-ALPHA,IMO9000001,80,0,153,58,True
419000101,2025-03-13T21:48:00,19.43813,70.50681,12.0,337.9,335,SYN-TANKER-ALPHA,IMO9000001,80,0,304,25,True
419000101,2025-03-13T21:51:00,19.44739,70.50158,11.8,336.8,335,SYN-TANKER-ALPHA,IMO9000001,80,0,96,54,True
419000101,2025-03-13T21:54:00,19.45581,70.49692,11.9,333.6,335,SYN-TANKER-ALPHA,IMO9000001,80,0,171,41,True
419000101,2025-03-13T21:57:00,19.46516,70.49256,12.0,336.2,335,SYN-TANKER-ALPHA,IMO9000001,80,0,170,49,True
419000101,2025-03-13T22:00:00,19.47419,70.48716,11.7,333.9,335,SYN-TANKER-ALPHA,IMO9000001,80,0,297,46,True
419000101,2025-03-13T22:03:00,19.48331,70.48296,12.0,334.3,335,SYN-TANKER-ALPHA,IMO9000001,80,0,227,35,True
419000101,2025-03-13T22:06:00,19.49152,70.47931,12.0,337.1,335,SYN-TANKER-ALPHA,IMO9000001,80,0,323,31,True
419000101,2025-03-13T22:09:00,19.50118,70.47457,12.3,335.4,335,SYN-TANKER-ALPHA,IMO9000001,80,0,246,51,True
419000101,2025-03-13T22:12:00,19.51068,70.46965,12.2,335.5,335,SYN-TANKER-ALPHA,IMO9000001,80,0,129,15,True
419000101,2025-03-13T22:15:00,19.51961,70.46493,11.9,336.3,335,SYN-TANKER-ALPHA,IMO9000001,80,0,125,15,True
419000101,2025-03-13T22:18:00,19.52911,70.46139,11.8,336.4,335,SYN-TANKER-ALPHA,IMO9000001,80,0,158,59,True
419000101,2025-03-13T22:21:00,19.53709,70.45621,11.9,334.2,335,SYN-TANKER-ALPHA,IMO9000001,80,0,282,24,True
419000101,2025-03-13T22:24:00,19.5461,70.45236,11.8,335.4,335,SYN-TANKER-ALPHA,IMO9000001,80,0,119,59,True
419000101,2025-03-13T22:27:00,19.55505,70.4477,12.1,333.9,335,SYN-TANKER-ALPHA,IMO9000001,80,0,289,36,True
419000101,2025-03-13T22:30:00,19.56444,70.44325,12.0,334.7,335,SYN-TANKER-ALPHA,IMO9000001,80,0,233,34,True
419000101,2025-03-13T22:33:00,19.57376,70.43812,12.0,333.1,335,SYN-TANKER-ALPHA,IMO9000001,80,0,130,42,True
419000101,2025-03-13T22:36:00,19.58232,70.43419,11.9,334.5,335,SYN-TANKER-ALPHA,IMO9000001,80,0,131,41,True
419000101,2025-03-13T22:39:00,19.59194,70.4299,12.1,333.0,335,SYN-TANKER-ALPHA,IMO9000001,80,0,86,48,True
419000101,2025-03-13T22:42:00,19.60038,70.42472,12.0,336.9,335,SYN-TANKER-ALPHA,IMO9000001,80,0,163,51,True
419000101,2025-03-13T22:45:00,19.60921,70.42136,11.9,334.5,335,SYN-TANKER-ALPHA,IMO9000001,80,0,307,51,True
419000101,2025-03-13T22:48:00,19.61814,70.41643,12.2,334.5,335,SYN-TANKER-ALPHA,IMO9000001,80,0,150,32,True
419000101,2025-03-13T22:51:00,19.62767,70.41154,11.9,337.6,335,SYN-TANKER-ALPHA,IMO9000001,80,0,263,46,True
419000101,2025-03-13T22:54:00,19.63679,70.40705,11.8,332.3,335,SYN-TANKER-ALPHA,IMO9000001,80,0,81,30,True
419000101,2025-03-13T22:57:00,19.64617,70.40269,12.2,336.4,335,SYN-TANKER-ALPHA,IMO9000001,80,0,134,17,True
419000101,2025-03-13T23:00:00,19.65556,70.39847,11.9,335.3,335,SYN-TANKER-ALPHA,IMO9000001,80,0,288,42,True
419000101,2025-03-13T23:03:00,19.66411,70.39434,11.9,332.9,335,SYN-TANKER-ALPHA,IMO9000001,80,0,141,35,True
419000101,2025-03-13T23:06:00,19.67368,70.38949,12.0,336.0,335,SYN-TANKER-ALPHA,IMO9000001,80,0,180,56,True
419000101,2025-03-13T23:09:00,19.6819,70.38518,12.1,335.2,335,SYN-TANKER-ALPHA,IMO9000001,80,0,278,28,True
419000101,2025-03-13T23:12:00,19.69121,70.38015,11.7,334.6,335,SYN-TANKER-ALPHA,IMO9000001,80,0,270,26,True
419000101,2025-03-13T23:15:00,19.6999,70.37626,12.0,332.4,335,SYN-TANKER-ALPHA,IMO9000001,80,0,269,39,True
419000101,2025-03-13T23:18:00,19.7094,70.37117,11.9,336.6,335,SYN-TANKER-ALPHA,IMO9000001,80,0,273,30,True
419000101,2025-03-13T23:21:00,19.71879,70.36606,12.0,334.8,335,SYN-TANKER-ALPHA,IMO9000001,80,0,315,24,True
419000101,2025-03-13T23:24:00,19.72748,70.36238,11.9,333.8,335,SYN-TANKER-ALPHA,IMO9000001,80,0,172,24,True
419000101,2025-03-13T23:27:00,19.73538,70.35864,11.8,334.4,335,SYN-TANKER-ALPHA,IMO9000001,80,0,260,16,True
419000101,2025-03-13T23:30:00,19.74559,70.35331,12.0,332.7,335,SYN-TANKER-ALPHA,IMO9000001,80,0,241,41,True
419000101,2025-03-13T23:33:00,19.75444,70.34943,11.8,333.9,335,SYN-TANKER-ALPHA,IMO9000001,80,0,277,44,True
419000101,2025-03-13T23:36:00,19.76358,70.34448,11.9,335.1,335,SYN-TANKER-ALPHA,IMO9000001,80,0,92,35,True
419000101,2025-03-13T23:39:00,19.77188,70.33978,12.1,335.0,335,SYN-TANKER-ALPHA,IMO9000001,80,0,266,18,True
419000101,2025-03-13T23:42:00,19.78125,70.33545,11.8,333.1,335,SYN-TANKER-ALPHA,IMO9000001,80,0,227,38,True
419000101,2025-03-13T23:45:00,19.79101,70.33094,11.8,336.2,335,SYN-TANKER-ALPHA,IMO9000001,80,0,90,21,True
419000101,2025-03-13T23:48:00,19.79973,70.32671,12.1,333.1,335,SYN-TANKER-ALPHA,IMO9000001,80,0,181,46,True
419000101,2025-03-13T23:51:00,19.80837,70.32294,12.0,331.3,335,SYN-TANKER-ALPHA,IMO9000001,80,0,174,59,True
419000101,2025-03-13T23:54:00,19.81725,70.31755,11.8,335.3,335,SYN-TANKER-ALPHA,IMO9000001,80,0,179,47,True
419000101,2025-03-13T23:57:00,19.82719,70.31407,12.5,337.0,335,SYN-TANKER-ALPHA,IMO9000001,80,0,264,43,True
419000101,2025-03-14T00:00:00,19.83545,70.30829,12.2,334.3,335,SYN-TANKER-ALPHA,IMO9000001,80,0,103,54,True
419000101,2025-03-14T00:03:00,19.8456,70.30407,12.1,334.9,335,SYN-TANKER-ALPHA,IMO9000001,80,0,270,34,True
419000101,2025-03-14T00:06:00,19.85439,70.2995,12.1,336.4,335,SYN-TANKER-ALPHA,IMO9000001,80,0,159,57,True
419000101,2025-03-14T00:09:00,19.86293,70.29587,12.0,334.8,335,SYN-TANKER-ALPHA,IMO9000001,80,0,167,53,True
419000101,2025-03-14T00:12:00,19.87238,70.29052,11.8,338.6,335,SYN-TANKER-ALPHA,IMO9000001,80,0,206,50,True
419000101,2025-03-14T00:15:00,19.88122,70.28586,11.9,334.0,335,SYN-TANKER-ALPHA,IMO9000001,80,0,112,35,True
419000101,2025-03-14T00:18:00,19.8903,70.282,12.0,336.2,335,SYN-TANKER-ALPHA,IMO9000001,80,0,153,27,True
419000101,2025-03-14T00:21:00,19.89934,70.27737,12.1,332.8,335,SYN-TANKER-ALPHA,IMO9000001,80,0,135,52,True
419000101,2025-03-14T00:24:00,19.90854,70.27261,12.2,333.8,335,SYN-TANKER-ALPHA,IMO9000001,80,0,134,51,True
419000101,2025-03-14T00:27:00,19.91739,70.2681,12.2,337.6,335,SYN-TANKER-ALPHA,IMO9000001,80,0,80,26,True
419000101,2025-03-14T00:30:00,19.92686,70.2636,12.1,336.5,335,SYN-TANKER-ALPHA,IMO9000001,80,0,317,28,True
419000101,2025-03-14T00:33:00,19.93554,70.2593,12.2,337.6,335,SYN-TANKER-ALPHA,IMO9000001,80,0,148,38,True
419000101,2025-03-14T00:36:00,19.94513,70.25541,12.1,334.5,335,SYN-TANKER-ALPHA,IMO9000001,80,0,326,57,True
419000101,2025-03-14T00:39:00,19.95367,70.24975,12.3,332.6,335,SYN-TANKER-ALPHA,IMO9000001,80,0,281,44,True
419000101,2025-03-14T00:42:00,19.96292,70.24588,12.2,336.4,335,SYN-TANKER-ALPHA,IMO9000001,80,0,232,30,True
419000101,2025-03-14T00:45:00,19.97223,70.2415,12.2,336.5,335,SYN-TANKER-ALPHA,IMO9000001,80,0,279,14,True
419000101,2025-03-14T00:48:00,19.98117,70.23692,12.2,335.3,335,SYN-TANKER-ALPHA,IMO9000001,80,0,172,25,True
419000101,2025-03-14T00:51:00,19.98997,70.23312,11.8,334.3,335,SYN-TANKER-ALPHA,IMO9000001,80,0,146,30,True
419000101,2025-03-14T00:54:00,19.99823,70.22841,12.0,335.6,335,SYN-TANKER-ALPHA,IMO9000001,80,0,177,56,True
419000101,2025-03-14T00:57:00,20.00846,70.22416,11.8,336.7,335,SYN-TANKER-ALPHA,IMO9000001,80,0,288,27,True
419000101,2025-03-14T01:00:00,20.01768,70.21911,12.1,334.8,335,SYN-TANKER-ALPHA,IMO9000001,80,0,180,20,True
419000101,2025-03-14T01:03:00,20.02599,70.21454,12.4,337.6,335,SYN-TANKER-ALPHA,IMO9000001,80,0,230,59,True
419000101,2025-03-14T01:06:00,20.0353,70.20985,12.1,336.0,335,SYN-TANKER-ALPHA,IMO9000001,80,0,146,16,True
419000101,2025-03-14T01:09:00,20.0435,70.20546,11.8,334.0,335,SYN-TANKER-ALPHA,IMO9000001,80,0,263,58,True
419000101,2025-03-14T01:12:00,20.05314,70.2012,11.8,336.8,335,SYN-TANKER-ALPHA,IMO9000001,80,0,284,29,True
419000101,2025-03-14T01:15:00,20.06175,70.19532,12.2,335.3,335,SYN-TANKER-ALPHA,IMO9000001,80,0,285,46,True
419000101,2025-03-14T01:18:00,20.07109,70.19188,11.6,336.4,335,SYN-TANKER-ALPHA,IMO9000001,80,0,144,21,True
419000101,2025-03-14T01:21:00,20.08114,70.18811,12.0,335.1,335,SYN-TANKER-ALPHA,IMO9000001,80,0,163,45,True
419000101,2025-03-14T01:24:00,20.08993,70.1839,11.9,334.8,335,SYN-TANKER-ALPHA,IMO9000001,80,0,151,25,True
419000101,2025-03-14T01:27:00,20.09738,70.17846,11.8,334.8,335,SYN-TANKER-ALPHA,IMO9000001,80,0,147,20,True
419000101,2025-03-14T01:30:00,20.10743,70.1735,12.3,333.7,335,SYN-TANKER-ALPHA,IMO9000001,80,0,248,46,True
419000101,2025-03-14T01:33:00,20.11639,70.16982,11.9,335.0,335,SYN-TANKER-ALPHA,IMO9000001,80,0,237,43,True
419000101,2025-03-14T01:36:00,20.12578,70.16489,11.9,336.9,335,SYN-TANKER-ALPHA,IMO9000001,80,0,255,34,True
419000101,2025-03-14T01:39:00,20.13463,70.1606,11.8,333.7,335,SYN-TANKER-ALPHA,IMO9000001,80,0,155,20,True
419000101,2025-03-14T01:42:00,20.14333,70.1559,12.0,332.9,335,SYN-TANKER-ALPHA,IMO9000001,80,0,263,36,True
419000101,2025-03-14T01:45:00,20.15239,70.15163,12.1,335.9,335,SYN-TANKER-ALPHA,IMO9000001,80,0,167,54,True
419000101,2025-03-14T01:48:00,20.16171,70.14813,12.1,334.2,335,SYN-TANKER-ALPHA,IMO9000001,80,0,161,37,True
419000101,2025-03-14T01:51:00,20.17074,70.14265,12.1,332.5,335,SYN-TANKER-ALPHA,IMO9000001,80,0,215,48,True
419000101,2025-03-14T01:54:00,20.17965,70.13848,12.0,334.0,335,SYN-TANKER-ALPHA,IMO9000001,80,0,312,56,True
419000101,2025-03-14T01:57:00,20.18826,70.13298,12.0,334.2,335,SYN-TANKER-ALPHA,IMO9000001,80,0,125,35,True
419000101,2025-03-14T02:00:00,20.19722,70.12924,12.0,334.6,335,SYN-TANKER-ALPHA,IMO9000001,80,0,151,40,True
419000101,2025-03-14T02:03:00,20.20683,70.1245,11.7,335.2,335,SYN-TANKER-ALPHA,IMO9000001,80,0,111,48,True
419000101,2025-03-14T02:06:00,20.21555,70.11998,11.9,331.3,335,SYN-TANKER-ALPHA,IMO9000001,80,0,223,28,True
419000101,2025-03-14T02:09:00,20.22559,70.11537,12.1,332.2,335,SYN-TANKER-ALPHA,IMO9000001,80,0,200,30,True
419000101,2025-03-14T02:12:00,20.23391,70.11089,11.8,333.3,335,SYN-TANKER-ALPHA,IMO9000001,80,0,265,27,True
419000101,2025-03-14T02:15:00,20.24254,70.10674,11.8,334.8,335,SYN-TANKER-ALPHA,IMO9000001,80,0,221,39,True
419000101,2025-03-14T02:18:00,20.25222,70.10154,12.2,332.9,335,SYN-TANKER-ALPHA,IMO9000001,80,0,156,32,True
419000101,2025-03-14T02:21:00,20.26066,70.09692,11.8,332.5,335,SYN-TANKER-ALPHA,IMO9000001,80,0,142,43,True
419000101,2025-03-14T02:24:00,20.27002,70.09298,12.3,335.3,335,SYN-TANKER-ALPHA,IMO9000001,80,0,138,27,True
419000101,2025-03-14T02:27:00,20.27936,70.08947,11.9,335.7,335,SYN-TANKER-ALPHA,IMO9000001,80,0,104,36,True
419000101,2025-03-14T02:30:00,20.28797,70.08387,11.9,334.0,335,SYN-TANKER-ALPHA,IMO9000001,80,0,96,33,True
419000101,2025-03-14T02:33:00,20.2976,70.07902,11.9,335.9,335,SYN-TANKER-ALPHA,IMO9000001,80,0,119,17,True
419000101,2025-03-14T02:36:00,20.3064,70.07521,12.2,334.0,335,SYN-TANKER-ALPHA,IMO9000001,80,0,128,52,True
419000101,2025-03-14T02:39:00,20.31508,70.07058,12.2,335.4,335,SYN-TANKER-ALPHA,IMO9000001,80,0,200,19,True
419000101,2025-03-14T02:42:00,20.32437,70.06608,12.0,333.0,335,SYN-TANKER-ALPHA,IMO9000001,80,0,299,18,True
419000101,2025-03-14T02:45:00,20.33359,70.06178,12.4,333.4,335,SYN-TANKER-ALPHA,IMO9000001,80,0,119,48,True
419000101,2025-03-14T02:48:00,20.34248,70.0572,12.1,332.1,335,SYN-TANKER-ALPHA,IMO9000001,80,0,131,39,True
419000101,2025-03-14T02:51:00,20.35199,70.05244,12.2,334.4,335,SYN-TANKER-ALPHA,IMO9000001,80,0,139,27,True
419000101,2025-03-14T02:54:00,20.36029,70.04786,12.4,335.4,335,SYN-TANKER-ALPHA,IMO9000001,80,0,322,35,True
419000101,2025-03-14T02:57:00,20.37024,70.04361,12.0,334.5,335,SYN-TANKER-ALPHA,IMO9000001,80,0,171,27,True
419000101,2025-03-14T03:00:00,20.37818,70.03896,11.7,336.9,335,SYN-TANKER-ALPHA,IMO9000001,80,0,209,31,True
419000101,2025-03-14T03:03:00,20.38772,70.03441,12.1,336.7,335,SYN-TANKER-ALPHA,IMO9000001,80,0,280,55,True
419000101,2025-03-14T03:06:00,20.39712,70.03074,12.1,335.9,335,SYN-TANKER-ALPHA,IMO9000001,80,0,223,15,True
419000101,2025-03-14T03:09:00,20.4058,70.02612,12.1,337.0,335,SYN-TANKER-ALPHA,IMO9000001,80,0,328,25,True
419000101,2025-03-14T03:12:00,20.41445,70.02101,11.9,336.1,335,SYN-TANKER-ALPHA,IMO9000001,80,0,166,51,True
419000102,2025-03-13T17:15:00,18.66626,70.71659,12.8,336.4,335,SYN-TANKER-BRAVO,IMO9000002,84,0,167,51,True
419000102,2025-03-13T17:18:00,18.67591,70.71188,13.0,333.8,335,SYN-TANKER-BRAVO,IMO9000002,84,0,160,44,True
419000102,2025-03-13T17:21:00,18.68581,70.70684,12.8,335.8,335,SYN-TANKER-BRAVO,IMO9000002,84,0,224,27,True
419000102,2025-03-13T17:24:00,18.69563,70.70194,13.4,335.8,335,SYN-TANKER-BRAVO,IMO9000002,84,0,86,30,True
419000102,2025-03-13T17:27:00,18.70588,70.69703,12.4,332.8,335,SYN-TANKER-BRAVO,IMO9000002,84,0,256,31,True
419000102,2025-03-13T17:30:00,18.71541,70.69299,12.8,333.3,335,SYN-TANKER-BRAVO,IMO9000002,84,0,289,33,True
419000102,2025-03-13T17:33:00,18.7239,70.68761,12.9,334.4,335,SYN-TANKER-BRAVO,IMO9000002,84,0,118,41,True
419000102,2025-03-13T17:36:00,18.73459,70.68268,13.0,338.5,335,SYN-TANKER-BRAVO,IMO9000002,84,0,170,47,True
419000102,2025-03-13T17:39:00,18.74441,70.67747,13.1,332.8,335,SYN-TANKER-BRAVO,IMO9000002,84,0,260,37,True
419000102,2025-03-13T17:42:00,18.75457,70.673,12.8,335.1,335,SYN-TANKER-BRAVO,IMO9000002,84,0,206,42,True
419000102,2025-03-13T17:45:00,18.76479,70.66819,13.0,333.8,335,SYN-TANKER-BRAVO,IMO9000002,84,0,136,28,True
419000102,2025-03-13T17:48:00,18.77412,70.66288,12.9,333.0,335,SYN-TANKER-BRAVO,IMO9000002,84,0,119,53,True
419000102,2025-03-13T17:51:00,18.78313,70.65845,12.8,332.8,335,SYN-TANKER-BRAVO,IMO9000002,84,0,301,27,True
419000102,2025-03-13T17:54:00,18.79337,70.65367,12.9,335.2,335,SYN-TANKER-BRAVO,IMO9000002,84,0,108,44,True
419000102,2025-03-13T17:57:00,18.80369,70.6496,13.0,335.5,335,SYN-TANKER-BRAVO,IMO9000002,84,0,289,50,True
419000102,2025-03-13T18:00:00,18.81291,70.6442,13.3,333.8,335,SYN-TANKER-BRAVO,IMO9000002,84,0,91,24,True
419000102,2025-03-13T18:03:00,18.82314,70.63917,13.1,335.8,335,SYN-TANKER-BRAVO,IMO9000002,84,0,170,47,True
419000102,2025-03-13T18:06:00,18.83384,70.63462,13.3,335.9,335,SYN-TANKER-BRAVO,IMO9000002,84,0,209,58,True
419000102,2025-03-13T18:09:00,18.84251,70.62963,13.0,334.9,335,SYN-TANKER-BRAVO,IMO9000002,84,0,98,24,True
419000102,2025-03-13T18:12:00,18.85222,70.62513,12.5,337.6,335,SYN-TANKER-BRAVO,IMO9000002,84,0,125,22,True
419000102,2025-03-13T18:15:00,18.86233,70.61977,12.7,334.8,335,SYN-TANKER-BRAVO,IMO9000002,84,0,161,15,True
419000102,2025-03-13T18:18:00,18.87271,70.61568,13.1,336.7,335,SYN-TANKER-BRAVO,IMO9000002,84,0,274,37,True
419000102,2025-03-13T18:21:00,18.88158,70.61034,13.3,335.4,335,SYN-TANKER-BRAVO,IMO9000002,84,0,110,51,True
419000102,2025-03-13T18:24:00,18.89178,70.60482,13.0,336.6,335,SYN-TANKER-BRAVO,IMO9000002,84,0,234,33,True
419000102,2025-03-13T18:27:00,18.90141,70.60082,13.1,333.2,335,SYN-TANKER-BRAVO,IMO9000002,84,0,241,35,True
419000102,2025-03-13T18:30:00,18.91088,70.59567,13.0,334.7,335,SYN-TANKER-BRAVO,IMO9000002,84,0,107,22,True
419000102,2025-03-13T18:33:00,18.92145,70.59025,12.9,337.2,335,SYN-TANKER-BRAVO,IMO9000002,84,0,129,46,True
419000102,2025-03-13T18:36:00,18.93073,70.58623,13.0,335.1,335,SYN-TANKER-BRAVO,IMO9000002,84,0,109,47,True
419000102,2025-03-13T18:39:00,18.94145,70.58114,12.9,336.5,335,SYN-TANKER-BRAVO,IMO9000002,84,0,134,28,True
419000102,2025-03-13T18:42:00,18.95092,70.57657,13.1,335.8,335,SYN-TANKER-BRAVO,IMO9000002,84,0,322,38,True
419000102,2025-03-13T18:45:00,18.96049,70.57143,13.3,334.2,335,SYN-TANKER-BRAVO,IMO9000002,84,0,304,36,True
419000102,2025-03-13T18:48:00,18.96972,70.56725,12.9,336.3,335,SYN-TANKER-BRAVO,IMO9000002,84,0,180,41,True
419000102,2025-03-13T18:51:00,18.97952,70.56223,12.7,338.9,335,SYN-TANKER-BRAVO,IMO9000002,84,0,243,40,True
419000102,2025-03-13T18:54:00,18.99066,70.55722,12.7,335.2,335,SYN-TANKER-BRAVO,IMO9000002,84,0,223,42,True
419000102,2025-03-13T18:57:00,18.99902,70.55236,13.1,334.2,335,SYN-TANKER-BRAVO,IMO9000002,84,0,269,39,True
419000102,2025-03-13T19:00:00,19.00801,70.54698,13.3,333.5,335,SYN-TANKER-BRAVO,IMO9000002,84,0,144,35,True
419000102,2025-03-13T19:03:00,19.01916,70.54268,13.4,334.0,335,SYN-TANKER-BRAVO,IMO9000002,84,0,80,33,True
419000102,2025-03-13T19:06:00,19.02978,70.53781,12.7,334.1,335,SYN-TANKER-BRAVO,IMO9000002,84,0,308,59,True
419000102,2025-03-13T19:09:00,19.03923,70.5328,13.1,336.9,335,SYN-TANKER-BRAVO,IMO9000002,84,0,123,54,True
419000102,2025-03-13T19:12:00,19.04928,70.52781,13.1,333.1,335,SYN-TANKER-BRAVO,IMO9000002,84,0,113,18,True
419000102,2025-03-13T19:15:00,19.05799,70.52414,12.8,336.4,335,SYN-TANKER-BRAVO,IMO9000002,84,0,202,52,True
419000102,2025-03-13T19:18:00,19.06771,70.51802,13.0,334.4,335,SYN-TANKER-BRAVO,IMO9000002,84,0,111,51,True
419000102,2025-03-13T19:21:00,19.0777,70.51333,13.0,335.8,335,SYN-TANKER-BRAVO,IMO9000002,84,0,264,56,True
419000102,2025-03-13T19:24:00,19.08727,70.50871,13.0,333.8,335,SYN-TANKER-BRAVO,IMO9000002,84,0,241,32,True
419000102,2025-03-13T19:27:00,19.0974,70.5045,12.9,336.3,335,SYN-TANKER-BRAVO,IMO9000002,84,0,301,35,True
419000102,2025-03-13T19:30:00,19.10736,70.49903,12.9,333.0,335,SYN-TANKER-BRAVO,IMO9000002,84,0,103,29,True
419000102,2025-03-13T19:33:00,19.11787,70.49399,13.1,335.5,335,SYN-TANKER-BRAVO,IMO9000002,84,0,155,39,True
419000102,2025-03-13T19:36:00,19.12662,70.48913,13.0,334.9,335,SYN-TANKER-BRAVO,IMO9000002,84,0,145,28,True
419000102,2025-03-13T19:39:00,19.13611,70.48436,13.1,335.7,335,SYN-TANKER-BRAVO,IMO9000002,84,0,100,19,True
419000102,2025-03-13T19:42:00,19.14713,70.47995,12.7,334.8,335,SYN-TANKER-BRAVO,IMO9000002,84,0,250,18,True
419000102,2025-03-13T19:45:00,19.1566,70.4749,12.7,334.1,335,SYN-TANKER-BRAVO,IMO9000002,84,0,222,48,True
419000102,2025-03-13T19:48:00,19.16571,70.46975,12.6,336.0,335,SYN-TANKER-BRAVO,IMO9000002,84,0,142,46,True
419000102,2025-03-13T19:51:00,19.17602,70.46502,12.7,334.0,335,SYN-TANKER-BRAVO,IMO9000002,84,0,166,14,True
419000102,2025-03-13T19:54:00,19.18564,70.4607,12.8,334.2,335,SYN-TANKER-BRAVO,IMO9000002,84,0,279,43,True
419000102,2025-03-13T19:57:00,19.19544,70.45542,13.2,334.6,335,SYN-TANKER-BRAVO,IMO9000002,84,0,256,58,True
419000102,2025-03-13T20:00:00,19.20523,70.45033,13.1,335.1,335,SYN-TANKER-BRAVO,IMO9000002,84,0,326,55,True
419000102,2025-03-13T20:03:00,19.21589,70.44633,13.1,334.1,335,SYN-TANKER-BRAVO,IMO9000002,84,0,298,57,True
419000102,2025-03-13T20:06:00,19.22519,70.44097,12.9,334.6,335,SYN-TANKER-BRAVO,IMO9000002,84,0,229,45,True
419000102,2025-03-13T20:09:00,19.23383,70.43653,12.8,335.2,335,SYN-TANKER-BRAVO,IMO9000002,84,0,230,41,True
419000102,2025-03-13T20:12:00,19.24437,70.43155,12.9,335.2,335,SYN-TANKER-BRAVO,IMO9000002,84,0,198,15,True
419000102,2025-03-13T20:15:00,19.25414,70.42563,13.1,333.7,335,SYN-TANKER-BRAVO,IMO9000002,84,0,296,17,True
419000102,2025-03-13T20:18:00,19.26459,70.42154,13.0,334.2,335,SYN-TANKER-BRAVO,IMO9000002,84,0,202,46,True
419000102,2025-03-13T20:21:00,19.27374,70.4169,13.0,335.0,335,SYN-TANKER-BRAVO,IMO9000002,84,0,277,36,True
419000102,2025-03-13T20:24:00,19.28289,70.41259,13.2,333.7,335,SYN-TANKER-BRAVO,IMO9000002,84,0,157,29,True
419000102,2025-03-13T20:27:00,19.29302,70.40746,12.8,334.3,335,SYN-TANKER-BRAVO,IMO9000002,84,0,274,15,True
419000102,2025-03-13T20:30:00,19.30359,70.40221,12.8,337.5,335,SYN-TANKER-BRAVO,IMO9000002,84,0,261,40,True
419000102,2025-03-13T20:33:00,19.31354,70.39751,12.9,335.7,335,SYN-TANKER-BRAVO,IMO9000002,84,0,223,47,True
419000102,2025-03-13T20:36:00,19.32285,70.39299,13.3,336.1,335,SYN-TANKER-BRAVO,IMO9000002,84,0,182,40,True
419000102,2025-03-13T20:39:00,19.33234,70.38736,13.3,333.2,335,SYN-TANKER-BRAVO,IMO9000002,84,0,327,47,True
419000102,2025-03-13T20:42:00,19.34313,70.38359,13.2,338.3,335,SYN-TANKER-BRAVO,IMO9000002,84,0,329,50,True
419000102,2025-03-13T20:45:00,19.3517,70.37831,12.6,333.5,335,SYN-TANKER-BRAVO,IMO9000002,84,0,177,16,True
419000102,2025-03-13T20:48:00,19.36221,70.3734,13.3,333.8,335,SYN-TANKER-BRAVO,IMO9000002,84,0,105,32,True
419000102,2025-03-13T20:51:00,19.37135,70.36765,13.0,334.7,335,SYN-TANKER-BRAVO,IMO9000002,84,0,284,20,True
419000102,2025-03-13T20:54:00,19.38209,70.36361,13.0,335.2,335,SYN-TANKER-BRAVO,IMO9000002,84,0,238,51,True
419000102,2025-03-13T20:57:00,19.39073,70.35819,13.1,335.9,335,SYN-TANKER-BRAVO,IMO9000002,84,0,304,29,True
419000102,2025-03-13T21:00:00,19.40107,70.35391,12.8,336.4,335,SYN-TANKER-BRAVO,IMO9000002,84,0,160,55,True
419000102,2025-03-13T21:03:00,19.4111,70.34865,13.1,336.7,335,SYN-TANKER-BRAVO,IMO9000002,84,0,286,23,True
419000102,2025-03-13T21:06:00,19.42098,70.34405,13.0,335.6,335,SYN-TANKER-BRAVO,IMO9000002,84,0,185,55,True
419000102,2025-03-13T21:09:00,19.43057,70.33918,12.7,334.4,335,SYN-TANKER-BRAVO,IMO9000002,84,0,317,55,True
419000102,2025-03-13T21:12:00,19.44068,70.33437,13.1,337.1,335,SYN-TANKER-BRAVO,IMO9000002,84,0,147,53,True
419000102,2025-03-13T21:15:00,19.45009,70.32986,13.1,336.3,335,SYN-TANKER-BRAVO,IMO9000002,84,0,141,40,True
419000102,2025-03-13T21:18:00,19.45975,70.32459,12.7,335.7,335,SYN-TANKER-BRAVO,IMO9000002,84,0,104,30,True
419000102,2025-03-13T21:21:00,19.46972,70.32015,12.9,332.6,335,SYN-TANKER-BRAVO,IMO9000002,84,0,91,16,True
419000102,2025-03-13T21:24:00,19.47959,70.31541,13.5,336.7,335,SYN-TANKER-BRAVO,IMO9000002,84,0,184,54,True
419000102,2025-03-13T21:27:00,19.48928,70.3101,13.1,334.7,335,SYN-TANKER-BRAVO,IMO9000002,84,0,109,28,True
419000102,2025-03-13T21:30:00,19.49913,70.30609,13.3,337.0,335,SYN-TANKER-BRAVO,IMO9000002,84,0,264,59,True
419000102,2025-03-13T21:33:00,19.50921,70.30064,13.1,335.4,335,SYN-TANKER-BRAVO,IMO9000002,84,0,190,27,True
419000102,2025-03-13T21:36:00,19.51894,70.29536,13.1,335.6,335,SYN-TANKER-BRAVO,IMO9000002,84,0,264,18,True
419000102,2025-03-13T21:39:00,19.529,70.29036,13.0,333.9,335,SYN-TANKER-BRAVO,IMO9000002,84,0,312,36,True
419000102,2025-03-13T21:42:00,19.53849,70.28648,12.8,335.9,335,SYN-TANKER-BRAVO,IMO9000002,84,0,115,43,True
419000102,2025-03-13T21:45:00,19.54717,70.28154,12.9,333.6,335,SYN-TANKER-BRAVO,IMO9000002,84,0,295,38,True
419000102,2025-03-13T21:48:00,19.55815,70.27592,12.9,334.7,335,SYN-TANKER-BRAVO,IMO9000002,84,0,95,14,True
419000102,2025-03-13T21:51:00,19.56728,70.27148,13.1,333.0,335,SYN-TANKER-BRAVO,IMO9000002,84,0,85,48,True
419000102,2025-03-13T21:54:00,19.57739,70.26698,13.1,337.3,335,SYN-TANKER-BRAVO,IMO9000002,84,0,227,47,True
419000102,2025-03-13T21:57:00,19.58789,70.26129,13.0,337.6,335,SYN-TANKER-BRAVO,IMO9000002,84,0,266,21,True
419000102,2025-03-13T22:00:00,19.59749,70.25733,12.9,336.1,335,SYN-TANKER-BRAVO,IMO9000002,84,0,289,24,True
419000102,2025-03-13T22:03:00,19.60676,70.25175,13.1,334.8,335,SYN-TANKER-BRAVO,IMO9000002,84,0,168,36,True
419000102,2025-03-13T22:06:00,19.61741,70.24774,12.7,337.6,335,SYN-TANKER-BRAVO,IMO9000002,84,0,318,19,True
419000102,2025-03-13T22:09:00,19.62642,70.24248,12.8,334.6,335,SYN-TANKER-BRAVO,IMO9000002,84,0,291,31,True
419000102,2025-03-13T22:12:00,19.63686,70.23767,13.0,335.3,335,SYN-TANKER-BRAVO,IMO9000002,84,0,209,41,True
419000102,2025-03-13T22:15:00,19.64596,70.23188,12.9,333.4,335,SYN-TANKER-BRAVO,IMO9000002,84,0,269,18,True
419000102,2025-03-13T22:18:00,19.65541,70.22825,12.9,336.1,335,SYN-TANKER-BRAVO,IMO9000002,84,0,301,17,True
419000102,2025-03-13T22:21:00,19.66645,70.22334,13.3,336.1,335,SYN-TANKER-BRAVO,IMO9000002,84,0,259,29,True
419000102,2025-03-13T22:24:00,19.67536,70.21756,13.2,337.4,335,SYN-TANKER-BRAVO,IMO9000002,84,0,110,49,True
419000102,2025-03-13T22:27:00,19.68619,70.21383,13.0,332.3,335,SYN-TANKER-BRAVO,IMO9000002,84,0,272,48,True
419000102,2025-03-13T22:30:00,19.69479,70.20875,13.2,331.7,335,SYN-TANKER-BRAVO,IMO9000002,84,0,89,47,True
419000102,2025-03-13T22:33:00,19.70465,70.20364,13.0,334.3,335,SYN-TANKER-BRAVO,IMO9000002,84,0,143,44,True
419000102,2025-03-13T22:36:00,19.71475,70.19908,12.9,335.2,335,SYN-TANKER-BRAVO,IMO9000002,84,0,216,51,True
419000102,2025-03-13T22:39:00,19.7245,70.19429,12.8,333.9,335,SYN-TANKER-BRAVO,IMO9000002,84,0,326,59,True
419000102,2025-03-13T22:42:00,19.73392,70.18845,13.1,334.0,335,SYN-TANKER-BRAVO,IMO9000002,84,0,198,31,True
419000102,2025-03-13T22:45:00,19.74409,70.18384,13.2,334.6,335,SYN-TANKER-BRAVO,IMO9000002,84,0,269,36,True
419000102,2025-03-13T22:48:00,19.75429,70.1791,12.9,331.2,335,SYN-TANKER-BRAVO,IMO9000002,84,0,213,24,True
419000102,2025-03-13T22:51:00,19.76385,70.17444,13.1,333.6,335,SYN-TANKER-BRAVO,IMO9000002,84,0,120,59,True
419000102,2025-03-13T22:54:00,19.77327,70.16864,13.3,334.6,335,SYN-TANKER-BRAVO,IMO9000002,84,0,98,24,True
419000102,2025-03-13T22:57:00,19.78324,70.16506,13.0,335.1,335,SYN-TANKER-BRAVO,IMO9000002,84,0,327,49,True
419000102,2025-03-13T23:00:00,19.79308,70.15905,13.0,335.0,335,SYN-TANKER-BRAVO,IMO9000002,84,0,329,17,True
419000102,2025-03-13T23:03:00,19.80339,70.15513,12.8,336.2,335,SYN-TANKER-BRAVO,IMO9000002,84,0,274,28,True
419000102,2025-03-13T23:06:00,19.8126,70.15075,13.0,332.7,335,SYN-TANKER-BRAVO,IMO9000002,84,0,303,25,True
419000102,2025-03-13T23:09:00,19.82243,70.14548,12.8,334.9,335,SYN-TANKER-BRAVO,IMO9000002,84,0,263,55,True
419000102,2025-03-13T23:12:00,19.83303,70.14075,12.9,334.1,335,SYN-TANKER-BRAVO,IMO9000002,84,0,226,59,True
419000102,2025-03-13T23:15:00,19.84149,70.13488,13.1,334.0,335,SYN-TANKER-BRAVO,IMO9000002,84,0,304,34,True
419000102,2025-03-13T23:18:00,19.85189,70.13056,12.9,333.0,335,SYN-TANKER-BRAVO,IMO9000002,84,0,309,18,True
419000102,2025-03-13T23:21:00,19.86163,70.12618,12.9,336.0,335,SYN-TANKER-BRAVO,IMO9000002,84,0,136,48,True
419000102,2025-03-13T23:24:00,19.87123,70.12179,12.8,332.4,335,SYN-TANKER-BRAVO,IMO9000002,84,0,175,32,True
419000102,2025-03-13T23:27:00,19.88145,70.11624,13.1,335.5,335,SYN-TANKER-BRAVO,IMO9000002,84,0,93,46,True
419000102,2025-03-13T23:30:00,19.89122,70.11107,12.6,335.1,335,SYN-TANKER-BRAVO,IMO9000002,84,0,312,39,True
419000102,2025-03-13T23:33:00,19.9012,70.10608,13.3,334.2,335,SYN-TANKER-BRAVO,IMO9000002,84,0,323,19,True
419000102,2025-03-13T23:36:00,19.91025,70.10148,12.9,332.6,335,SYN-TANKER-BRAVO,IMO9000002,84,0,112,18,True
419000102,2025-03-13T23:39:00,19.92118,70.09684,13.3,335.6,335,SYN-TANKER-BRAVO,IMO9000002,84,0,195,24,True
419000102,2025-03-13T23:42:00,19.9307,70.09197,13.0,337.1,335,SYN-TANKER-BRAVO,IMO9000002,84,0,128,57,True
419000102,2025-03-13T23:45:00,19.93993,70.08677,13.1,335.4,335,SYN-TANKER-BRAVO,IMO9000002,84,0,211,34,True
419000102,2025-03-13T23:48:00,19.95,70.08249,12.9,331.5,335,SYN-TANKER-BRAVO,IMO9000002,84,0,266,45,True
419000102,2025-03-13T23:51:00,19.9597,70.07667,13.3,333.6,335,SYN-TANKER-BRAVO,IMO9000002,84,0,144,25,True
419000102,2025-03-13T23:54:00,19.9702,70.07249,12.9,335.3,335,SYN-TANKER-BRAVO,IMO9000002,84,0,174,49,True
419000102,2025-03-13T23:57:00,19.97992,70.0669,13.1,335.5,335,SYN-TANKER-BRAVO,IMO9000002,84,0,135,56,True
419000102,2025-03-14T00:00:00,19.98904,70.06278,13.0,334.4,335,SYN-TANKER-BRAVO,IMO9000002,84,0,302,31,True
419000102,2025-03-14T00:03:00,19.99894,70.05776,13.3,339.1,335,SYN-TANKER-BRAVO,IMO9000002,84,0,261,52,True
419000102,2025-03-14T00:06:00,20.00853,70.05241,12.9,334.4,335,SYN-TANKER-BRAVO,IMO9000002,84,0,165,27,True
419000102,2025-03-14T00:09:00,20.01883,70.04845,12.6,336.2,335,SYN-TANKER-BRAVO,IMO9000002,84,0,97,57,True
419000102,2025-03-14T00:12:00,20.02831,70.04303,12.8,335.2,335,SYN-TANKER-BRAVO,IMO9000002,84,0,243,24,True
419000102,2025-03-14T00:15:00,20.03871,70.03908,13.0,336.4,335,SYN-TANKER-BRAVO,IMO9000002,84,0,152,25,True
419000102,2025-03-14T00:18:00,20.0483,70.03421,12.9,335.0,335,SYN-TANKER-BRAVO,IMO9000002,84,0,215,50,True
419000102,2025-03-14T00:21:00,20.05816,70.02912,13.1,334.8,335,SYN-TANKER-BRAVO,IMO9000002,84,0,109,43,True
419000102,2025-03-14T00:24:00,20.06771,70.02414,13.1,337.5,335,SYN-TANKER-BRAVO,IMO9000002,84,0,90,23,True
419000102,2025-03-14T00:27:00,20.078,70.01859,13.3,336.6,335,SYN-TANKER-BRAVO,IMO9000002,84,0,271,53,True
419000102,2025-03-14T00:30:00,20.08736,70.01385,12.9,336.1,335,SYN-TANKER-BRAVO,IMO9000002,84,0,325,34,True
419000102,2025-03-14T00:33:00,20.09695,70.00962,13.0,335.5,335,SYN-TANKER-BRAVO,IMO9000002,84,0,103,51,True
419000102,2025-03-14T00:36:00,20.10651,70.00394,12.9,334.5,335,SYN-TANKER-BRAVO,IMO9000002,84,0,244,22,True
419000102,2025-03-14T00:39:00,20.11676,69.99935,13.0,338.0,335,SYN-TANKER-BRAVO,IMO9000002,84,0,250,21,True
419000102,2025-03-14T00:42:00,20.12659,69.99497,12.8,333.9,335,SYN-TANKER-BRAVO,IMO9000002,84,0,321,19,True
419000102,2025-03-14T00:45:00,20.13651,69.98918,13.1,333.7,335,SYN-TANKER-BRAVO,IMO9000002,84,0,116,49,True
419000102,2025-03-14T00:48:00,20.14624,69.98396,13.2,333.2,335,SYN-TANKER-BRAVO,IMO9000002,84,0,154,42,True
419000102,2025-03-14T00:51:00,20.15536,69.9803,13.0,334.3,335,SYN-TANKER-BRAVO,IMO9000002,84,0,213,35,True
419000102,2025-03-14T00:54:00,20.16547,69.97448,12.8,334.7,335,SYN-TANKER-BRAVO,IMO9000002,84,0,168,26,True
419000102,2025-03-14T00:57:00,20.17528,69.97047,13.2,335.8,335,SYN-TANKER-BRAVO,IMO9000002,84,0,190,50,True
419000102,2025-03-14T01:00:00,20.18515,69.96662,13.1,335.1,335,SYN-TANKER-BRAVO,IMO9000002,84,0,284,40,True
419000102,2025-03-14T01:03:00,20.19511,69.9608,12.7,332.2,335,SYN-TANKER-BRAVO,IMO9000002,84,0,191,24,True
419000102,2025-03-14T01:06:00,20.20453,69.95571,12.8,334.9,335,SYN-TANKER-BRAVO,IMO9000002,84,0,151,18,True
419000102,2025-03-14T01:09:00,20.2146,69.95058,12.9,334.5,335,SYN-TANKER-BRAVO,IMO9000002,84,0,106,52,True
419000102,2025-03-14T01:12:00,20.22458,69.94622,13.0,334.3,335,SYN-TANKER-BRAVO,IMO9000002,84,0,146,34,True
419000102,2025-03-14T01:15:00,20.23413,69.94122,13.1,335.9,335,SYN-TANKER-BRAVO,IMO9000002,84,0,309,50,True
419000102,2025-03-14T01:18:00,20.24411,69.93553,12.9,335.0,335,SYN-TANKER-BRAVO,IMO9000002,84,0,120,55,True
419000102,2025-03-14T01:21:00,20.25421,69.93169,13.0,333.3,335,SYN-TANKER-BRAVO,IMO9000002,84,0,114,46,True
419000102,2025-03-14T01:24:00,20.26456,69.92629,13.0,333.6,335,SYN-TANKER-BRAVO,IMO9000002,84,0,93,32,True
419000102,2025-03-14T01:27:00,20.27318,69.92196,13.1,336.4,335,SYN-TANKER-BRAVO,IMO9000002,84,0,288,45,True
419000102,2025-03-14T01:30:00,20.284,69.91647,13.2,332.8,335,SYN-TANKER-BRAVO,IMO9000002,84,0,160,20,True
419000102,2025-03-14T01:33:00,20.29377,69.91218,13.0,333.8,335,SYN-TANKER-BRAVO,IMO9000002,84,0,195,21,True
419000102,2025-03-14T01:36:00,20.30232,69.90657,12.9,335.4,335,SYN-TANKER-BRAVO,IMO9000002,84,0,117,14,True
419000102,2025-03-14T01:39:00,20.31303,69.90276,13.1,331.9,335,SYN-TANKER-BRAVO,IMO9000002,84,0,141,46,True
419000102,2025-03-14T01:42:00,20.32263,69.89737,12.9,335.2,335,SYN-TANKER-BRAVO,IMO9000002,84,0,117,49,True
419000102,2025-03-14T01:45:00,20.33271,69.89214,13.4,334.5,335,SYN-TANKER-BRAVO,IMO9000002,84,0,259,30,True
419000102,2025-03-14T01:48:00,20.34215,69.88719,13.2,335.4,335,SYN-TANKER-BRAVO,IMO9000002,84,0,304,16,True
419000102,2025-03-14T01:51:00,20.35223,69.88241,13.3,335.6,335,SYN-TANKER-BRAVO,IMO9000002,84,0,268,55,True
419000102,2025-03-14T01:54:00,20.36133,69.87761,13.3,335.7,335,SYN-TANKER-BRAVO,IMO9000002,84,0,275,16,True
419000102,2025-03-14T01:57:00,20.3712,69.87273,13.2,334.8,335,SYN-TANKER-BRAVO,IMO9000002,84,0,84,38,True
419000102,2025-03-14T02:00:00,20.38113,69.86757,12.8,337.2,335,SYN-TANKER-BRAVO,IMO9000002,84,0,86,42,True
419000102,2025-03-14T02:03:00,20.39094,69.86362,13.1,332.1,335,SYN-TANKER-BRAVO,IMO9000002,84,0,300,35,True
419000102,2025-03-14T02:06:00,20.40089,69.85805,12.8,336.5,335,SYN-TANKER-BRAVO,IMO9000002,84,0,228,49,True
419000102,2025-03-14T02:09:00,20.41111,69.85329,12.6,334.0,335,SYN-TANKER-BRAVO,IMO9000002,84,0,316,58,True
419000102,2025-03-14T02:12:00,20.4206,69.84829,13.1,334.4,335,SYN-TANKER-BRAVO,IMO9000002,84,0,131,44,True
419000102,2025-03-14T02:15:00,20.43066,69.84248,12.8,335.5,335,SYN-TANKER-BRAVO,IMO9000002,84,0,91,50,True
419000102,2025-03-14T02:18:00,20.43999,69.83868,12.7,332.9,335,SYN-TANKER-BRAVO,IMO9000002,84,0,296,20,True
419000102,2025-03-14T02:21:00,20.44975,69.83369,13.0,336.4,335,SYN-TANKER-BRAVO,IMO9000002,84,0,249,37,True
419000102,2025-03-14T02:24:00,20.45912,69.82906,13.2,337.4,335,SYN-TANKER-BRAVO,IMO9000002,84,0,279,35,True
419000102,2025-03-14T02:27:00,20.46952,69.82384,12.9,335.1,335,SYN-TANKER-BRAVO,IMO9000002,84,0,246,39,True
419000102,2025-03-14T02:30:00,20.47926,69.81984,13.0,334.6,335,SYN-TANKER-BRAVO,IMO9000002,84,0,314,18,True
419000102,2025-03-14T02:33:00,20.48903,69.81505,12.6,335.3,335,SYN-TANKER-BRAVO,IMO9000002,84,0,99,36,True
419000102,2025-03-14T02:36:00,20.49833,69.80944,12.7,334.1,335,SYN-TANKER-BRAVO,IMO9000002,84,0,87,35,True
419000102,2025-03-14T02:39:00,20.50883,69.80417,12.8,337.3,335,SYN-TANKER-BRAVO,IMO9000002,84,0,155,57,True
419000102,2025-03-14T02:42:00,20.51783,69.79987,12.9,336.6,335,SYN-TANKER-BRAVO,IMO9000002,84,0,123,46,True
419000102,2025-03-14T02:45:00,20.52783,69.79454,12.9,335.7,335,SYN-TANKER-BRAVO,IMO9000002,84,0,253,15,True
419000102,2025-03-14T02:48:00,20.53821,69.78942,12.7,337.1,335,SYN-TANKER-BRAVO,IMO9000002,84,0,241,42,True
419000102,2025-03-14T02:51:00,20.54763,69.78477,12.7,333.3,335,SYN-TANKER-BRAVO,IMO9000002,84,0,108,49,True
419000102,2025-03-14T02:54:00,20.55756,69.77952,13.3,334.0,335,SYN-TANKER-BRAVO,IMO9000002,84,0,244,50,True
419000102,2025-03-14T02:57:00,20.56775,69.77552,13.0,335.4,335,SYN-TANKER-BRAVO,IMO9000002,84,0,313,23,True
419000102,2025-03-14T03:00:00,20.57711,69.76997,13.0,335.7,335,SYN-TANKER-BRAVO,IMO9000002,84,0,83,32,True
419000102,2025-03-14T03:03:00,20.58695,69.76547,12.9,335.6,335,SYN-TANKER-BRAVO,IMO9000002,84,0,257,20,True
419000102,2025-03-14T03:06:00,20.59697,69.76033,12.4,336.9,335,SYN-TANKER-BRAVO,IMO9000002,84,0,136,40,True
419000102,2025-03-14T03:09:00,20.60681,69.75603,12.9,334.8,335,SYN-TANKER-BRAVO,IMO9000002,84,0,220,22,True
419000102,2025-03-14T03:12:00,20.61706,69.75047,13.0,334.4,335,SYN-TANKER-BRAVO,IMO9000002,84,0,173,56,True
419000103,2025-03-13T22:05:00,19.29937,70.88717,13.8,270.9,270,SYN-CARGO-CHARLIE,IMO9000003,70,0,146,19,True
419000103,2025-03-13T22:08:00,19.30015,70.87557,14.0,268.0,270,SYN-CARGO-CHARLIE,IMO9000003,70,0,317,51,True
419000103,2025-03-13T22:11:00,19.30052,70.86293,14.1,268.9,270,SYN-CARGO-CHARLIE,IMO9000003,70,0,303,24,True
419000103,2025-03-13T22:14:00,19.30002,70.84994,14.3,272.4,270,SYN-CARGO-CHARLIE,IMO9000003,70,0,281,46,True
419000103,2025-03-13T22:17:00,19.30028,70.83798,13.9,271.2,270,SYN-CARGO-CHARLIE,IMO9000003,70,0,89,30,True
419000103,2025-03-13T22:20:00,19.30037,70.82585,13.7,273.2,270,SYN-CARGO-CHARLIE,IMO9000003,70,0,268,50,True
419000103,2025-03-13T22:23:00,19.301,70.81374,14.1,271.0,270,SYN-CARGO-CHARLIE,IMO9000003,70,0,297,18,True
419000103,2025-03-13T22:26:00,19.3,70.80116,13.9,269.1,270,SYN-CARGO-CHARLIE,IMO9000003,70,0,284,18,True
419000103,2025-03-13T22:29:00,19.3005,70.78956,14.2,269.1,270,SYN-CARGO-CHARLIE,IMO9000003,70,0,268,39,True
419000103,2025-03-13T22:32:00,19.30049,70.77756,14.0,269.8,270,SYN-CARGO-CHARLIE,IMO9000003,70,0,262,43,True
419000103,2025-03-13T22:35:00,19.29992,70.76464,13.6,269.8,270,SYN-CARGO-CHARLIE,IMO9000003,70,0,192,30,True
419000103,2025-03-13T22:38:00,19.29983,70.75178,14.0,271.7,270,SYN-CARGO-CHARLIE,IMO9000003,70,0,137,51,True
419000103,2025-03-13T22:41:00,19.29958,70.7394,14.3,271.6,270,SYN-CARGO-CHARLIE,IMO9000003,70,0,127,52,True
419000103,2025-03-13T22:44:00,19.29942,70.72678,13.9,270.9,270,SYN-CARGO-CHARLIE,IMO9000003,70,0,237,15,True
419000103,2025-03-13T22:47:00,19.30049,70.71446,14.2,268.9,270,SYN-CARGO-CHARLIE,IMO9000003,70,0,108,46,True
419000103,2025-03-13T22:50:00,19.2998,70.70296,14.1,272.5,270,SYN-CARGO-CHARLIE,IMO9000003,70,0,297,21,True
419000103,2025-03-13T22:53:00,19.29895,70.69036,13.7,269.4,270,SYN-CARGO-CHARLIE,IMO9000003,70,0,328,16,True
419000103,2025-03-13T22:56:00,19.29965,70.67716,13.8,267.6,270,SYN-CARGO-CHARLIE,IMO9000003,70,0,224,27,True
419000103,2025-03-13T22:59:00,19.29957,70.66508,13.7,271.4,270,SYN-CARGO-CHARLIE,IMO9000003,70,0,149,41,True
419000103,2025-03-13T23:02:00,19.30032,70.65363,13.9,270.3,270,SYN-CARGO-CHARLIE,IMO9000003,70,0,142,31,True
419000103,2025-03-13T23:05:00,19.30033,70.64074,14.2,268.3,270,SYN-CARGO-CHARLIE,IMO9000003,70,0,96,24,True
419000103,2025-03-13T23:08:00,19.30033,70.62906,14.5,269.7,270,SYN-CARGO-CHARLIE,IMO9000003,70,0,295,32,True
419000103,2025-03-13T23:11:00,19.30019,70.61637,14.1,269.8,270,SYN-CARGO-CHARLIE,IMO9000003,70,0,265,14,True
419000103,2025-03-13T23:14:00,19.29985,70.60403,13.7,271.4,270,SYN-CARGO-CHARLIE,IMO9000003,70,0,240,14,True
419000103,2025-03-13T23:17:00,19.30027,70.5916,13.7,267.5,270,SYN-CARGO-CHARLIE,IMO9000003,70,0,202,33,True
419000103,2025-03-13T23:20:00,19.2996,70.57923,13.7,270.3,270,SYN-CARGO-CHARLIE,IMO9000003,70,0,145,54,True
419000103,2025-03-13T23:23:00,19.29992,70.56726,14.0,270.2,270,SYN-CARGO-CHARLIE,IMO9000003,70,0,212,49,True
419000103,2025-03-13T23:26:00,19.30012,70.55451,14.0,270.3,270,SYN-CARGO-CHARLIE,IMO9000003,70,0,228,45,True
419000103,2025-03-13T23:29:00,19.30011,70.54186,14.0,270.6,270,SYN-CARGO-CHARLIE,IMO9000003,70,0,182,49,True
419000103,2025-03-13T23:32:00,19.30019,70.52986,13.7,270.0,270,SYN-CARGO-CHARLIE,IMO9000003,70,0,137,36,True
419000103,2025-03-13T23:35:00,19.29931,70.51807,14.2,270.2,270,SYN-CARGO-CHARLIE,IMO9000003,70,0,307,24,True
419000103,2025-03-13T23:38:00,19.29916,70.50455,13.7,269.9,270,SYN-CARGO-CHARLIE,IMO9000003,70,0,227,38,True
419000103,2025-03-13T23:41:00,19.30021,70.49295,13.9,268.8,270,SYN-CARGO-CHARLIE,IMO9000003,70,0,212,51,True
419000103,2025-03-13T23:44:00,19.30069,70.48018,13.8,268.5,270,SYN-CARGO-CHARLIE,IMO9000003,70,0,263,52,True
419000103,2025-03-13T23:47:00,19.29962,70.46834,14.2,269.2,270,SYN-CARGO-CHARLIE,IMO9000003,70,0,288,48,True
419000103,2025-03-13T23:50:00,19.29995,70.45595,13.9,269.7,270,SYN-CARGO-CHARLIE,IMO9000003,70,0,170,32,True
419000103,2025-03-13T23:53:00,19.30076,70.44354,14.1,269.9,270,SYN-CARGO-CHARLIE,IMO9000003,70,0,84,24,True
419000103,2025-03-13T23:56:00,19.30003,70.43091,14.0,271.5,270,SYN-CARGO-CHARLIE,IMO9000003,70,0,325,46,True
419000103,2025-03-13T23:59:00,19.29937,70.41794,13.8,270.5,270,SYN-CARGO-CHARLIE,IMO9000003,70,0,318,44,True
419000103,2025-03-14T00:02:00,19.30057,70.40616,14.2,270.3,270,SYN-CARGO-CHARLIE,IMO9000003,70,0,253,15,True
419000103,2025-03-14T00:05:00,19.30077,70.3941,14.0,271.1,270,SYN-CARGO-CHARLIE,IMO9000003,70,0,144,33,True
419000103,2025-03-14T00:08:00,19.29951,70.38125,14.3,269.0,270,SYN-CARGO-CHARLIE,IMO9000003,70,0,84,35,True
419000103,2025-03-14T00:11:00,19.30064,70.36905,13.8,269.3,270,SYN-CARGO-CHARLIE,IMO9000003,70,0,237,16,True
419000103,2025-03-14T00:14:00,19.29946,70.35757,14.2,269.7,270,SYN-CARGO-CHARLIE,IMO9000003,70,0,171,22,True
419000103,2025-03-14T00:17:00,19.30107,70.34432,13.9,269.2,270,SYN-CARGO-CHARLIE,IMO9000003,70,0,273,27,True
419000103,2025-03-14T00:20:00,19.2998,70.33239,14.0,270.6,270,SYN-CARGO-CHARLIE,IMO9000003,70,0,291,48,True
419000103,2025-03-14T00:23:00,19.30029,70.32078,13.8,270.7,270,SYN-CARGO-CHARLIE,IMO9000003,70,0,111,22,True
419000103,2025-03-14T00:26:00,19.2994,70.3088,14.4,269.8,270,SYN-CARGO-CHARLIE,IMO9000003,70,0,121,34,True
419000103,2025-03-14T00:29:00,19.30035,70.2955,14.3,271.7,270,SYN-CARGO-CHARLIE,IMO9000003,70,0,313,33,True
419000103,2025-03-14T00:32:00,19.30037,70.28311,14.3,269.0,270,SYN-CARGO-CHARLIE,IMO9000003,70,0,231,18,True
419000103,2025-03-14T00:35:00,19.29984,70.27085,14.0,269.9,270,SYN-CARGO-CHARLIE,IMO9000003,70,0,237,21,True
419000103,2025-03-14T00:38:00,19.29974,70.25756,14.3,272.3,270,SYN-CARGO-CHARLIE,IMO9000003,70,0,287,51,True
419000103,2025-03-14T00:41:00,19.29957,70.2454,14.3,269.2,270,SYN-CARGO-CHARLIE,IMO9000003,70,0,166,22,True
419000103,2025-03-14T00:44:00,19.29916,70.23356,13.8,269.6,270,SYN-CARGO-CHARLIE,IMO9000003,70,0,161,23,True
419000103,2025-03-14T00:47:00,19.29916,70.22064,14.0,270.7,270,SYN-CARGO-CHARLIE,IMO9000003,70,0,120,37,True
419000103,2025-03-14T00:50:00,19.29935,70.20926,14.2,268.1,270,SYN-CARGO-CHARLIE,IMO9000003,70,0,216,37,True
419000103,2025-03-14T00:53:00,19.29993,70.19716,13.7,267.9,270,SYN-CARGO-CHARLIE,IMO9000003,70,0,163,52,True
419000103,2025-03-14T00:56:00,19.30047,70.18479,14.2,267.6,270,SYN-CARGO-CHARLIE,IMO9000003,70,0,237,47,True
419000103,2025-03-14T00:59:00,19.30023,70.17195,14.1,270.7,270,SYN-CARGO-CHARLIE,IMO9000003,70,0,97,33,True
419000103,2025-03-14T01:02:00,19.29996,70.15954,14.0,269.7,270,SYN-CARGO-CHARLIE,IMO9000003,70,0,243,22,True
419000103,2025-03-14T01:05:00,19.29996,70.14707,14.0,268.9,270,SYN-CARGO-CHARLIE,IMO9000003,70,0,92,34,True
419000103,2025-03-14T01:08:00,19.29985,70.13518,13.8,271.8,270,SYN-CARGO-CHARLIE,IMO9000003,70,0,182,30,True
419000103,2025-03-14T01:11:00,19.29949,70.12274,13.9,268.4,270,SYN-CARGO-CHARLIE,IMO9000003,70,0,152,50,True
419000103,2025-03-14T01:14:00,19.29977,70.10998,14.0,270.3,270,SYN-CARGO-CHARLIE,IMO9000003,70,0,166,27,True
419000103,2025-03-14T01:17:00,19.29919,70.09788,13.8,268.8,270,SYN-CARGO-CHARLIE,IMO9000003,70,0,328,25,True
419000103,2025-03-14T01:20:00,19.29987,70.08514,14.0,269.0,270,SYN-CARGO-CHARLIE,IMO9000003,70,0,159,29,True
419000103,2025-03-14T01:23:00,19.29972,70.07275,13.9,268.1,270,SYN-CARGO-CHARLIE,IMO9000003,70,0,113,54,True
419000103,2025-03-14T01:26:00,19.29966,70.06086,13.6,271.7,270,SYN-CARGO-CHARLIE,IMO9000003,70,0,176,54,True
419000103,2025-03-14T01:29:00,19.30077,70.04823,14.1,269.4,270,SYN-CARGO-CHARLIE,IMO9000003,70,0,80,43,True
419000103,2025-03-14T01:32:00,19.30044,70.03635,13.9,270.7,270,SYN-CARGO-CHARLIE,IMO9000003,70,0,213,43,True
419000103,2025-03-14T01:35:00,19.29934,70.02445,14.5,269.6,270,SYN-CARGO-CHARLIE,IMO9000003,70,0,219,15,True
419000103,2025-03-14T01:38:00,19.29914,70.01193,13.8,270.7,270,SYN-CARGO-CHARLIE,IMO9000003,70,0,207,44,True
419000103,2025-03-14T01:41:00,19.30025,69.99925,13.9,270.0,270,SYN-CARGO-CHARLIE,IMO9000003,70,0,290,55,True
419000103,2025-03-14T01:44:00,19.30042,69.98649,14.1,271.7,270,SYN-CARGO-CHARLIE,IMO9000003,70,0,218,25,True
419000103,2025-03-14T01:47:00,19.29951,69.97499,13.9,267.5,270,SYN-CARGO-CHARLIE,IMO9000003,70,0,210,44,True
419000103,2025-03-14T01:50:00,19.29979,69.96222,13.8,268.7,270,SYN-CARGO-CHARLIE,IMO9000003,70,0,229,46,True
419000103,2025-03-14T01:53:00,19.30007,69.9498,14.1,267.8,270,SYN-CARGO-CHARLIE,IMO9000003,70,0,328,49,True
419000103,2025-03-14T01:56:00,19.30033,69.93781,14.2,269.3,270,SYN-CARGO-CHARLIE,IMO9000003,70,0,136,40,True
419000103,2025-03-14T01:59:00,19.2989,69.92508,14.0,269.8,270,SYN-CARGO-CHARLIE,IMO9000003,70,0,161,16,True
419000103,2025-03-14T02:02:00,19.29943,69.91227,13.6,270.0,270,SYN-CARGO-CHARLIE,IMO9000003,70,0,139,57,True
419000103,2025-03-14T02:05:00,19.29948,69.90077,14.2,270.9,270,SYN-CARGO-CHARLIE,IMO9000003,70,0,207,49,True
419000103,2025-03-14T02:08:00,19.29982,69.88824,14.4,268.6,270,SYN-CARGO-CHARLIE,IMO9000003,70,0,316,48,True
419000103,2025-03-14T02:11:00,19.30002,69.87554,14.0,267.2,270,SYN-CARGO-CHARLIE,IMO9000003,70,0,292,45,True
419000103,2025-03-14T02:14:00,19.29997,69.86431,14.2,267.3,270,SYN-CARGO-CHARLIE,IMO9000003,70,0,106,17,True
419000103,2025-03-14T02:17:00,19.29988,69.85101,14.1,268.6,270,SYN-CARGO-CHARLIE,IMO9000003,70,0,82,44,True
419000103,2025-03-14T02:20:00,19.30039,69.839,14.0,269.5,270,SYN-CARGO-CHARLIE,IMO9000003,70,0,274,38,True
419000103,2025-03-14T02:23:00,19.30007,69.82743,14.2,269.2,270,SYN-CARGO-CHARLIE,IMO9000003,70,0,306,33,True
419000103,2025-03-14T02:26:00,19.30058,69.81415,14.0,269.9,270,SYN-CARGO-CHARLIE,IMO9000003,70,0,178,14,True
419000103,2025-03-14T02:29:00,19.29906,69.80179,14.0,271.1,270,SYN-CARGO-CHARLIE,IMO9000003,70,0,218,31,True
419000103,2025-03-14T02:32:00,19.30032,69.78929,14.0,268.8,270,SYN-CARGO-CHARLIE,IMO9000003,70,0,311,24,True
419000103,2025-03-14T02:35:00,19.2995,69.77732,13.8,269.5,270,SYN-CARGO-CHARLIE,IMO9000003,70,0,276,31,True
419000103,2025-03-14T02:38:00,19.2995,69.76469,14.0,268.8,270,SYN-CARGO-CHARLIE,IMO9000003,70,0,160,32,True
419000103,2025-03-14T02:41:00,19.29991,69.75203,13.7,268.6,270,SYN-CARGO-CHARLIE,IMO9000003,70,0,137,43,True
419000103,2025-03-14T02:44:00,19.29966,69.73988,13.8,271.7,270,SYN-CARGO-CHARLIE,IMO9000003,70,0,185,33,True
419000103,2025-03-14T02:47:00,19.30012,69.7279,13.9,269.9,270,SYN-CARGO-CHARLIE,IMO9000003,70,0,145,58,True
419000103,2025-03-14T02:50:00,19.30006,69.7151,13.8,268.4,270,SYN-CARGO-CHARLIE,IMO9000003,70,0,189,26,True
419000103,2025-03-14T02:53:00,19.30025,69.70289,14.1,269.9,270,SYN-CARGO-CHARLIE,IMO9000003,70,0,99,37,True
419000103,2025-03-14T02:56:00,19.29977,69.69136,14.0,264.1,270,SYN-CARGO-CHARLIE,IMO9000003,70,0,118,53,True
419000103,2025-03-14T02:59:00,19.29981,69.67778,14.6,271.1,270,SYN-CARGO-CHARLIE,IMO9000003,70,0,160,26,True
419000103,2025-03-14T03:02:00,19.29954,69.66618,13.8,269.8,270,SYN-CARGO-CHARLIE,IMO9000003,70,0,255,49,True
419000104,2025-03-13T17:35:00,18.76154,70.53223,15.2,5.7,10,SYN-CARGO-DELTA,IMO9000004,71,0,214,23,True
419000104,2025-03-13T17:38:00,18.77467,70.53496,15.1,9.2,10,SYN-CARGO-DELTA,IMO9000004,71,0,217,54,True
419000104,2025-03-13T17:41:00,18.78592,70.53696,14.7,8.9,10,SYN-CARGO-DELTA,IMO9000004,71,0,113,43,True
419000104,2025-03-13T17:44:00,18.79863,70.5391,14.9,9.2,10,SYN-CARGO-DELTA,IMO9000004,71,0,150,39,True
419000104,2025-03-13T17:47:00,18.81095,70.54161,14.9,9.6,10,SYN-CARGO-DELTA,IMO9000004,71,0,91,38,True
419000104,2025-03-13T17:50:00,18.82406,70.54365,15.2,6.4,10,SYN-CARGO-DELTA,IMO9000004,71,0,150,56,True
419000104,2025-03-13T17:53:00,18.83633,70.54682,15.1,11.7,10,SYN-CARGO-DELTA,IMO9000004,71,0,266,20,True
419000104,2025-03-13T17:56:00,18.84809,70.54832,14.9,12.9,10,SYN-CARGO-DELTA,IMO9000004,71,0,233,29,True
419000104,2025-03-13T17:59:00,18.86088,70.55051,14.9,10.0,10,SYN-CARGO-DELTA,IMO9000004,71,0,306,28,True
419000104,2025-03-13T18:02:00,18.87277,70.55185,15.1,9.0,10,SYN-CARGO-DELTA,IMO9000004,71,0,284,35,True
419000104,2025-03-13T18:05:00,18.88524,70.55444,14.9,8.7,10,SYN-CARGO-DELTA,IMO9000004,71,0,217,39,True
419000104,2025-03-13T18:08:00,18.89715,70.55725,15.2,9.1,10,SYN-CARGO-DELTA,IMO9000004,71,0,81,35,True
419000104,2025-03-13T18:11:00,18.90993,70.56011,15.0,11.5,10,SYN-CARGO-DELTA,IMO9000004,71,0,101,46,True
419000104,2025-03-13T18:14:00,18.92287,70.56226,15.0,10.0,10,SYN-CARGO-DELTA,IMO9000004,71,0,298,22,True
419000104,2025-03-13T18:17:00,18.93403,70.5641,15.2,7.8,10,SYN-CARGO-DELTA,IMO9000004,71,0,300,39,True
419000104,2025-03-13T18:20:00,18.94695,70.56642,15.0,9.4,10,SYN-CARGO-DELTA,IMO9000004,71,0,281,36,True
419000104,2025-03-13T18:23:00,18.95923,70.56884,15.4,10.1,10,SYN-CARGO-DELTA,IMO9000004,71,0,85,22,True
419000104,2025-03-13T18:26:00,18.97097,70.57109,14.5,9.2,10,SYN-CARGO-DELTA,IMO9000004,71,0,320,59,True
419000104,2025-03-13T18:29:00,18.98301,70.57365,14.9,11.3,10,SYN-CARGO-DELTA,IMO9000004,71,0,228,36,True
419000104,2025-03-13T18:32:00,18.99612,70.57544,15.1,8.0,10,SYN-CARGO-DELTA,IMO9000004,71,0,90,22,True
419000104,2025-03-13T18:35:00,19.00863,70.57742,14.9,12.2,10,SYN-CARGO-DELTA,IMO9000004,71,0,99,56,True
419000104,2025-03-13T18:38:00,19.02044,70.58001,15.1,9.8,10,SYN-CARGO-DELTA,IMO9000004,71,0,329,34,True
419000104,2025-03-13T18:41:00,19.03315,70.58294,15.0,10.9,10,SYN-CARGO-DELTA,IMO9000004,71,0,130,16,True
419000104,2025-03-13T18:44:00,19.04498,70.58522,14.8,11.8,10,SYN-CARGO-DELTA,IMO9000004,71,0,211,17,True
419000104,2025-03-13T18:47:00,19.05752,70.58722,15.1,10.3,10,SYN-CARGO-DELTA,IMO9000004,71,0,131,43,True
419000104,2025-03-13T18:50:00,19.06983,70.58935,14.9,11.4,10,SYN-CARGO-DELTA,IMO9000004,71,0,256,53,True
419000104,2025-03-13T18:53:00,19.08145,70.59152,15.2,12.6,10,SYN-CARGO-DELTA,IMO9000004,71,0,195,57,True
419000104,2025-03-13T18:56:00,19.09338,70.59328,15.2,8.7,10,SYN-CARGO-DELTA,IMO9000004,71,0,269,19,True
419000104,2025-03-13T18:59:00,19.10554,70.59707,14.9,8.0,10,SYN-CARGO-DELTA,IMO9000004,71,0,140,17,True
419000104,2025-03-13T19:02:00,19.119,70.59815,14.8,9.4,10,SYN-CARGO-DELTA,IMO9000004,71,0,94,37,True
419000104,2025-03-13T19:05:00,19.13127,70.60168,15.1,10.4,10,SYN-CARGO-DELTA,IMO9000004,71,0,225,41,True
419000104,2025-03-13T19:08:00,19.14283,70.60325,15.2,9.4,10,SYN-CARGO-DELTA,IMO9000004,71,0,200,46,True
419000104,2025-03-13T19:11:00,19.15599,70.60585,15.2,13.3,10,SYN-CARGO-DELTA,IMO9000004,71,0,86,34,True
419000104,2025-03-13T19:14:00,19.16839,70.60859,14.9,9.0,10,SYN-CARGO-DELTA,IMO9000004,71,0,120,32,True
419000104,2025-03-13T19:17:00,19.17981,70.61022,15.1,8.3,10,SYN-CARGO-DELTA,IMO9000004,71,0,295,43,True
419000104,2025-03-13T19:20:00,19.19234,70.61264,14.8,13.4,10,SYN-CARGO-DELTA,IMO9000004,71,0,229,24,True
419000104,2025-03-13T19:23:00,19.20368,70.61469,15.0,10.4,10,SYN-CARGO-DELTA,IMO9000004,71,0,83,29,True
419000104,2025-03-13T19:26:00,19.21664,70.61699,15.1,10.4,10,SYN-CARGO-DELTA,IMO9000004,71,0,115,33,True
419000104,2025-03-13T19:29:00,19.22921,70.62011,14.9,11.0,10,SYN-CARGO-DELTA,IMO9000004,71,0,104,49,True
419000104,2025-03-13T19:32:00,19.24051,70.62199,15.2,10.5,10,SYN-CARGO-DELTA,IMO9000004,71,0,133,38,True
419000104,2025-03-13T19:35:00,19.25303,70.62358,15.1,8.5,10,SYN-CARGO-DELTA,IMO9000004,71,0,236,17,True
419000104,2025-03-13T19:38:00,19.26551,70.62653,15.0,10.9,10,SYN-CARGO-DELTA,IMO9000004,71,0,104,52,True
419000104,2025-03-13T19:41:00,19.27813,70.62821,15.0,9.1,10,SYN-CARGO-DELTA,IMO9000004,71,0,136,35,True
419000104,2025-03-13T19:44:00,19.28985,70.63034,15.0,11.2,10,SYN-CARGO-DELTA,IMO9000004,71,0,104,21,True
419000104,2025-03-13T19:47:00,19.30316,70.6332,14.6,10.9,10,SYN-CARGO-DELTA,IMO9000004,71,0,140,26,True
419000104,2025-03-13T19:50:00,19.31536,70.63597,15.0,7.8,10,SYN-CARGO-DELTA,IMO9000004,71,0,239,40,True
419000104,2025-03-13T19:53:00,19.32743,70.63779,14.9,8.7,10,SYN-CARGO-DELTA,IMO9000004,71,0,121,19,True
419000104,2025-03-13T19:56:00,19.34062,70.63944,14.7,9.0,10,SYN-CARGO-DELTA,IMO9000004,71,0,292,53,True
419000104,2025-03-13T19:59:00,19.35241,70.64265,14.9,12.7,10,SYN-CARGO-DELTA,IMO9000004,71,0,270,32,True
419000104,2025-03-13T20:02:00,19.36478,70.64535,15.4,9.0,10,SYN-CARGO-DELTA,IMO9000004,71,0,144,35,True
419000104,2025-03-13T20:05:00,19.37675,70.64706,15.2,9.9,10,SYN-CARGO-DELTA,IMO9000004,71,0,97,20,True
419000104,2025-03-13T20:08:00,19.38939,70.65015,15.3,9.2,10,SYN-CARGO-DELTA,IMO9000004,71,0,104,28,True
419000104,2025-03-13T20:11:00,19.40167,70.6511,14.8,11.0,10,SYN-CARGO-DELTA,IMO9000004,71,0,244,42,True
419000104,2025-03-13T20:14:00,19.4137,70.65317,14.4,7.5,10,SYN-CARGO-DELTA,IMO9000004,71,0,138,22,True
419000104,2025-03-13T20:17:00,19.42566,70.65622,15.0,9.4,10,SYN-CARGO-DELTA,IMO9000004,71,0,305,51,True
419000104,2025-03-13T20:20:00,19.43904,70.65871,14.8,10.7,10,SYN-CARGO-DELTA,IMO9000004,71,0,198,26,True
419000104,2025-03-13T20:23:00,19.44995,70.66128,15.4,8.9,10,SYN-CARGO-DELTA,IMO9000004,71,0,308,35,True
419000104,2025-03-13T20:26:00,19.46312,70.66268,15.2,10.4,10,SYN-CARGO-DELTA,IMO9000004,71,0,220,51,True
419000104,2025-03-13T20:29:00,19.47469,70.66568,15.0,10.8,10,SYN-CARGO-DELTA,IMO9000004,71,0,103,47,True
419000104,2025-03-13T20:32:00,19.48724,70.66741,15.0,11.4,10,SYN-CARGO-DELTA,IMO9000004,71,0,216,59,True
419000104,2025-03-13T20:35:00,19.4998,70.66914,15.1,8.9,10,SYN-CARGO-DELTA,IMO9000004,71,0,136,40,True
419000104,2025-03-13T20:38:00,19.51167,70.67256,14.9,12.4,10,SYN-CARGO-DELTA,IMO9000004,71,0,220,43,True
419000104,2025-03-13T20:41:00,19.52326,70.67515,15.0,9.7,10,SYN-CARGO-DELTA,IMO9000004,71,0,301,32,True
419000104,2025-03-13T20:44:00,19.53656,70.67663,15.0,8.7,10,SYN-CARGO-DELTA,IMO9000004,71,0,299,54,True
419000104,2025-03-13T20:47:00,19.54895,70.67891,15.1,10.9,10,SYN-CARGO-DELTA,IMO9000004,71,0,223,32,True
419000104,2025-03-13T20:50:00,19.56052,70.68124,15.1,9.0,10,SYN-CARGO-DELTA,IMO9000004,71,0,278,35,True
419000104,2025-03-13T20:53:00,19.57315,70.68371,14.7,11.1,10,SYN-CARGO-DELTA,IMO9000004,71,0,93,19,True
419000104,2025-03-13T20:56:00,19.58665,70.68623,14.6,9.2,10,SYN-CARGO-DELTA,IMO9000004,71,0,268,20,True
419000104,2025-03-13T20:59:00,19.59771,70.68874,15.0,11.1,10,SYN-CARGO-DELTA,IMO9000004,71,0,153,49,True
419000104,2025-03-13T21:02:00,19.6101,70.69052,15.2,8.0,10,SYN-CARGO-DELTA,IMO9000004,71,0,190,29,True
419000104,2025-03-13T21:05:00,19.62247,70.6925,14.7,10.3,10,SYN-CARGO-DELTA,IMO9000004,71,0,267,37,True
419000104,2025-03-13T21:08:00,19.63531,70.69473,14.9,9.0,10,SYN-CARGO-DELTA,IMO9000004,71,0,246,15,True
419000104,2025-03-13T21:11:00,19.64752,70.69805,15.0,10.8,10,SYN-CARGO-DELTA,IMO9000004,71,0,244,52,True
419000104,2025-03-13T21:14:00,19.65953,70.69976,14.7,8.1,10,SYN-CARGO-DELTA,IMO9000004,71,0,150,44,True
419000104,2025-03-13T21:17:00,19.67198,70.70219,15.1,12.0,10,SYN-CARGO-DELTA,IMO9000004,71,0,266,55,True
419000104,2025-03-13T21:20:00,19.68335,70.70428,15.1,9.6,10,SYN-CARGO-DELTA,IMO9000004,71,0,177,40,True
419000104,2025-03-13T21:23:00,19.69581,70.70652,15.0,10.8,10,SYN-CARGO-DELTA,IMO9000004,71,0,286,24,True
419000104,2025-03-13T21:26:00,19.70878,70.70913,15.3,11.0,10,SYN-CARGO-DELTA,IMO9000004,71,0,291,24,True
419000104,2025-03-13T21:29:00,19.71973,70.71136,15.1,8.7,10,SYN-CARGO-DELTA,IMO9000004,71,0,117,37,True
419000104,2025-03-13T21:32:00,19.73278,70.71352,14.9,7.8,10,SYN-CARGO-DELTA,IMO9000004,71,0,89,35,True
419000104,2025-03-13T21:35:00,19.74563,70.7161,15.1,8.4,10,SYN-CARGO-DELTA,IMO9000004,71,0,189,37,True
419000104,2025-03-13T21:38:00,19.75768,70.71858,14.5,8.5,10,SYN-CARGO-DELTA,IMO9000004,71,0,255,29,True
419000104,2025-03-13T21:41:00,19.76951,70.71972,14.8,12.3,10,SYN-CARGO-DELTA,IMO9000004,71,0,164,43,True
419000104,2025-03-13T21:44:00,19.78239,70.72325,15.0,13.9,10,SYN-CARGO-DELTA,IMO9000004,71,0,227,35,True
419000104,2025-03-13T21:47:00,19.7942,70.72545,15.0,11.4,10,SYN-CARGO-DELTA,IMO9000004,71,0,233,17,True
419000104,2025-03-13T21:50:00,19.80669,70.7268,15.0,10.1,10,SYN-CARGO-DELTA,IMO9000004,71,0,234,27,True
419000104,2025-03-13T21:53:00,19.81959,70.72906,15.1,8.9,10,SYN-CARGO-DELTA,IMO9000004,71,0,236,14,True
419000104,2025-03-13T21:56:00,19.83156,70.73217,14.9,6.9,10,SYN-CARGO-DELTA,IMO9000004,71,0,123,33,True
419000104,2025-03-13T21:59:00,19.84305,70.73417,15.1,10.4,10,SYN-CARGO-DELTA,IMO9000004,71,0,107,52,True
419000104,2025-03-13T22:02:00,19.85568,70.73663,15.2,9.4,10,SYN-CARGO-DELTA,IMO9000004,71,0,135,48,True
419000104,2025-03-13T22:05:00,19.86842,70.73868,15.0,9.7,10,SYN-CARGO-DELTA,IMO9000004,71,0,302,15,True
419000104,2025-03-13T22:08:00,19.88062,70.74204,14.8,13.4,10,SYN-CARGO-DELTA,IMO9000004,71,0,302,53,True
419000104,2025-03-13T22:11:00,19.89262,70.74324,15.1,10.8,10,SYN-CARGO-DELTA,IMO9000004,71,0,319,41,True
419000104,2025-03-13T22:14:00,19.90541,70.74601,15.1,11.4,10,SYN-CARGO-DELTA,IMO9000004,71,0,268,55,True
419000104,2025-03-13T22:17:00,19.91789,70.74779,15.4,9.3,10,SYN-CARGO-DELTA,IMO9000004,71,0,142,56,True
419000104,2025-03-13T22:20:00,19.92987,70.75077,15.3,7.5,10,SYN-CARGO-DELTA,IMO9000004,71,0,159,23,True
419000104,2025-03-13T22:23:00,19.94192,70.75242,15.2,9.1,10,SYN-CARGO-DELTA,IMO9000004,71,0,97,57,True
419000104,2025-03-13T22:26:00,19.95466,70.75517,15.4,10.7,10,SYN-CARGO-DELTA,IMO9000004,71,0,186,53,True
419000104,2025-03-13T22:29:00,19.96633,70.75721,14.9,8.0,10,SYN-CARGO-DELTA,IMO9000004,71,0,248,18,True
419000104,2025-03-13T22:32:00,19.97865,70.75982,14.8,9.3,10,SYN-CARGO-DELTA,IMO9000004,71,0,252,55,True
419000104,2025-03-13T22:35:00,19.99078,70.76201,14.9,9.7,10,SYN-CARGO-DELTA,IMO9000004,71,0,182,55,True
419000104,2025-03-13T22:38:00,20.00333,70.76412,14.9,10.3,10,SYN-CARGO-DELTA,IMO9000004,71,0,285,51,True
419000104,2025-03-13T22:41:00,20.01467,70.76704,14.9,12.0,10,SYN-CARGO-DELTA,IMO9000004,71,0,226,52,True
419000104,2025-03-13T22:44:00,20.02811,70.76934,15.2,9.2,10,SYN-CARGO-DELTA,IMO9000004,71,0,155,38,True
419000104,2025-03-13T22:47:00,20.03943,70.77209,15.1,10.9,10,SYN-CARGO-DELTA,IMO9000004,71,0,280,19,True
419000104,2025-03-13T22:50:00,20.05278,70.77397,15.4,8.6,10,SYN-CARGO-DELTA,IMO9000004,71,0,282,31,True
419000104,2025-03-13T22:53:00,20.06457,70.77577,14.8,8.3,10,SYN-CARGO-DELTA,IMO9000004,71,0,105,35,True
419000104,2025-03-13T22:56:00,20.07759,70.77783,15.0,9.8,10,SYN-CARGO-DELTA,IMO9000004,71,0,259,22,True
419000104,2025-03-13T22:59:00,20.08944,70.78046,14.9,10.3,10,SYN-CARGO-DELTA,IMO9000004,71,0,271,14,True
419000104,2025-03-13T23:02:00,20.10145,70.78192,14.7,7.9,10,SYN-CARGO-DELTA,IMO9000004,71,0,221,53,True
419000104,2025-03-13T23:05:00,20.11379,70.78496,15.4,8.7,10,SYN-CARGO-DELTA,IMO9000004,71,0,140,27,True
419000104,2025-03-13T23:08:00,20.12625,70.78667,14.7,13.6,10,SYN-CARGO-DELTA,IMO9000004,71,0,208,33,True
419000104,2025-03-13T23:11:00,20.13821,70.78938,14.9,10.7,10,SYN-CARGO-DELTA,IMO9000004,71,0,268,58,True
419000104,2025-03-13T23:14:00,20.15119,70.79231,14.7,10.7,10,SYN-CARGO-DELTA,IMO9000004,71,0,197,42,True
419000104,2025-03-13T23:17:00,20.16277,70.79446,14.9,11.0,10,SYN-CARGO-DELTA,IMO9000004,71,0,112,19,True
419000104,2025-03-13T23:20:00,20.17577,70.79706,15.1,10.7,10,SYN-CARGO-DELTA,IMO9000004,71,0,118,34,True
419000104,2025-03-13T23:23:00,20.18838,70.79914,14.9,11.3,10,SYN-CARGO-DELTA,IMO9000004,71,0,187,38,True
419000104,2025-03-13T23:26:00,20.20032,70.80103,15.0,9.8,10,SYN-CARGO-DELTA,IMO9000004,71,0,143,37,True
419000104,2025-03-13T23:29:00,20.21206,70.80307,14.7,11.0,10,SYN-CARGO-DELTA,IMO9000004,71,0,262,41,True
419000104,2025-03-13T23:32:00,20.22398,70.80621,15.1,10.8,10,SYN-CARGO-DELTA,IMO9000004,71,0,129,17,True
419000105,2025-03-13T17:15:00,18.96416,71.0056,17.9,19.2,20,SYN-CNTR-ECHO,IMO9000005,79,0,218,20,True
419000105,2025-03-13T17:18:00,18.97856,71.01103,18.0,21.0,20,SYN-CNTR-ECHO,IMO9000005,79,0,267,59,True
419000105,2025-03-13T17:21:00,18.9923,71.01566,18.3,19.6,20,SYN-CNTR-ECHO,IMO9000005,79,0,201,40,True
419000105,2025-03-13T17:24:00,19.00643,71.02152,18.0,20.0,20,SYN-CNTR-ECHO,IMO9000005,79,0,104,21,True
419000105,2025-03-13T17:27:00,19.02012,71.02734,17.8,20.7,20,SYN-CNTR-ECHO,IMO9000005,79,0,132,41,True
419000105,2025-03-13T17:30:00,19.03502,71.03238,17.9,17.9,20,SYN-CNTR-ECHO,IMO9000005,79,0,318,36,True
419000105,2025-03-13T17:33:00,19.0488,71.03755,17.8,19.6,20,SYN-CNTR-ECHO,IMO9000005,79,0,81,18,True
419000105,2025-03-13T17:36:00,19.06194,71.04313,18.0,19.1,20,SYN-CNTR-ECHO,IMO9000005,79,0,205,58,True
419000105,2025-03-13T17:39:00,19.07666,71.04826,17.8,19.0,20,SYN-CNTR-ECHO,IMO9000005,79,0,248,39,True
419000105,2025-03-13T17:42:00,19.09117,71.05433,18.0,21.1,20,SYN-CNTR-ECHO,IMO9000005,79,0,255,43,True
419000105,2025-03-13T17:45:00,19.10439,71.05925,18.1,21.1,20,SYN-CNTR-ECHO,IMO9000005,79,0,253,14,True
419000105,2025-03-13T17:48:00,19.11972,71.06505,17.9,21.0,20,SYN-CNTR-ECHO,IMO9000005,79,0,222,23,True
419000105,2025-03-13T17:51:00,19.13268,71.06999,17.9,19.9,20,SYN-CNTR-ECHO,IMO9000005,79,0,200,39,True
419000105,2025-03-13T17:54:00,19.14771,71.07653,17.8,22.9,20,SYN-CNTR-ECHO,IMO9000005,79,0,311,43,True
419000105,2025-03-13T17:57:00,19.16174,71.08164,18.1,19.3,20,SYN-CNTR-ECHO,IMO9000005,79,0,94,54,True
419000105,2025-03-13T18:00:00,19.17451,71.0867,18.0,20.7,20,SYN-CNTR-ECHO,IMO9000005,79,0,242,31,True
419000105,2025-03-13T18:03:00,19.18916,71.09249,17.3,20.1,20,SYN-CNTR-ECHO,IMO9000005,79,0,89,34,True
419000105,2025-03-13T18:06:00,19.20268,71.09731,17.8,18.6,20,SYN-CNTR-ECHO,IMO9000005,79,0,205,23,True
419000105,2025-03-13T18:09:00,19.2168,71.10231,17.9,20.0,20,SYN-CNTR-ECHO,IMO9000005,79,0,83,33,True
419000105,2025-03-13T18:12:00,19.2313,71.10861,18.3,20.5,20,SYN-CNTR-ECHO,IMO9000005,79,0,147,58,True
419000105,2025-03-13T18:15:00,19.24495,71.11337,18.0,18.3,20,SYN-CNTR-ECHO,IMO9000005,79,0,96,50,True
419000105,2025-03-13T18:18:00,19.25904,71.12001,18.2,17.6,20,SYN-CNTR-ECHO,IMO9000005,79,0,185,53,True
419000105,2025-03-13T18:21:00,19.27269,71.12451,18.1,16.5,20,SYN-CNTR-ECHO,IMO9000005,79,0,276,53,True
419000105,2025-03-13T18:24:00,19.28763,71.13034,17.9,19.7,20,SYN-CNTR-ECHO,IMO9000005,79,0,87,16,True
419000105,2025-03-13T18:27:00,19.30228,71.13581,18.0,18.4,20,SYN-CNTR-ECHO,IMO9000005,79,0,172,27,True
419000105,2025-03-13T18:30:00,19.31506,71.14044,18.5,22.4,20,SYN-CNTR-ECHO,IMO9000005,79,0,241,38,True
419000105,2025-03-13T18:33:00,19.33,71.1466,18.4,19.7,20,SYN-CNTR-ECHO,IMO9000005,79,0,181,54,True
419000105,2025-03-13T18:36:00,19.34423,71.15144,18.0,17.7,20,SYN-CNTR-ECHO,IMO9000005,79,0,281,42,True
419000105,2025-03-13T18:39:00,19.35746,71.15697,18.1,21.3,20,SYN-CNTR-ECHO,IMO9000005,79,0,216,18,True
419000105,2025-03-13T18:42:00,19.3731,71.16293,17.7,19.7,20,SYN-CNTR-ECHO,IMO9000005,79,0,215,45,True
419000105,2025-03-13T18:45:00,19.38622,71.16803,17.7,21.5,20,SYN-CNTR-ECHO,IMO9000005,79,0,151,59,True
419000105,2025-03-13T18:48:00,19.40023,71.17398,17.7,19.3,20,SYN-CNTR-ECHO,IMO9000005,79,0,159,30,True
419000105,2025-03-13T18:51:00,19.41429,71.17896,17.9,22.2,20,SYN-CNTR-ECHO,IMO9000005,79,0,118,58,True
419000105,2025-03-13T18:54:00,19.42822,71.18406,18.1,18.6,20,SYN-CNTR-ECHO,IMO9000005,79,0,173,36,True
419000105,2025-03-13T18:57:00,19.44298,71.18985,18.2,18.7,20,SYN-CNTR-ECHO,IMO9000005,79,0,296,45,True
419000105,2025-03-13T19:00:00,19.45561,71.19546,18.0,22.0,20,SYN-CNTR-ECHO,IMO9000005,79,0,197,53,True
419000105,2025-03-13T19:03:00,19.47078,71.20027,18.0,21.6,20,SYN-CNTR-ECHO,IMO9000005,79,0,206,54,True
419000105,2025-03-13T19:06:00,19.48504,71.20597,17.7,18.3,20,SYN-CNTR-ECHO,IMO9000005,79,0,279,47,True
419000105,2025-03-13T19:09:00,19.49868,71.21058,18.3,21.7,20,SYN-CNTR-ECHO,IMO9000005,79,0,236,57,True
419000105,2025-03-13T19:12:00,19.51343,71.21719,18.0,19.9,20,SYN-CNTR-ECHO,IMO9000005,79,0,266,20,True
419000105,2025-03-13T19:15:00,19.52675,71.2224,17.9,19.4,20,SYN-CNTR-ECHO,IMO9000005,79,0,220,37,True
419000105,2025-03-13T19:18:00,19.54059,71.22756,18.0,21.7,20,SYN-CNTR-ECHO,IMO9000005,79,0,276,17,True
419000105,2025-03-13T19:21:00,19.55513,71.23258,17.9,21.1,20,SYN-CNTR-ECHO,IMO9000005,79,0,139,31,True
419000105,2025-03-13T19:24:00,19.56905,71.23854,17.8,20.2,20,SYN-CNTR-ECHO,IMO9000005,79,0,314,57,True
419000105,2025-03-13T19:27:00,19.58303,71.24344,17.7,18.0,20,SYN-CNTR-ECHO,IMO9000005,79,0,113,17,True
419000105,2025-03-13T19:30:00,19.5965,71.2492,17.8,18.3,20,SYN-CNTR-ECHO,IMO9000005,79,0,139,46,True
419000105,2025-03-13T19:33:00,19.61131,71.25544,17.8,19.6,20,SYN-CNTR-ECHO,IMO9000005,79,0,86,31,True
419000105,2025-03-13T19:36:00,19.6252,71.26028,18.1,20.0,20,SYN-CNTR-ECHO,IMO9000005,79,0,232,35,True
419000105,2025-03-13T19:39:00,19.63941,71.26586,17.7,17.6,20,SYN-CNTR-ECHO,IMO9000005,79,0,311,20,True
419000105,2025-03-13T19:42:00,19.6539,71.27143,18.0,21.5,20,SYN-CNTR-ECHO,IMO9000005,79,0,276,25,True
419000105,2025-03-13T19:45:00,19.667,71.27721,18.1,18.5,20,SYN-CNTR-ECHO,IMO9000005,79,0,98,24,True
419000105,2025-03-13T19:48:00,19.68162,71.28188,17.7,19.0,20,SYN-CNTR-ECHO,IMO9000005,79,0,117,26,True
419000105,2025-03-13T19:51:00,19.69579,71.28757,17.9,19.4,20,SYN-CNTR-ECHO,IMO9000005,79,0,104,52,True
419000105,2025-03-13T19:54:00,19.70971,71.29372,18.3,23.2,20,SYN-CNTR-ECHO,IMO9000005,79,0,262,14,True
419000105,2025-03-13T19:57:00,19.72316,71.29884,18.1,21.5,20,SYN-CNTR-ECHO,IMO9000005,79,0,136,50,True
419000105,2025-03-13T20:00:00,19.73795,71.30395,17.8,20.1,20,SYN-CNTR-ECHO,IMO9000005,79,0,296,40,True
419000105,2025-03-13T20:03:00,19.75239,71.3096,18.1,21.7,20,SYN-CNTR-ECHO,IMO9000005,79,0,213,29,True
419000105,2025-03-13T20:06:00,19.76578,71.31474,18.1,20.6,20,SYN-CNTR-ECHO,IMO9000005,79,0,134,19,True
419000105,2025-03-13T20:09:00,19.78064,71.32114,17.8,18.5,20,SYN-CNTR-ECHO,IMO9000005,79,0,241,45,True
419000105,2025-03-13T20:12:00,19.79433,71.32553,17.7,20.9,20,SYN-CNTR-ECHO,IMO9000005,79,0,119,25,True
419000105,2025-03-13T20:15:00,19.80833,71.33159,17.9,18.0,20,SYN-CNTR-ECHO,IMO9000005,79,0,280,56,True
419000105,2025-03-13T20:18:00,19.82208,71.33647,17.8,21.6,20,SYN-CNTR-ECHO,IMO9000005,79,0,306,21,True
419000105,2025-03-13T20:21:00,19.83567,71.34139,17.8,19.4,20,SYN-CNTR-ECHO,IMO9000005,79,0,260,54,True
419000105,2025-03-13T20:24:00,19.85009,71.34709,18.1,22.6,20,SYN-CNTR-ECHO,IMO9000005,79,0,136,21,True
419000105,2025-03-13T20:27:00,19.86446,71.35307,17.8,18.5,20,SYN-CNTR-ECHO,IMO9000005,79,0,172,19,True
419000105,2025-03-13T20:30:00,19.87857,71.35823,18.2,19.6,20,SYN-CNTR-ECHO,IMO9000005,79,0,200,54,True
419000105,2025-03-13T20:33:00,19.89273,71.36417,18.1,21.4,20,SYN-CNTR-ECHO,IMO9000005,79,0,325,15,True
419000105,2025-03-13T20:36:00,19.90691,71.36948,18.0,20.4,20,SYN-CNTR-ECHO,IMO9000005,79,0,301,57,True
419000105,2025-03-13T20:39:00,19.92106,71.37461,18.1,20.9,20,SYN-CNTR-ECHO,IMO9000005,79,0,239,43,True
419000105,2025-03-13T20:42:00,19.93561,71.38007,18.1,20.5,20,SYN-CNTR-ECHO,IMO9000005,79,0,127,19,True
419000105,2025-03-13T20:45:00,19.94848,71.38598,18.0,20.7,20,SYN-CNTR-ECHO,IMO9000005,79,0,105,24,True
419000105,2025-03-13T20:48:00,19.96304,71.39143,17.8,23.3,20,SYN-CNTR-ECHO,IMO9000005,79,0,249,36,True
419000105,2025-03-13T20:51:00,19.9768,71.39738,18.0,19.5,20,SYN-CNTR-ECHO,IMO9000005,79,0,105,41,True
419000105,2025-03-13T20:54:00,19.99195,71.40195,17.9,21.6,20,SYN-CNTR-ECHO,IMO9000005,79,0,294,54,True
419000105,2025-03-13T20:57:00,20.00561,71.4074,17.8,19.9,20,SYN-CNTR-ECHO,IMO9000005,79,0,265,52,True
419000105,2025-03-13T21:00:00,20.01969,71.4129,18.0,20.1,20,SYN-CNTR-ECHO,IMO9000005,79,0,227,42,True
419000105,2025-03-13T21:03:00,20.03351,71.41857,18.1,19.8,20,SYN-CNTR-ECHO,IMO9000005,79,0,101,54,True
419000105,2025-03-13T21:06:00,20.04275,71.4312,18.3,53.0,55,SYN-CNTR-ECHO,IMO9000005,79,0,320,15,True
419000105,2025-03-13T21:09:00,20.05069,71.44394,18.1,54.4,55,SYN-CNTR-ECHO,IMO9000005,79,0,85,36,True
419000105,2025-03-13T21:12:00,20.05866,71.45717,18.4,55.3,55,SYN-CNTR-ECHO,IMO9000005,79,0,260,18,True
419000105,2025-03-13T21:15:00,20.06821,71.47017,17.6,54.8,55,SYN-CNTR-ECHO,IMO9000005,79,0,179,40,True
419000105,2025-03-13T21:18:00,20.0767,71.48381,18.3,56.2,55,SYN-CNTR-ECHO,IMO9000005,79,0,156,21,True
419000105,2025-03-13T21:21:00,20.08482,71.49603,18.1,56.1,55,SYN-CNTR-ECHO,IMO9000005,79,0,285,49,True
419000105,2025-03-13T21:24:00,20.09371,71.50994,18.3,56.7,55,SYN-CNTR-ECHO,IMO9000005,79,0,301,54,True
419000105,2025-03-13T21:27:00,20.10215,71.52271,18.2,54.3,55,SYN-CNTR-ECHO,IMO9000005,79,0,203,56,True
419000105,2025-03-13T21:30:00,20.1105,71.5358,18.0,53.3,55,SYN-CNTR-ECHO,IMO9000005,79,0,289,36,True
419000105,2025-03-13T21:33:00,20.11963,71.54863,18.2,57.3,55,SYN-CNTR-ECHO,IMO9000005,79,0,216,47,True
419000105,2025-03-13T21:36:00,20.12812,71.56229,17.7,55.6,55,SYN-CNTR-ECHO,IMO9000005,79,0,202,33,True
419000105,2025-03-13T21:39:00,20.13704,71.57484,17.9,54.2,55,SYN-CNTR-ECHO,IMO9000005,79,0,196,30,True
419000105,2025-03-13T21:42:00,20.14503,71.58706,17.9,56.5,55,SYN-CNTR-ECHO,IMO9000005,79,0,148,28,True
419000105,2025-03-13T21:45:00,20.15948,71.59354,18.1,19.2,20,SYN-CNTR-ECHO,IMO9000005,79,0,150,51,True
419000105,2025-03-13T21:48:00,20.17316,71.59963,17.9,18.7,20,SYN-CNTR-ECHO,IMO9000005,79,0,143,41,True
419000105,2025-03-13T21:51:00,20.18653,71.60415,18.5,19.5,20,SYN-CNTR-ECHO,IMO9000005,79,0,233,50,True
419000105,2025-03-13T21:54:00,20.20066,71.61006,17.8,18.8,20,SYN-CNTR-ECHO,IMO9000005,79,0,320,14,True
419000105,2025-03-13T21:57:00,20.21538,71.61513,18.1,18.0,20,SYN-CNTR-ECHO,IMO9000005,79,0,89,43,True
419000105,2025-03-13T22:00:00,20.22956,71.6208,17.9,22.2,20,SYN-CNTR-ECHO,IMO9000005,79,0,270,21,True
419000105,2025-03-13T22:03:00,20.24369,71.62648,18.1,20.7,20,SYN-CNTR-ECHO,IMO9000005,79,0,305,57,True
419000105,2025-03-13T22:06:00,20.25816,71.63204,17.6,21.3,20,SYN-CNTR-ECHO,IMO9000005,79,0,170,26,True
419000105,2025-03-13T22:09:00,20.27176,71.63717,17.7,20.4,20,SYN-CNTR-ECHO,IMO9000005,79,0,254,34,True
419000105,2025-03-13T22:12:00,20.28535,71.6429,18.1,20.5,20,SYN-CNTR-ECHO,IMO9000005,79,0,214,45,True
419000105,2025-03-13T22:15:00,20.30003,71.64882,18.0,19.9,20,SYN-CNTR-ECHO,IMO9000005,79,0,245,36,True
419000105,2025-03-13T22:18:00,20.31452,71.65328,18.0,22.9,20,SYN-CNTR-ECHO,IMO9000005,79,0,262,58,True
419000105,2025-03-13T22:21:00,20.32868,71.65903,18.2,17.2,20,SYN-CNTR-ECHO,IMO9000005,79,0,215,45,True
419000105,2025-03-13T22:24:00,20.3428,71.66469,18.1,20.2,20,SYN-CNTR-ECHO,IMO9000005,79,0,163,53,True
419000105,2025-03-13T22:27:00,20.35609,71.66956,17.6,20.1,20,SYN-CNTR-ECHO,IMO9000005,79,0,119,53,True
419000105,2025-03-13T22:30:00,20.37076,71.67561,17.7,19.3,20,SYN-CNTR-ECHO,IMO9000005,79,0,132,31,True
419000105,2025-03-13T22:33:00,20.38441,71.68149,18.1,18.4,20,SYN-CNTR-ECHO,IMO9000005,79,0,198,57,True
419000105,2025-03-13T22:36:00,20.39845,71.68723,18.1,18.5,20,SYN-CNTR-ECHO,IMO9000005,79,0,235,25,True
419000105,2025-03-13T22:39:00,20.4128,71.69165,18.1,20.9,20,SYN-CNTR-ECHO,IMO9000005,79,0,198,52,True
419000105,2025-03-13T22:42:00,20.42649,71.69737,18.3,20.3,20,SYN-CNTR-ECHO,IMO9000005,79,0,318,16,True
419000105,2025-03-13T22:45:00,20.44083,71.70247,18.5,22.1,20,SYN-CNTR-ECHO,IMO9000005,79,0,234,45,True
419000105,2025-03-13T22:48:00,20.45471,71.70824,17.6,20.2,20,SYN-CNTR-ECHO,IMO9000005,79,0,125,23,True
419000105,2025-03-13T22:51:00,20.46848,71.71415,18.0,21.5,20,SYN-CNTR-ECHO,IMO9000005,79,0,320,27,True
419000105,2025-03-13T22:54:00,20.48364,71.71899,17.9,18.6,20,SYN-CNTR-ECHO,IMO9000005,79,0,129,31,True
419000105,2025-03-13T22:57:00,20.49793,71.72495,18.0,20.2,20,SYN-CNTR-ECHO,IMO9000005,79,0,320,23,True
419000105,2025-03-13T23:00:00,20.51055,71.72963,17.8,20.9,20,SYN-CNTR-ECHO,IMO9000005,79,0,183,55,True
419000105,2025-03-13T23:03:00,20.52468,71.73578,17.7,18.9,20,SYN-CNTR-ECHO,IMO9000005,79,0,182,38,True
419000105,2025-03-13T23:06:00,20.53877,71.74079,17.6,18.9,20,SYN-CNTR-ECHO,IMO9000005,79,0,208,39,True
419000105,2025-03-13T23:09:00,20.55293,71.74691,17.9,20.0,20,SYN-CNTR-ECHO,IMO9000005,79,0,254,22,True
419000105,2025-03-13T23:12:00,20.56794,71.75219,18.0,19.7,20,SYN-CNTR-ECHO,IMO9000005,79,0,159,57,True
419000105,2025-03-13T23:15:00,20.58153,71.75769,17.6,22.1,20,SYN-CNTR-ECHO,IMO9000005,79,0,271,58,True
419000105,2025-03-13T23:18:00,20.5947,71.76292,18.3,20.4,20,SYN-CNTR-ECHO,IMO9000005,79,0,160,27,True
419000105,2025-03-13T23:21:00,20.60951,71.7684,18.0,20.5,20,SYN-CNTR-ECHO,IMO9000005,79,0,91,30,True
419000105,2025-03-13T23:24:00,20.62336,71.77393,18.5,19.2,20,SYN-CNTR-ECHO,IMO9000005,79,0,304,37,True
419000105,2025-03-13T23:27:00,20.63798,71.78017,18.1,17.5,20,SYN-CNTR-ECHO,IMO9000005,79,0,229,51,True
419000105,2025-03-13T23:30:00,20.65184,71.7845,18.2,23.9,20,SYN-CNTR-ECHO,IMO9000005,79,0,216,28,True
419000105,2025-03-13T23:33:00,20.66519,71.79017,18.4,17.9,20,SYN-CNTR-ECHO,IMO9000005,79,0,292,43,True
419000105,2025-03-13T23:36:00,20.67964,71.79599,17.8,22.3,20,SYN-CNTR-ECHO,IMO9000005,79,0,234,27,True
419000105,2025-03-13T23:39:00,20.69473,71.80101,17.8,20.2,20,SYN-CNTR-ECHO,IMO9000005,79,0,109,22,True
419000105,2025-03-13T23:42:00,20.7079,71.80654,18.2,22.2,20,SYN-CNTR-ECHO,IMO9000005,79,0,323,40,True
419000105,2025-03-13T23:45:00,20.72247,71.81158,18.0,19.9,20,SYN-CNTR-ECHO,IMO9000005,79,0,293,59,True
419000105,2025-03-13T23:48:00,20.73613,71.81741,17.9,20.2,20,SYN-CNTR-ECHO,IMO9000005,79,0,211,34,True
419000105,2025-03-13T23:51:00,20.74994,71.82311,17.7,22.5,20,SYN-CNTR-ECHO,IMO9000005,79,0,140,38,True
419000105,2025-03-13T23:54:00,20.76386,71.82839,18.1,21.4,20,SYN-CNTR-ECHO,IMO9000005,79,0,162,21,True
419000105,2025-03-13T23:57:00,20.77767,71.83469,17.7,23.1,20,SYN-CNTR-ECHO,IMO9000005,79,0,150,26,True
419000105,2025-03-14T00:00:00,20.79233,71.83968,18.2,19.8,20,SYN-CNTR-ECHO,IMO9000005,79,0,214,23,True
419000105,2025-03-14T00:03:00,20.80696,71.84542,17.8,19.9,20,SYN-CNTR-ECHO,IMO9000005,79,0,99,51,True
419000105,2025-03-14T00:06:00,20.82001,71.8507,18.0,19.0,20,SYN-CNTR-ECHO,IMO9000005,79,0,231,21,True
419000105,2025-03-14T00:09:00,20.83485,71.85633,17.7,20.8,20,SYN-CNTR-ECHO,IMO9000005,79,0,304,49,True
419000105,2025-03-14T00:12:00,20.84876,71.86165,18.0,21.0,20,SYN-CNTR-ECHO,IMO9000005,79,0,305,19,True
419000105,2025-03-14T00:15:00,20.86238,71.86779,17.8,24.3,20,SYN-CNTR-ECHO,IMO9000005,79,0,146,24,True
419000105,2025-03-14T00:18:00,20.87692,71.87237,17.8,20.0,20,SYN-CNTR-ECHO,IMO9000005,79,0,316,34,True
419000105,2025-03-14T00:21:00,20.891,71.87817,18.4,18.0,20,SYN-CNTR-ECHO,IMO9000005,79,0,165,14,True
419000105,2025-03-14T00:24:00,20.90478,71.88358,18.2,23.8,20,SYN-CNTR-ECHO,IMO9000005,79,0,129,52,True
419000105,2025-03-14T00:27:00,20.91919,71.88814,18.3,21.4,20,SYN-CNTR-ECHO,IMO9000005,79,0,235,38,True
419000105,2025-03-14T00:30:00,20.93238,71.89448,17.9,17.1,20,SYN-CNTR-ECHO,IMO9000005,79,0,198,28,True
419000105,2025-03-14T00:33:00,20.94796,71.89965,17.7,22.7,20,SYN-CNTR-ECHO,IMO9000005,79,0,300,29,True
419000105,2025-03-14T00:36:00,20.96071,71.90509,18.1,23.4,20,SYN-CNTR-ECHO,IMO9000005,79,0,317,42,True
419000105,2025-03-14T00:39:00,20.9755,71.9112,17.9,20.2,20,SYN-CNTR-ECHO,IMO9000005,79,0,165,37,True
419000105,2025-03-14T00:42:00,20.98954,71.91601,18.2,19.7,20,SYN-CNTR-ECHO,IMO9000005,79,0,271,36,True
419000105,2025-03-14T00:45:00,21.00275,71.92119,18.2,19.5,20,SYN-CNTR-ECHO,IMO9000005,79,0,307,23,True
419000105,2025-03-14T00:48:00,21.01673,71.92723,18.0,21.0,20,SYN-CNTR-ECHO,IMO9000005,79,0,130,35,True
419000105,2025-03-14T00:51:00,21.0317,71.93267,18.2,18.8,20,SYN-CNTR-ECHO,IMO9000005,79,0,231,44,True
419000105,2025-03-14T00:54:00,21.04574,71.93853,18.0,20.7,20,SYN-CNTR-ECHO,IMO9000005,79,0,277,15,True
419000105,2025-03-14T00:57:00,21.06023,71.94342,18.0,21.0,20,SYN-CNTR-ECHO,IMO9000005,79,0,253,36,True
419000105,2025-03-14T01:00:00,21.07321,71.94943,17.7,17.3,20,SYN-CNTR-ECHO,IMO9000005,79,0,197,31,True
419000105,2025-03-14T01:03:00,21.08716,71.95537,17.6,20.6,20,SYN-CNTR-ECHO,IMO9000005,79,0,85,26,True
419000105,2025-03-14T01:06:00,21.10131,71.95958,17.9,18.7,20,SYN-CNTR-ECHO,IMO9000005,79,0,185,30,True
419000105,2025-03-14T01:09:00,21.11567,71.96516,18.0,19.5,20,SYN-CNTR-ECHO,IMO9000005,79,0,95,40,True
419000105,2025-03-14T01:12:00,21.12966,71.97115,18.1,18.3,20,SYN-CNTR-ECHO,IMO9000005,79,0,275,44,True
419000105,2025-03-14T01:15:00,21.14463,71.97667,18.1,20.8,20,SYN-CNTR-ECHO,IMO9000005,79,0,266,44,True
419000105,2025-03-14T01:18:00,21.15779,71.98303,18.1,18.6,20,SYN-CNTR-ECHO,IMO9000005,79,0,286,38,True
419000105,2025-03-14T01:21:00,21.17199,71.98722,17.9,20.9,20,SYN-CNTR-ECHO,IMO9000005,79,0,170,54,True
419000105,2025-03-14T01:24:00,21.18603,71.99219,18.0,19.8,20,SYN-CNTR-ECHO,IMO9000005,79,0,171,53,True
419000105,2025-03-14T01:27:00,21.20021,71.99856,18.0,20.6,20,SYN-CNTR-ECHO,IMO9000005,79,0,118,49,True
419000105,2025-03-14T01:30:00,21.21393,72.0039,17.8,19.9,20,SYN-CNTR-ECHO,IMO9000005,79,0,144,28,True
419000105,2025-03-14T01:33:00,21.22878,72.00926,18.0,19.1,20,SYN-CNTR-ECHO,IMO9000005,79,0,210,48,True
419000105,2025-03-14T01:36:00,21.24302,72.01446,17.9,16.5,20,SYN-CNTR-ECHO,IMO9000005,79,0,93,31,True
419000105,2025-03-14T01:39:00,21.25651,72.02006,18.3,23.7,20,SYN-CNTR-ECHO,IMO9000005,79,0,248,54,True
419000105,2025-03-14T01:42:00,21.27098,72.02537,17.9,20.7,20,SYN-CNTR-ECHO,IMO9000005,79,0,97,56,True
419000105,2025-03-14T01:45:00,21.2844,72.03132,18.0,21.3,20,SYN-CNTR-ECHO,IMO9000005,79,0,183,39,True
419000105,2025-03-14T01:48:00,21.29805,72.03654,18.0,22.2,20,SYN-CNTR-ECHO,IMO9000005,79,0,185,48,True
419000105,2025-03-14T01:51:00,21.31317,72.04264,17.9,21.5,20,SYN-CNTR-ECHO,IMO9000005,79,0,161,16,True
419000105,2025-03-14T01:54:00,21.32716,72.04739,18.1,18.9,20,SYN-CNTR-ECHO,IMO9000005,79,0,239,58,True
419000105,2025-03-14T01:57:00,21.34102,72.05375,17.7,19.4,20,SYN-CNTR-ECHO,IMO9000005,79,0,230,52,True
419000105,2025-03-14T02:00:00,21.35503,72.05875,18.2,19.4,20,SYN-CNTR-ECHO,IMO9000005,79,0,207,54,True
419000105,2025-03-14T02:03:00,21.36896,72.06415,17.4,19.5,20,SYN-CNTR-ECHO,IMO9000005,79,0,244,27,True
419000105,2025-03-14T02:06:00,21.38318,72.07007,18.2,20.0,20,SYN-CNTR-ECHO,IMO9000005,79,0,183,59,True
419000105,2025-03-14T02:09:00,21.39792,72.07549,18.1,20.3,20,SYN-CNTR-ECHO,IMO9000005,79,0,143,17,True
419000105,2025-03-14T02:12:00,21.41146,72.08084,18.3,21.0,20,SYN-CNTR-ECHO,IMO9000005,79,0,285,29,True
419000110,2025-03-13T17:17:00,19.17118,70.33437,3.5,59.2,62,SYN-FISH-0,,30,0,190,54,True
419000110,2025-03-13T17:22:00,19.17805,70.33721,3.7,63.1,62,SYN-FISH-0,,30,0,177,22,True
419000110,2025-03-13T17:27:00,19.17642,70.34075,3.6,63.1,62,SYN-FISH-0,,30,0,196,52,True
419000110,2025-03-13T17:32:00,19.18089,70.34655,3.5,63.0,62,SYN-FISH-0,,30,0,199,23,True
419000110,2025-03-13T17:37:00,19.18194,70.35127,3.2,65.3,62,SYN-FISH-0,,30,0,251,19,True
419000110,2025-03-13T17:42:00,19.18349,70.35941,3.1,62.5,62,SYN-FISH-0,,30,0,312,18,True
419000110,2025-03-13T17:47:00,19.18772,70.36326,3.5,62.7,62,SYN-FISH-0,,30,0,314,50,True
419000110,2025-03-13T17:52:00,19.1844,70.37061,3.5,60.3,62,SYN-FISH-0,,30,0,276,29,True
419000110,2025-03-13T17:57:00,19.19185,70.37119,3.3,61.4,62,SYN-FISH-0,,30,0,257,45,True
419000110,2025-03-13T18:02:00,19.19447,70.37351,3.2,64.1,62,SYN-FISH-0,,30,0,122,33,True
419000110,2025-03-13T18:07:00,19.19144,70.37655,3.3,63.4,62,SYN-FISH-0,,30,0,314,44,True
419000110,2025-03-13T18:12:00,19.19756,70.38195,3.8,63.0,62,SYN-FISH-0,,30,0,215,46,True
419000110,2025-03-13T18:17:00,19.20178,70.39154,3.5,61.7,62,SYN-FISH-0,,30,0,94,53,True
419000110,2025-03-13T18:22:00,19.19973,70.39182,3.5,64.5,62,SYN-FISH-0,,30,0,271,21,True
419000110,2025-03-13T18:27:00,19.20055,70.398,3.8,64.8,62,SYN-FISH-0,,30,0,199,56,True
419000110,2025-03-13T18:32:00,19.20514,70.40612,3.7,62.0,62,SYN-FISH-0,,30,0,180,44,True
419000110,2025-03-13T18:37:00,19.20812,70.40772,3.8,62.2,62,SYN-FISH-0,,30,0,260,19,True
419000110,2025-03-13T18:42:00,19.20938,70.40903,3.5,62.2,62,SYN-FISH-0,,30,0,215,45,True
419000110,2025-03-13T18:47:00,19.20865,70.41828,3.6,62.1,62,SYN-FISH-0,,30,0,117,25,True
419000110,2025-03-13T18:52:00,19.21825,70.41901,4.0,60.2,62,SYN-FISH-0,,30,0,237,29,True
419000110,2025-03-13T18:57:00,19.21639,70.42451,3.5,63.4,62,SYN-FISH-0,,30,0,239,49,True
419000110,2025-03-13T19:02:00,19.22071,70.43349,3.1,63.4,62,SYN-FISH-0,,30,0,220,22,True
419000110,2025-03-13T19:07:00,19.21786,70.43459,3.5,61.4,62,SYN-FISH-0,,30,0,178,42,True
419000110,2025-03-13T19:12:00,19.22686,70.43951,3.4,64.0,62,SYN-FISH-0,,30,0,161,26,True
419000110,2025-03-13T19:17:00,19.22473,70.44951,3.8,63.0,62,SYN-FISH-0,,30,0,105,56,True
419000110,2025-03-13T19:22:00,19.23384,70.45039,2.8,61.8,62,SYN-FISH-0,,30,0,82,46,True
419000110,2025-03-13T19:27:00,19.22824,70.45287,3.4,62.6,62,SYN-FISH-0,,30,0,318,22,True
419000110,2025-03-13T19:32:00,19.23488,70.45677,3.4,63.3,62,SYN-FISH-0,,30,0,233,54,True
419000110,2025-03-13T19:37:00,19.23337,70.46507,3.4,63.0,62,SYN-FISH-0,,30,0,94,33,True
419000110,2025-03-13T19:42:00,19.23685,70.46809,3.8,61.8,62,SYN-FISH-0,,30,0,149,43,True
419000110,2025-03-13T19:47:00,19.24159,70.47319,3.4,63.7,62,SYN-FISH-0,,30,0,100,18,True
419000110,2025-03-13T19:52:00,19.24098,70.47923,3.3,64.3,62,SYN-FISH-0,,30,0,85,50,True
419000110,2025-03-13T19:57:00,19.24248,70.47943,3.3,62.9,62,SYN-FISH-0,,30,0,286,32,True
419000110,2025-03-13T20:02:00,19.24466,70.48811,3.4,60.8,62,SYN-FISH-0,,30,0,190,26,True
419000110,2025-03-13T20:07:00,19.24521,70.48942,3.3,63.7,62,SYN-FISH-0,,30,0,241,26,True
419000110,2025-03-13T20:12:00,19.24751,70.49121,3.5,63.6,62,SYN-FISH-0,,30,0,325,38,True
419000110,2025-03-13T20:17:00,19.24979,70.50165,3.7,61.4,62,SYN-FISH-0,,30,0,325,28,True
419000110,2025-03-13T20:22:00,19.25501,70.50469,3.6,62.5,62,SYN-FISH-0,,30,0,321,49,True
419000110,2025-03-13T20:27:00,19.25494,70.50736,3.6,61.9,62,SYN-FISH-0,,30,0,93,22,True
419000110,2025-03-13T20:32:00,19.2598,70.50853,3.4,65.4,62,SYN-FISH-0,,30,0,212,50,True
419000110,2025-03-13T20:37:00,19.25948,70.51612,3.5,62.7,62,SYN-FISH-0,,30,0,155,42,True
419000110,2025-03-13T20:42:00,19.26289,70.52293,3.4,59.9,62,SYN-FISH-0,,30,0,253,20,True
419000110,2025-03-13T20:47:00,19.26569,70.53069,3.7,63.9,62,SYN-FISH-0,,30,0,193,22,True
419000110,2025-03-13T20:52:00,19.26765,70.53589,3.7,64.5,62,SYN-FISH-0,,30,0,145,50,True
419000110,2025-03-13T20:57:00,19.27376,70.53727,3.9,65.6,62,SYN-FISH-0,,30,0,150,40,True
419000110,2025-03-13T21:02:00,19.27378,70.53519,3.6,63.7,62,SYN-FISH-0,,30,0,149,52,True
419000110,2025-03-13T21:07:00,19.27033,70.54497,3.4,63.7,62,SYN-FISH-0,,30,0,288,46,True
419000110,2025-03-13T21:12:00,19.27751,70.54759,3.6,64.0,62,SYN-FISH-0,,30,0,218,47,True
419000110,2025-03-13T21:17:00,19.27843,70.55168,3.6,63.1,62,SYN-FISH-0,,30,0,193,26,True
419000110,2025-03-13T21:22:00,19.28353,70.55619,3.3,62.3,62,SYN-FISH-0,,30,0,210,24,True
419000110,2025-03-13T21:27:00,19.28229,70.56463,3.6,63.4,62,SYN-FISH-0,,30,0,126,56,True
419000110,2025-03-13T21:32:00,19.28123,70.56729,3.7,63.6,62,SYN-FISH-0,,30,0,132,40,True
419000110,2025-03-13T21:37:00,19.28938,70.57157,3.5,64.7,62,SYN-FISH-0,,30,0,324,14,True
419000110,2025-03-13T21:42:00,19.28957,70.57945,3.7,64.8,62,SYN-FISH-0,,30,0,151,36,True
419000110,2025-03-13T21:47:00,19.29296,70.57795,3.1,63.1,62,SYN-FISH-0,,30,0,256,18,True
419000110,2025-03-13T21:52:00,19.29362,70.5866,3.1,60.5,62,SYN-FISH-0,,30,0,306,30,True
419000110,2025-03-13T21:57:00,19.29949,70.58853,3.6,62.7,62,SYN-FISH-0,,30,0,137,37,True
419000110,2025-03-13T22:02:00,19.29709,70.59265,3.3,60.3,62,SYN-FISH-0,,30,0,158,55,True
419000110,2025-03-13T22:07:00,19.29756,70.60186,3.7,63.5,62,SYN-FISH-0,,30,0,159,44,True
419000110,2025-03-13T22:12:00,19.30356,70.60635,3.8,63.4,62,SYN-FISH-0,,30,0,274,58,True
419000110,2025-03-13T22:17:00,19.30123,70.60947,3.8,62.4,62,SYN-FISH-0,,30,0,324,24,True
419000110,2025-03-13T22:22:00,19.30523,70.61456,3.4,63.8,62,SYN-FISH-0,,30,0,253,56,True
419000110,2025-03-13T22:27:00,19.31161,70.62065,3.6,62.2,62,SYN-FISH-0,,30,0,136,37,True
419000110,2025-03-13T22:32:00,19.31045,70.6234,3.2,64.7,62,SYN-FISH-0,,30,0,142,19,True
419000110,2025-03-13T22:37:00,19.31306,70.62744,3.3,63.0,62,SYN-FISH-0,,30,0,292,44,True
419000110,2025-03-13T22:42:00,19.31429,70.63095,3.5,64.4,62,SYN-FISH-0,,30,0,282,51,True
419000110,2025-03-13T22:47:00,19.31819,70.63805,3.5,61.2,62,SYN-FISH-0,,30,0,329,23,True
419000110,2025-03-13T22:52:00,19.32136,70.63938,3.5,62.2,62,SYN-FISH-0,,30,0,281,38,True
419000110,2025-03-13T22:57:00,19.32488,70.64492,3.7,64.8,62,SYN-FISH-0,,30,0,204,20,True
419000110,2025-03-13T23:02:00,19.32199,70.64587,3.4,61.1,62,SYN-FISH-0,,30,0,132,39,True
419000110,2025-03-13T23:07:00,19.32578,70.65626,3.6,62.3,62,SYN-FISH-0,,30,0,163,39,True
419000110,2025-03-13T23:12:00,19.32929,70.6586,3.4,64.4,62,SYN-FISH-0,,30,0,153,38,True
419000110,2025-03-13T23:17:00,19.33063,70.66549,3.7,63.3,62,SYN-FISH-0,,30,0,117,34,True
419000110,2025-03-13T23:22:00,19.33701,70.67188,3.7,65.8,62,SYN-FISH-0,,30,0,181,59,True
419000110,2025-03-13T23:27:00,19.33546,70.67427,3.7,62.4,62,SYN-FISH-0,,30,0,260,31,True
419000110,2025-03-13T23:32:00,19.33737,70.67706,3.6,64.5,62,SYN-FISH-0,,30,0,268,38,True
419000110,2025-03-13T23:37:00,19.34072,70.68368,3.5,64.9,62,SYN-FISH-0,,30,0,90,53,True
419000110,2025-03-13T23:42:00,19.33787,70.68591,3.2,65.5,62,SYN-FISH-0,,30,0,153,23,True
419000110,2025-03-13T23:47:00,19.34503,70.69213,3.4,61.2,62,SYN-FISH-0,,30,0,220,18,True
419000110,2025-03-13T23:52:00,19.34846,70.69814,3.4,59.7,62,SYN-FISH-0,,30,0,234,38,True
419000110,2025-03-13T23:57:00,19.35149,70.70058,3.7,63.1,62,SYN-FISH-0,,30,0,237,44,True
419000110,2025-03-14T00:02:00,19.35193,70.70691,3.6,64.3,62,SYN-FISH-0,,30,0,232,56,True
419000110,2025-03-14T00:07:00,19.35654,70.71128,3.2,59.8,62,SYN-FISH-0,,30,0,218,43,True
419000110,2025-03-14T00:12:00,19.35442,70.71235,3.6,61.2,62,SYN-FISH-0,,30,0,100,26,True
419000110,2025-03-14T00:17:00,19.36033,70.72014,3.7,62.9,62,SYN-FISH-0,,30,0,130,16,True
419000110,2025-03-14T00:22:00,19.35987,70.72286,3.3,62.1,62,SYN-FISH-0,,30,0,193,25,True
419000110,2025-03-14T00:27:00,19.36433,70.72664,3.4,65.3,62,SYN-FISH-0,,30,0,254,33,True
419000110,2025-03-14T00:32:00,19.36756,70.73175,3.1,61.9,62,SYN-FISH-0,,30,0,182,28,True
419000110,2025-03-14T00:37:00,19.36716,70.73683,3.3,62.7,62,SYN-FISH-0,,30,0,224,42,True
419000110,2025-03-14T00:42:00,19.36743,70.74035,3.5,60.7,62,SYN-FISH-0,,30,0,188,48,True
419000110,2025-03-14T00:47:00,19.37222,70.74402,3.2,61.6,62,SYN-FISH-0,,30,0,122,19,True
419000110,2025-03-14T00:52:00,19.37386,70.75066,3.6,59.6,62,SYN-FISH-0,,30,0,303,26,True
419000110,2025-03-14T00:57:00,19.37716,70.75203,3.4,64.2,62,SYN-FISH-0,,30,0,281,23,True
419000110,2025-03-14T01:02:00,19.37751,70.76154,3.6,62.6,62,SYN-FISH-0,,30,0,223,31,True
419000110,2025-03-14T01:07:00,19.37755,70.76467,3.8,64.1,62,SYN-FISH-0,,30,0,255,38,True
419000110,2025-03-14T01:12:00,19.38285,70.77297,3.7,65.1,62,SYN-FISH-0,,30,0,265,21,True
419000110,2025-03-14T01:17:00,19.38311,70.77365,3.9,63.5,62,SYN-FISH-0,,30,0,302,44,True
419000110,2025-03-14T01:22:00,19.39096,70.77629,3.1,64.5,62,SYN-FISH-0,,30,0,269,44,True
419000110,2025-03-14T01:27:00,19.38566,70.78345,3.7,63.6,62,SYN-FISH-0,,30,0,103,36,True
419000110,2025-03-14T01:32:00,19.38812,70.78955,3.1,63.4,62,SYN-FISH-0,,30,0,229,31,True
419000110,2025-03-14T01:37:00,19.39613,70.79322,3.7,63.5,62,SYN-FISH-0,,30,0,222,19,True
419000110,2025-03-14T01:42:00,19.3916,70.794,3.5,64.3,62,SYN-FISH-0,,30,0,109,49,True
419000110,2025-03-14T01:47:00,19.39669,70.80646,3.6,63.0,62,SYN-FISH-0,,30,0,289,49,True
419000110,2025-03-14T01:52:00,19.39966,70.80733,3.5,62.7,62,SYN-FISH-0,,30,0,283,22,True
419000110,2025-03-14T01:57:00,19.40539,70.81093,3.6,62.2,62,SYN-FISH-0,,30,0,144,31,True
419000110,2025-03-14T02:02:00,19.40528,70.81365,3.7,63.2,62,SYN-FISH-0,,30,0,213,28,True
419000110,2025-03-14T02:07:00,19.40631,70.82163,3.4,60.6,62,SYN-FISH-0,,30,0,287,20,True
419000110,2025-03-14T02:12:00,19.41145,70.8243,3.3,63.0,62,SYN-FISH-0,,30,0,310,45,True
419000110,2025-03-14T02:17:00,19.40878,70.82807,3.5,63.1,62,SYN-FISH-0,,30,0,116,23,True
419000110,2025-03-14T02:22:00,19.41127,70.83351,3.2,62.2,62,SYN-FISH-0,,30,0,177,34,True
419000110,2025-03-14T02:27:00,19.41582,70.83774,3.2,62.5,62,SYN-FISH-0,,30,0,199,55,True
419000110,2025-03-14T02:32:00,19.41888,70.84685,3.6,65.3,62,SYN-FISH-0,,30,0,287,46,True
419000110,2025-03-14T02:37:00,19.41886,70.84781,3.4,63.7,62,SYN-FISH-0,,30,0,88,23,True
419000110,2025-03-14T02:42:00,19.42345,70.85698,3.3,61.2,62,SYN-FISH-0,,30,0,197,16,True
419000110,2025-03-14T02:47:00,19.42881,70.85485,3.5,61.0,62,SYN-FISH-0,,30,0,317,56,True
419000110,2025-03-14T02:52:00,19.4308,70.8596,3.6,61.9,62,SYN-FISH-0,,30,0,163,53,True
419000110,2025-03-14T02:57:00,19.42954,70.86456,3.6,62.6,62,SYN-FISH-0,,30,0,230,43,True
419000110,2025-03-14T03:02:00,19.43174,70.86829,3.5,63.8,62,SYN-FISH-0,,30,0,164,18,True
419000110,2025-03-14T03:07:00,19.43128,70.87576,3.6,64.9,62,SYN-FISH-0,,30,0,312,26,True
419000110,2025-03-14T03:12:00,19.4372,70.87584,3.4,63.2,62,SYN-FISH-0,,30,0,167,39,True
419000111,2025-03-13T17:17:00,19.18491,70.29759,3.2,193.7,193,SYN-FISH-1,,30,0,120,22,True
419000111,2025-03-13T17:22:00,19.18088,70.29514,3.5,194.8,193,SYN-FISH-1,,30,0,170,28,True
419000111,2025-03-13T17:27:00,19.17409,70.29428,3.6,193.7,193,SYN-FISH-1,,30,0,263,57,True
419000111,2025-03-13T17:32:00,19.17471,70.29315,3.7,191.7,193,SYN-FISH-1,,30,0,135,29,True
419000111,2025-03-13T17:37:00,19.16829,70.29301,3.3,192.5,193,SYN-FISH-1,,30,0,93,47,True
419000111,2025-03-13T17:42:00,19.16435,70.29526,3.2,193.8,193,SYN-FISH-1,,30,0,205,21,True
419000111,2025-03-13T17:47:00,19.15582,70.28867,3.7,192.9,193,SYN-FISH-1,,30,0,85,39,True
419000111,2025-03-13T17:52:00,19.15194,70.29172,3.1,193.3,193,SYN-FISH-1,,30,0,140,34,True
419000111,2025-03-13T17:57:00,19.14802,70.29252,3.2,195.1,193,SYN-FISH-1,,30,0,153,44,True
419000111,2025-03-13T18:02:00,19.14196,70.2904,3.5,193.0,193,SYN-FISH-1,,30,0,207,34,True
419000111,2025-03-13T18:07:00,19.13942,70.28537,3.4,193.3,193,SYN-FISH-1,,30,0,327,20,True
419000111,2025-03-13T18:12:00,19.13304,70.28516,3.7,191.9,193,SYN-FISH-1,,30,0,116,32,True
419000111,2025-03-13T18:17:00,19.12722,70.28621,3.8,192.3,193,SYN-FISH-1,,30,0,152,43,True
419000111,2025-03-13T18:22:00,19.12432,70.2845,3.7,192.6,193,SYN-FISH-1,,30,0,97,51,True
419000111,2025-03-13T18:27:00,19.11602,70.28481,3.5,189.0,193,SYN-FISH-1,,30,0,134,49,True
419000111,2025-03-13T18:32:00,19.11136,70.28599,3.7,194.2,193,SYN-FISH-1,,30,0,194,43,True
419000111,2025-03-13T18:37:00,19.11266,70.28159,3.8,191.4,193,SYN-FISH-1,,30,0,86,34,True
419000111,2025-03-13T18:42:00,19.10492,70.27894,3.7,190.4,193,SYN-FISH-1,,30,0,188,39,True
419000111,2025-03-13T18:47:00,19.10214,70.27743,3.5,192.6,193,SYN-FISH-1,,30,0,298,44,True
419000111,2025-03-13T18:52:00,19.09519,70.27754,3.6,192.2,193,SYN-FISH-1,,30,0,265,27,True
419000111,2025-03-13T18:57:00,19.0924,70.27863,3.4,191.7,193,SYN-FISH-1,,30,0,177,39,True
419000111,2025-03-13T19:02:00,19.08529,70.27517,3.5,192.4,193,SYN-FISH-1,,30,0,187,21,True
419000111,2025-03-13T19:07:00,19.08108,70.2731,3.3,195.3,193,SYN-FISH-1,,30,0,137,16,True
419000111,2025-03-13T19:12:00,19.07508,70.27222,3.2,195.8,193,SYN-FISH-1,,30,0,254,18,True
419000111,2025-03-13T19:17:00,19.07156,70.27345,3.3,191.7,193,SYN-FISH-1,,30,0,328,29,True
419000111,2025-03-13T19:22:00,19.06555,70.26859,3.6,192.1,193,SYN-FISH-1,,30,0,328,14,True
419000111,2025-03-13T19:27:00,19.06326,70.26725,3.4,192.0,193,SYN-FISH-1,,30,0,235,18,True
419000111,2025-03-13T19:32:00,19.0575,70.27169,3.6,190.7,193,SYN-FISH-1,,30,0,140,41,True
419000111,2025-03-13T19:37:00,19.0506,70.26539,3.0,193.0,193,SYN-FISH-1,,30,0,238,34,True
419000111,2025-03-13T19:42:00,19.05072,70.26597,3.5,194.7,193,SYN-FISH-1,,30,0,287,55,True
419000111,2025-03-13T19:47:00,19.04636,70.26466,3.6,191.4,193,SYN-FISH-1,,30,0,215,16,True
419000111,2025-03-13T19:52:00,19.03958,70.2602,3.6,194.6,193,SYN-FISH-1,,30,0,229,47,True
419000111,2025-03-13T19:57:00,19.03452,70.26296,3.5,191.9,193,SYN-FISH-1,,30,0,235,38,True
419000111,2025-03-13T20:02:00,19.02831,70.25841,3.4,193.5,193,SYN-FISH-1,,30,0,153,55,True
419000111,2025-03-13T20:07:00,19.02666,70.25781,3.6,193.6,193,SYN-FISH-1,,30,0,83,38,True
419000111,2025-03-13T20:12:00,19.02032,70.26201,3.3,192.0,193,SYN-FISH-1,,30,0,305,26,True
419000111,2025-03-13T20:17:00,19.01265,70.2571,3.7,193.5,193,SYN-FISH-1,,30,0,242,39,True
419000111,2025-03-13T20:22:00,19.01488,70.25438,3.6,190.9,193,SYN-FISH-1,,30,0,203,36,True
419000111,2025-03-13T20:27:00,19.00834,70.25641,3.4,193.4,193,SYN-FISH-1,,30,0,101,54,True
419000111,2025-03-13T20:32:00,18.99936,70.25384,3.1,193.5,193,SYN-FISH-1,,30,0,146,17,True
419000111,2025-03-13T20:37:00,18.99511,70.25318,3.5,191.1,193,SYN-FISH-1,,30,0,234,29,True
419000111,2025-03-13T20:42:00,18.99595,70.25047,3.6,193.4,193,SYN-FISH-1,,30,0,106,51,True
419000111,2025-03-13T20:47:00,18.9855,70.24783,3.9,195.6,193,SYN-FISH-1,,30,0,103,22,True
419000111,2025-03-13T20:52:00,18.97924,70.24814,3.5,190.7,193,SYN-FISH-1,,30,0,250,14,True
419000111,2025-03-13T20:57:00,18.97787,70.2482,3.3,193.0,193,SYN-FISH-1,,30,0,103,19,True
419000111,2025-03-13T21:02:00,18.97396,70.24514,3.4,191.4,193,SYN-FISH-1,,30,0,163,34,True
419000111,2025-03-13T21:07:00,18.96884,70.24597,3.4,192.3,193,SYN-FISH-1,,30,0,252,42,True
419000111,2025-03-13T21:12:00,18.96451,70.24581,3.3,192.5,193,SYN-FISH-1,,30,0,162,44,True
419000111,2025-03-13T21:17:00,18.9561,70.24463,3.1,190.5,193,SYN-FISH-1,,30,0,288,54,True
419000111,2025-03-13T21:22:00,18.95567,70.24014,3.3,190.2,193,SYN-FISH-1,,30,0,178,23,True
419000111,2025-03-13T21:27:00,18.94715,70.23885,3.6,193.3,193,SYN-FISH-1,,30,0,121,14,True
419000111,2025-03-13T21:32:00,18.94335,70.24118,3.5,194.6,193,SYN-FISH-1,,30,0,105,36,True
419000111,2025-03-13T21:37:00,18.94038,70.2361,3.7,195.0,193,SYN-FISH-1,,30,0,112,31,True
419000111,2025-03-13T21:42:00,18.93505,70.23685,3.6,191.5,193,SYN-FISH-1,,30,0,173,47,True
419000111,2025-03-13T21:47:00,18.9315,70.23869,3.5,190.4,193,SYN-FISH-1,,30,0,283,26,True
419000111,2025-03-13T21:52:00,18.92892,70.24056,3.4,194.1,193,SYN-FISH-1,,30,0,329,57,True
419000111,2025-03-13T21:57:00,18.9213,70.23062,3.3,193.1,193,SYN-FISH-1,,30,0,303,51,True
419000111,2025-03-13T22:02:00,18.91418,70.23263,3.6,191.5,193,SYN-FISH-1,,30,0,143,47,True
419000111,2025-03-13T22:07:00,18.91069,70.23012,3.4,190.9,193,SYN-FISH-1,,30,0,228,40,True
419000111,2025-03-13T22:12:00,18.90827,70.23443,3.5,193.0,193,SYN-FISH-1,,30,0,138,19,True
419000111,2025-03-13T22:17:00,18.90236,70.2333,3.8,194.5,193,SYN-FISH-1,,30,0,101,16,True
419000111,2025-03-13T22:22:00,18.89823,70.22676,3.7,191.7,193,SYN-FISH-1,,30,0,192,39,True
419000111,2025-03-13T22:27:00,18.89332,70.22827,3.6,192.3,193,SYN-FISH-1,,30,0,280,17,True
419000111,2025-03-13T22:32:00,18.88752,70.22736,3.3,192.4,193,SYN-FISH-1,,30,0,80,49,True
419000111,2025-03-13T22:37:00,18.88213,70.22653,3.6,196.0,193,SYN-FISH-1,,30,0,165,54,True
419000111,2025-03-13T22:42:00,18.88123,70.22192,3.4,193.0,193,SYN-FISH-1,,30,0,176,40,True
419000111,2025-03-13T22:47:00,18.87289,70.22408,3.4,192.7,193,SYN-FISH-1,,30,0,134,23,True
419000111,2025-03-13T22:52:00,18.86864,70.21966,3.6,192.1,193,SYN-FISH-1,,30,0,215,30,True
419000111,2025-03-13T22:57:00,18.8658,70.22007,3.5,192.6,193,SYN-FISH-1,,30,0,162,35,True
419000111,2025-03-13T23:02:00,18.85933,70.21802,4.0,190.5,193,SYN-FISH-1,,30,0,271,18,True
419000111,2025-03-13T23:07:00,18.85491,70.21357,3.2,193.2,193,SYN-FISH-1,,30,0,189,15,True
419000111,2025-03-13T23:12:00,18.84891,70.21399,3.4,190.7,193,SYN-FISH-1,,30,0,265,24,True
419000111,2025-03-13T23:17:00,18.84187,70.21814,3.2,195.7,193,SYN-FISH-1,,30,0,198,58,True
419000111,2025-03-13T23:22:00,18.83649,70.21507,3.9,195.1,193,SYN-FISH-1,,30,0,298,16,True
419000111,2025-03-13T23:27:00,18.83837,70.21255,3.3,193.3,193,SYN-FISH-1,,30,0,261,30,True
419000111,2025-03-13T23:32:00,18.83411,70.21176,3.8,191.2,193,SYN-FISH-1,,30,0,128,35,True
419000111,2025-03-13T23:37:00,18.82448,70.20819,3.2,192.3,193,SYN-FISH-1,,30,0,220,51,True
419000111,2025-03-13T23:42:00,18.82325,70.21002,3.0,192.1,193,SYN-FISH-1,,30,0,278,44,True
419000111,2025-03-13T23:47:00,18.81642,70.20979,3.6,192.8,193,SYN-FISH-1,,30,0,158,27,True
419000111,2025-03-13T23:52:00,18.81469,70.20534,3.9,195.2,193,SYN-FISH-1,,30,0,144,50,True
419000111,2025-03-13T23:57:00,18.80638,70.20752,3.6,194.0,193,SYN-FISH-1,,30,0,311,42,True
419000111,2025-03-14T00:02:00,18.80376,70.20679,3.2,192.7,193,SYN-FISH-1,,30,0,218,20,True
419000111,2025-03-14T00:07:00,18.79751,70.20591,3.9,193.9,193,SYN-FISH-1,,30,0,215,33,True
419000111,2025-03-14T00:12:00,18.79091,70.20113,3.6,190.8,193,SYN-FISH-1,,30,0,105,45,True
419000111,2025-03-14T00:17:00,18.78764,70.20261,3.2,191.4,193,SYN-FISH-1,,30,0,85,24,True
419000111,2025-03-14T00:22:00,18.7846,70.20251,3.5,192.8,193,SYN-FISH-1,,30,0,327,52,True
419000111,2025-03-14T00:27:00,18.77365,70.19671,3.4,194.8,193,SYN-FISH-1,,30,0,155,19,True
419000111,2025-03-14T00:32:00,18.77392,70.19634,3.4,191.0,193,SYN-FISH-1,,30,0,305,35,True
419000111,2025-03-14T00:37:00,18.7699,70.1967,4.1,194.0,193,SYN-FISH-1,,30,0,153,52,True
419000111,2025-03-14T00:42:00,18.76361,70.19911,3.8,194.1,193,SYN-FISH-1,,30,0,88,27,True
419000111,2025-03-14T00:47:00,18.76052,70.1937,3.5,193.4,193,SYN-FISH-1,,30,0,321,36,True
419000111,2025-03-14T00:52:00,18.7564,70.1902,3.5,193.3,193,SYN-FISH-1,,30,0,165,50,True
419000111,2025-03-14T00:57:00,18.74831,70.19248,3.4,191.3,193,SYN-FISH-1,,30,0,288,39,True
419000111,2025-03-14T01:02:00,18.74263,70.19121,3.5,192.4,193,SYN-FISH-1,,30,0,280,30,True
419000111,2025-03-14T01:07:00,18.74004,70.1928,3.4,192.5,193,SYN-FISH-1,,30,0,137,41,True
419000111,2025-03-14T01:12:00,18.73885,70.19186,3.4,194.4,193,SYN-FISH-1,,30,0,131,40,True
419000111,2025-03-14T01:17:00,18.72994,70.18772,3.7,194.3,193,SYN-FISH-1,,30,0,227,19,True
419000111,2025-03-14T01:22:00,18.7266,70.18582,3.4,191.9,193,SYN-FISH-1,,30,0,94,46,True
419000111,2025-03-14T01:27:00,18.72391,70.18425,3.3,192.9,193,SYN-FISH-1,,30,0,157,19,True
419000111,2025-03-14T01:32:00,18.71696,70.18103,3.6,192.9,193,SYN-FISH-1,,30,0,198,29,True
419000111,2025-03-14T01:37:00,18.71304,70.18489,3.5,194.2,193,SYN-FISH-1,,30,0,166,43,True
419000111,2025-03-14T01:42:00,18.70459,70.18297,4.2,189.5,193,SYN-FISH-1,,30,0,191,17,True
419000111,2025-03-14T01:47:00,18.70185,70.18035,3.4,193.1,193,SYN-FISH-1,,30,0,105,21,True
419000111,2025-03-14T01:52:00,18.69768,70.18296,3.5,193.8,193,SYN-FISH-1,,30,0,162,34,True
419000111,2025-03-14T01:57:00,18.69374,70.17825,3.3,192.6,193,SYN-FISH-1,,30,0,96,52,True
419000111,2025-03-14T02:02:00,18.68603,70.17595,3.3,191.7,193,SYN-FISH-1,,30,0,253,19,True
419000111,2025-03-14T02:07:00,18.68517,70.17181,3.0,191.9,193,SYN-FISH-1,,30,0,161,35,True
419000111,2025-03-14T02:12:00,18.67799,70.17487,3.5,196.1,193,SYN-FISH-1,,30,0,256,17,True
419000111,2025-03-14T02:17:00,18.67205,70.17518,3.4,194.1,193,SYN-FISH-1,,30,0,85,34,True
419000111,2025-03-14T02:22:00,18.67052,70.17223,3.5,190.2,193,SYN-FISH-1,,30,0,177,17,True
419000111,2025-03-14T02:27:00,18.66711,70.17174,3.3,195.2,193,SYN-FISH-1,,30,0,277,30,True
419000111,2025-03-14T02:32:00,18.65997,70.17187,4.1,191.9,193,SYN-FISH-1,,30,0,269,35,True
419000111,2025-03-14T02:37:00,18.65799,70.16759,3.4,192.6,193,SYN-FISH-1,,30,0,256,58,True
419000111,2025-03-14T02:42:00,18.65336,70.16659,3.5,191.7,193,SYN-FISH-1,,30,0,117,24,True
419000111,2025-03-14T02:47:00,18.64286,70.16509,3.6,196.5,193,SYN-FISH-1,,30,0,115,25,True
419000111,2025-03-14T02:52:00,18.64112,70.16577,3.2,192.3,193,SYN-FISH-1,,30,0,167,36,True
419000111,2025-03-14T02:57:00,18.63205,70.16406,3.3,195.7,193,SYN-FISH-1,,30,0,218,41,True
419000111,2025-03-14T03:02:00,18.63531,70.16759,3.7,194.0,193,SYN-FISH-1,,30,0,138,22,True
419000111,2025-03-14T03:07:00,18.62749,70.16153,3.7,194.1,193,SYN-FISH-1,,30,0,299,23,True
419000111,2025-03-14T03:12:00,18.62245,70.15973,3.3,193.2,193,SYN-FISH-1,,30,0,207,54,True
419000112,2025-03-13T17:17:00,19.21468,70.27164,3.5,18.4,19,SYN-FISH-2,,30,0,187,34,True
419000112,2025-03-13T17:22:00,19.2234,70.27506,3.5,17.6,19,SYN-FISH-2,,30,0,236,24,True
419000112,2025-03-13T17:27:00,19.22106,70.27679,3.3,20.2,19,SYN-FISH-2,,30,0,310,34,True
419000112,2025-03-13T17:32:00,19.22975,70.27609,3.4,18.5,19,SYN-FISH-2,,30,0,117,59,True
419000112,2025-03-13T17:37:00,19.23424,70.27768,3.4,15.8,19,SYN-FISH-2,,30,0,321,21,True
419000112,2025-03-13T17:42:00,19.23905,70.27734,3.9,21.0,19,SYN-FISH-2,,30,0,207,20,True
419000112,2025-03-13T17:47:00,19.24267,70.27929,3.5,21.7,19,SYN-FISH-2,,30,0,98,38,True
419000112,2025-03-13T17:52:00,19.24613,70.28391,3.6,21.0,19,SYN-FISH-2,,30,0,258,55,True
419000112,2025-03-13T17:57:00,19.25453,70.28468,3.5,20.9,19,SYN-FISH-2,,30,0,116,22,True
419000112,2025-03-13T18:02:00,19.25468,70.28591,3.4,20.1,19,SYN-FISH-2,,30,0,303,28,True
419000112,2025-03-13T18:07:00,19.25731,70.28897,3.6,19.2,19,SYN-FISH-2,,30,0,166,30,True
419000112,2025-03-13T18:12:00,19.26582,70.288,3.5,19.0,19,SYN-FISH-2,,30,0,119,35,True
419000112,2025-03-13T18:17:00,19.26984,70.2952,3.6,21.9,19,SYN-FISH-2,,30,0,115,23,True
419000112,2025-03-13T18:22:00,19.27216,70.29297,3.1,17.4,19,SYN-FISH-2,,30,0,83,31,True
419000112,2025-03-13T18:27:00,19.27851,70.29523,3.3,21.5,19,SYN-FISH-2,,30,0,80,47,True
419000112,2025-03-13T18:32:00,19.28274,70.29823,3.7,18.8,19,SYN-FISH-2,,30,0,296,57,True
419000112,2025-03-13T18:37:00,19.29022,70.30081,3.4,18.7,19,SYN-FISH-2,,30,0,275,29,True
419000112,2025-03-13T18:42:00,19.29192,70.29936,3.5,18.3,19,SYN-FISH-2,,30,0,120,51,True
419000112,2025-03-13T18:47:00,19.29778,70.30123,3.2,19.4,19,SYN-FISH-2,,30,0,114,41,True
419000112,2025-03-13T18:52:00,19.29924,70.30703,3.5,18.6,19,SYN-FISH-2,,30,0,301,16,True
419000112,2025-03-13T18:57:00,19.30814,70.30505,3.4,18.5,19,SYN-FISH-2,,30,0,319,59,True
419000112,2025-03-13T19:02:00,19.31254,70.30556,3.4,22.4,19,SYN-FISH-2,,30,0,305,35,True
419000112,2025-03-13T19:07:00,19.31386,70.30815,3.6,18.2,19,SYN-FISH-2,,30,0,126,17,True
419000112,2025-03-13T19:12:00,19.31866,70.3109,3.1,20.7,19,SYN-FISH-2,,30,0,267,29,True
419000112,2025-03-13T19:17:00,19.32265,70.31339,3.9,19.0,19,SYN-FISH-2,,30,0,249,20,True
419000112,2025-03-13T19:22:00,19.32723,70.3176,3.5,20.2,19,SYN-FISH-2,,30,0,203,39,True
419000112,2025-03-13T19:27:00,19.33778,70.31471,3.6,18.0,19,SYN-FISH-2,,30,0,264,20,True
419000112,2025-03-13T19:32:00,19.33783,70.31802,3.3,18.1,19,SYN-FISH-2,,30,0,246,55,True
419000112,2025-03-13T19:37:00,19.34222,70.32082,3.2,19.1,19,SYN-FISH-2,,30,0,202,26,True
419000112,2025-03-13T19:42:00,19.34645,70.32411,3.2,20.6,19,SYN-FISH-2,,30,0,295,18,True
419000112,2025-03-13T19:47:00,19.35495,70.32436,3.6,18.0,19,SYN-FISH-2,,30,0,90,57,True
419000112,2025-03-13T19:52:00,19.35715,70.3252,3.6,19.5,19,SYN-FISH-2,,30,0,167,48,True
419000112,2025-03-13T19:57:00,19.36212,70.33066,3.6,21.4,19,SYN-FISH-2,,30,0,111,56,True
419000112,2025-03-13T20:02:00,19.36185,70.32662,3.5,18.2,19,SYN-FISH-2,,30,0,118,37,True
419000112,2025-03-13T20:07:00,19.3706,70.32715,3.8,21.7,19,SYN-FISH-2,,30,0,172,29,True
419000112,2025-03-13T20:12:00,19.37443,70.33407,3.3,20.8,19,SYN-FISH-2,,30,0,81,53,True
419000112,2025-03-13T20:17:00,19.37979,70.334,3.4,19.9,19,SYN-FISH-2,,30,0,303,29,True
419000112,2025-03-13T20:22:00,19.38439,70.33199,3.5,17.8,19,SYN-FISH-2,,30,0,301,35,True
419000112,2025-03-13T20:27:00,19.38964,70.33681,3.3,17.1,19,SYN-FISH-2,,30,0,329,50,True
419000112,2025-03-13T20:32:00,19.39437,70.33762,3.4,20.8,19,SYN-FISH-2,,30,0,151,17,True
419000112,2025-03-13T20:37:00,19.39904,70.33872,3.9,18.6,19,SYN-FISH-2,,30,0,128,34,True
419000112,2025-03-13T20:42:00,19.39764,70.34081,3.4,20.1,19,SYN-FISH-2,,30,0,247,40,True
419000112,2025-03-13T20:47:00,19.40397,70.34249,3.6,18.0,19,SYN-FISH-2,,30,0,239,18,True
419000112,2025-03-13T20:52:00,19.41,70.34696,3.3,18.2,19,SYN-FISH-2,,30,0,196,41,True
419000112,2025-03-13T20:57:00,19.41434,70.34458,3.5,19.8,19,SYN-FISH-2,,30,0,163,24,True
419000112,2025-03-13T21:02:00,19.41715,70.35317,3.4,20.2,19,SYN-FISH-2,,30,0,94,23,True
419000112,2025-03-13T21:07:00,19.42535,70.35265,3.2,21.4,19,SYN-FISH-2,,30,0,107,25,True
419000112,2025-03-13T21:12:00,19.42897,70.35136,3.4,19.5,19,SYN-FISH-2,,30,0,129,56,True
419000112,2025-03-13T21:17:00,19.4373,70.35544,3.5,17.7,19,SYN-FISH-2,,30,0,82,20,True
419000112,2025-03-13T21:22:00,19.43621,70.35135,3.2,18.5,19,SYN-FISH-2,,30,0,81,36,True
419000112,2025-03-13T21:27:00,19.43991,70.35737,3.9,20.6,19,SYN-FISH-2,,30,0,313,22,True
419000112,2025-03-13T21:32:00,19.45107,70.36286,3.5,17.4,19,SYN-FISH-2,,30,0,245,34,True
419000112,2025-03-13T21:37:00,19.45165,70.36236,3.4,22.9,19,SYN-FISH-2,,30,0,159,25,True
419000112,2025-03-13T21:42:00,19.45524,70.36281,3.4,18.7,19,SYN-FISH-2,,30,0,207,52,True
419000112,2025-03-13T21:47:00,19.46106,70.36584,3.8,19.9,19,SYN-FISH-2,,30,0,164,57,True
419000112,2025-03-13T21:52:00,19.46604,70.36355,3.8,19.6,19,SYN-FISH-2,,30,0,112,41,True
419000112,2025-03-13T21:57:00,19.47179,70.36214,3.4,21.2,19,SYN-FISH-2,,30,0,125,23,True
419000112,2025-03-13T22:02:00,19.47255,70.36967,3.8,16.5,19,SYN-FISH-2,,30,0,250,31,True
419000112,2025-03-13T22:07:00,19.48162,70.37357,3.4,19.5,19,SYN-FISH-2,,30,0,139,30,True
419000112,2025-03-13T22:12:00,19.48428,70.37407,3.5,18.3,19,SYN-FISH-2,,30,0,212,57,True
419000112,2025-03-13T22:17:00,19.48575,70.37548,3.3,20.3,19,SYN-FISH-2,,30,0,259,37,True
419000112,2025-03-13T22:22:00,19.49229,70.37713,3.4,18.6,19,SYN-FISH-2,,30,0,206,46,True
419000112,2025-03-13T22:27:00,19.49486,70.38057,3.4,19.4,19,SYN-FISH-2,,30,0,99,58,True
419000112,2025-03-13T22:32:00,19.50106,70.37637,3.3,19.1,19,SYN-FISH-2,,30,0,255,57,True
419000112,2025-03-13T22:37:00,19.50873,70.38298,3.5,17.9,19,SYN-FISH-2,,30,0,94,33,True
419000112,2025-03-13T22:42:00,19.51234,70.38108,3.3,21.1,19,SYN-FISH-2,,30,0,179,27,True
419000112,2025-03-13T22:47:00,19.51878,70.38507,3.2,20.3,19,SYN-FISH-2,,30,0,186,27,True
419000112,2025-03-13T22:52:00,19.52242,70.38583,3.7,19.5,19,SYN-FISH-2,,30,0,238,44,True
419000112,2025-03-13T22:57:00,19.52516,70.39035,3.3,20.2,19,SYN-FISH-2,,30,0,120,16,True
419000112,2025-03-13T23:02:00,19.52753,70.38866,3.6,18.6,19,SYN-FISH-2,,30,0,92,43,True
419000112,2025-03-13T23:07:00,19.53423,70.3916,3.7,20.5,19,SYN-FISH-2,,30,0,241,30,True
419000112,2025-03-13T23:12:00,19.54103,70.39433,3.5,18.7,19,SYN-FISH-2,,30,0,97,53,True
419000112,2025-03-13T23:17:00,19.54514,70.39195,3.8,21.3,19,SYN-FISH-2,,30,0,317,44,True
419000112,2025-03-13T23:22:00,19.55081,70.39717,3.1,19.6,19,SYN-FISH-2,,30,0,208,25,True
419000112,2025-03-13T23:27:00,19.55367,70.39856,3.4,18.4,19,SYN-FISH-2,,30,0,85,51,True
419000112,2025-03-13T23:32:00,19.55557,70.40258,3.8,18.5,19,SYN-FISH-2,,30,0,170,29,True
419000112,2025-03-13T23:37:00,19.56461,70.40278,3.5,17.6,19,SYN-FISH-2,,30,0,113,18,True
419000112,2025-03-13T23:42:00,19.56811,70.39917,3.8,18.6,19,SYN-FISH-2,,30,0,302,48,True
419000112,2025-03-13T23:47:00,19.57098,70.40586,3.6,17.7,19,SYN-FISH-2,,30,0,256,19,True
419000112,2025-03-13T23:52:00,19.57611,70.40779,3.6,19.4,19,SYN-FISH-2,,30,0,202,46,True
419000112,2025-03-13T23:57:00,19.57762,70.4088,3.6,18.7,19,SYN-FISH-2,,30,0,111,30,True
419000112,2025-03-14T00:02:00,19.58533,70.41058,3.2,20.3,19,SYN-FISH-2,,30,0,124,26,True
419000112,2025-03-14T00:07:00,19.58889,70.4158,3.1,20.4,19,SYN-FISH-2,,30,0,96,27,True
419000112,2025-03-14T00:12:00,19.59451,70.4182,3.5,18.0,19,SYN-FISH-2,,30,0,157,29,True
419000112,2025-03-14T00:17:00,19.60018,70.4194,3.5,21.2,19,SYN-FISH-2,,30,0,268,36,True
419000112,2025-03-14T00:22:00,19.6026,70.41813,3.4,20.6,19,SYN-FISH-2,,30,0,295,18,True
419000112,2025-03-14T00:27:00,19.60582,70.42055,3.5,19.4,19,SYN-FISH-2,,30,0,325,22,True
419000112,2025-03-14T00:32:00,19.61488,70.42374,3.4,20.2,19,SYN-FISH-2,,30,0,125,29,True
419000112,2025-03-14T00:37:00,19.61435,70.42317,3.4,23.4,19,SYN-FISH-2,,30,0,275,59,True
419000112,2025-03-14T00:42:00,19.62172,70.42172,3.6,21.8,19,SYN-FISH-2,,30,0,319,31,True
419000112,2025-03-14T00:47:00,19.62698,70.42513,3.2,17.6,19,SYN-FISH-2,,30,0,243,33,True
419000112,2025-03-14T00:52:00,19.63341,70.42374,3.3,18.2,19,SYN-FISH-2,,30,0,149,52,True
419000112,2025-03-14T00:57:00,19.63909,70.43211,3.2,20.9,19,SYN-FISH-2,,30,0,182,50,True
419000112,2025-03-14T01:02:00,19.63926,70.42734,3.5,22.6,19,SYN-FISH-2,,30,0,186,51,True
419000112,2025-03-14T01:07:00,19.64456,70.43335,3.4,16.5,19,SYN-FISH-2,,30,0,315,33,True
419000112,2025-03-14T01:12:00,19.64802,70.43237,3.7,22.6,19,SYN-FISH-2,,30,0,173,45,True
419000112,2025-03-14T01:17:00,19.65455,70.43659,3.1,18.3,19,SYN-FISH-2,,30,0,249,23,True
419000112,2025-03-14T01:22:00,19.65485,70.44263,3.7,19.3,19,SYN-FISH-2,,30,0,149,41,True
419000112,2025-03-14T01:27:00,19.66321,70.43659,3.4,22.3,19,SYN-FISH-2,,30,0,216,28,True
419000112,2025-03-14T01:32:00,19.66315,70.43973,3.4,18.7,19,SYN-FISH-2,,30,0,119,28,True
419000112,2025-03-14T01:37:00,19.67177,70.44212,3.5,21.0,19,SYN-FISH-2,,30,0,151,43,True
419000112,2025-03-14T01:42:00,19.67636,70.44243,3.4,17.0,19,SYN-FISH-2,,30,0,181,59,True
419000112,2025-03-14T01:47:00,19.68149,70.44706,3.4,19.5,19,SYN-FISH-2,,30,0,320,27,True
419000112,2025-03-14T01:52:00,19.68504,70.44891,3.2,19.8,19,SYN-FISH-2,,30,0,116,24,True
419000112,2025-03-14T01:57:00,19.68899,70.44858,3.6,20.3,19,SYN-FISH-2,,30,0,172,38,True
419000112,2025-03-14T02:02:00,19.69502,70.45285,3.7,19.5,19,SYN-FISH-2,,30,0,136,28,True
419000112,2025-03-14T02:07:00,19.69265,70.44689,3.5,18.3,19,SYN-FISH-2,,30,0,155,54,True
419000112,2025-03-14T02:12:00,19.70207,70.45878,3.4,18.9,19,SYN-FISH-2,,30,0,323,21,True
419000112,2025-03-14T02:17:00,19.70693,70.46284,3.5,18.7,19,SYN-FISH-2,,30,0,136,22,True
419000112,2025-03-14T02:22:00,19.71258,70.46008,3.8,19.2,19,SYN-FISH-2,,30,0,120,29,True
419000112,2025-03-14T02:27:00,19.71432,70.45966,3.6,14.8,19,SYN-FISH-2,,30,0,277,36,True
419000112,2025-03-14T02:32:00,19.72544,70.46045,3.4,20.8,19,SYN-FISH-2,,30,0,203,36,True
419000112,2025-03-14T02:37:00,19.72587,70.46034,3.5,19.6,19,SYN-FISH-2,,30,0,86,42,True
419000112,2025-03-14T02:42:00,19.73258,70.46452,3.7,19.7,19,SYN-FISH-2,,30,0,287,36,True
419000112,2025-03-14T02:47:00,19.73649,70.46667,3.7,22.1,19,SYN-FISH-2,,30,0,222,15,True
419000112,2025-03-14T02:52:00,19.74335,70.46901,3.4,19.8,19,SYN-FISH-2,,30,0,195,51,True
419000112,2025-03-14T02:57:00,19.7445,70.47123,3.7,20.5,19,SYN-FISH-2,,30,0,171,24,True
419000112,2025-03-14T03:02:00,19.75178,70.47247,3.8,20.2,19,SYN-FISH-2,,30,0,291,16,True
419000112,2025-03-14T03:07:00,19.75576,70.47303,3.6,21.1,19,SYN-FISH-2,,30,0,118,58,True
419000112,2025-03-14T03:12:00,19.75991,70.47521,3.4,16.7,19,SYN-FISH-2,,30,0,303,54,True
419000120,2025-03-13T17:15:00,20.44793,70.0674,19.7,96.2,95,SYN-FERRY-GOLF,IMO9000006,60,0,220,41,True
419000120,2025-03-13T17:18:00,20.44733,70.08511,19.9,93.9,95,SYN-FERRY-GOLF,IMO9000006,60,0,209,34,True
419000120,2025-03-13T17:21:00,20.44607,70.10333,19.9,92.4,95,SYN-FERRY-GOLF,IMO9000006,60,0,274,36,True
419000120,2025-03-13T17:24:00,20.44363,70.1213,19.9,96.0,95,SYN-FERRY-GOLF,IMO9000006,60,0,94,54,True
419000120,2025-03-13T17:27:00,20.44278,70.13811,20.0,94.6,95,SYN-FERRY-GOLF,IMO9000006,60,0,263,59,True
419000120,2025-03-13T17:30:00,20.44083,70.15724,19.8,92.5,95,SYN-FERRY-GOLF,IMO9000006,60,0,320,44,True
419000120,2025-03-13T17:33:00,20.43951,70.17312,20.1,93.6,95,SYN-FERRY-GOLF,IMO9000006,60,0,220,28,True
419000120,2025-03-13T17:36:00,20.43846,70.1912,20.1,94.3,95,SYN-FERRY-GOLF,IMO9000006,60,0,309,54,True
419000120,2025-03-13T17:39:00,20.43758,70.20893,20.3,94.4,95,SYN-FERRY-GOLF,IMO9000006,60,0,327,32,True
419000120,2025-03-13T17:42:00,20.43569,70.22661,20.2,94.1,95,SYN-FERRY-GOLF,IMO9000006,60,0,220,18,True
419000120,2025-03-13T17:45:00,20.43404,70.24481,20.0,98.3,95,SYN-FERRY-GOLF,IMO9000006,60,0,269,14,True
419000120,2025-03-13T17:48:00,20.433,70.26285,19.9,95.7,95,SYN-FERRY-GOLF,IMO9000006,60,0,240,15,True
419000120,2025-03-13T17:51:00,20.43156,70.28031,20.1,95.0,95,SYN-FERRY-GOLF,IMO9000006,60,0,254,46,True
419000120,2025-03-13T17:54:00,20.42917,70.29836,19.9,94.8,95,SYN-FERRY-GOLF,IMO9000006,60,0,308,51,True
419000120,2025-03-13T17:57:00,20.42834,70.31562,20.2,94.0,95,SYN-FERRY-GOLF,IMO9000006,60,0,147,52,True
419000120,2025-03-13T18:00:00,20.42646,70.33284,20.2,95.5,95,SYN-FERRY-GOLF,IMO9000006,60,0,195,48,True
419000120,2025-03-13T18:03:00,20.42539,70.35109,20.1,98.2,95,SYN-FERRY-GOLF,IMO9000006,60,0,282,19,True
419000120,2025-03-13T18:06:00,20.424,70.36834,20.2,95.0,95,SYN-FERRY-GOLF,IMO9000006,60,0,296,30,True
419000120,2025-03-13T18:09:00,20.42243,70.38585,20.2,94.6,95,SYN-FERRY-GOLF,IMO9000006,60,0,278,26,True
419000120,2025-03-13T18:12:00,20.42075,70.40337,20.3,95.9,95,SYN-FERRY-GOLF,IMO9000006,60,0,143,23,True
419000120,2025-03-13T18:15:00,20.41866,70.42151,20.3,97.1,95,SYN-FERRY-GOLF,IMO9000006,60,0,106,30,True
419000120,2025-03-13T18:18:00,20.4175,70.43873,19.8,96.2,95,SYN-FERRY-GOLF,IMO9000006,60,0,297,24,True
419000120,2025-03-13T18:21:00,20.417,70.45613,20.2,95.2,95,SYN-FERRY-GOLF,IMO9000006,60,0,238,27,True
419000120,2025-03-13T18:24:00,20.41489,70.47459,19.9,95.1,95,SYN-FERRY-GOLF,IMO9000006,60,0,109,24,True
419000120,2025-03-13T18:27:00,20.41379,70.49231,20.0,95.8,95,SYN-FERRY-GOLF,IMO9000006,60,0,287,44,True
419000120,2025-03-13T18:30:00,20.41242,70.50973,19.9,97.2,95,SYN-FERRY-GOLF,IMO9000006,60,0,109,38,True
419000120,2025-03-13T18:33:00,20.41027,70.52746,19.9,94.9,95,SYN-FERRY-GOLF,IMO9000006,60,0,191,36,True
419000120,2025-03-13T18:36:00,20.40975,70.54559,19.8,94.9,95,SYN-FERRY-GOLF,IMO9000006,60,0,326,42,True
419000120,2025-03-13T18:39:00,20.40829,70.56317,20.0,94.5,95,SYN-FERRY-GOLF,IMO9000006,60,0,87,18,True
419000120,2025-03-13T18:42:00,20.40663,70.58131,20.1,95.8,95,SYN-FERRY-GOLF,IMO9000006,60,0,313,51,True
419000120,2025-03-13T18:45:00,20.40477,70.59807,20.2,93.9,95,SYN-FERRY-GOLF,IMO9000006,60,0,138,47,True
419000120,2025-03-13T18:48:00,20.40407,70.61551,19.7,95.2,95,SYN-FERRY-GOLF,IMO9000006,60,0,322,34,True
419000120,2025-03-13T18:51:00,20.40252,70.63375,20.1,92.4,95,SYN-FERRY-GOLF,IMO9000006,60,0,211,52,True
419000120,2025-03-13T18:54:00,20.40049,70.6516,19.8,97.7,95,SYN-FERRY-GOLF,IMO9000006,60,0,101,54,True
419000120,2025-03-13T18:57:00,20.39965,70.66954,20.0,95.0,95,SYN-FERRY-GOLF,IMO9000006,60,0,148,54,True
419000120,2025-03-13T19:00:00,20.39771,70.6871,20.0,97.4,95,SYN-FERRY-GOLF,IMO9000006,60,0,141,37,True
419000120,2025-03-13T19:03:00,20.39607,70.70381,20.0,96.2,95,SYN-FERRY-GOLF,IMO9000006,60,0,329,24,True
419000120,2025-03-13T19:06:00,20.39424,70.72178,19.9,94.4,95,SYN-FERRY-GOLF,IMO9000006,60,0,260,51,True
419000120,2025-03-13T19:09:00,20.39309,70.73959,20.2,92.5,95,SYN-FERRY-GOLF,IMO9000006,60,0,306,41,True
419000120,2025-03-13T19:12:00,20.39181,70.75753,20.2,93.3,95,SYN-FERRY-GOLF,IMO9000006,60,0,174,15,True
419000120,2025-03-13T19:15:00,20.39085,70.77541,19.8,95.3,95,SYN-FERRY-GOLF,IMO9000006,60,0,172,42,True
419000120,2025-03-13T19:18:00,20.38888,70.793,20.0,94.7,95,SYN-FERRY-GOLF,IMO9000006,60,0,98,56,True
419000120,2025-03-13T19:21:00,20.38781,70.81037,20.1,93.9,95,SYN-FERRY-GOLF,IMO9000006,60,0,135,44,True
419000120,2025-03-13T19:24:00,20.38563,70.82869,20.1,94.3,95,SYN-FERRY-GOLF,IMO9000006,60,0,178,14,True
419000120,2025-03-13T19:27:00,20.3851,70.84562,19.9,96.7,95,SYN-FERRY-GOLF,IMO9000006,60,0,167,50,True
419000120,2025-03-13T19:30:00,20.38335,70.8633,19.8,96.3,95,SYN-FERRY-GOLF,IMO9000006,60,0,168,37,True
419000120,2025-03-13T19:33:00,20.38197,70.88073,20.0,96.5,95,SYN-FERRY-GOLF,IMO9000006,60,0,115,39,True
419000120,2025-03-13T19:36:00,20.38022,70.899,20.1,93.2,95,SYN-FERRY-GOLF,IMO9000006,60,0,226,30,True
419000120,2025-03-13T19:39:00,20.37832,70.91664,19.8,95.8,95,SYN-FERRY-GOLF,IMO9000006,60,0,146,20,True
419000120,2025-03-13T19:42:00,20.37753,70.93457,19.9,94.6,95,SYN-FERRY-GOLF,IMO9000006,60,0,237,15,True
419000120,2025-03-13T19:45:00,20.37576,70.95247,19.9,96.9,95,SYN-FERRY-GOLF,IMO9000006,60,0,130,44,True
419000120,2025-03-13T19:48:00,20.37488,70.96956,20.0,92.7,95,SYN-FERRY-GOLF,IMO9000006,60,0,81,36,True
419000120,2025-03-13T19:51:00,20.37367,70.98781,19.5,94.4,95,SYN-FERRY-GOLF,IMO9000006,60,0,130,57,True
419000120,2025-03-13T19:54:00,20.37152,71.0048,20.2,93.1,95,SYN-FERRY-GOLF,IMO9000006,60,0,156,35,True
419000120,2025-03-13T19:57:00,20.36961,71.02196,19.8,94.5,95,SYN-FERRY-GOLF,IMO9000006,60,0,233,21,True
419000120,2025-03-13T20:00:00,20.36849,71.04091,20.3,93.3,95,SYN-FERRY-GOLF,IMO9000006,60,0,231,22,True
419000120,2025-03-13T20:03:00,20.36708,71.05771,19.9,96.9,95,SYN-FERRY-GOLF,IMO9000006,60,0,255,20,True
419000120,2025-03-13T20:06:00,20.36559,71.07545,19.7,96.8,95,SYN-FERRY-GOLF,IMO9000006,60,0,221,33,True
419000120,2025-03-13T20:09:00,20.36331,71.09333,19.9,95.0,95,SYN-FERRY-GOLF,IMO9000006,60,0,265,57,True
419000120,2025-03-13T20:12:00,20.36292,71.11119,20.0,96.3,95,SYN-FERRY-GOLF,IMO9000006,60,0,107,45,True
419000120,2025-03-13T20:15:00,20.36172,71.12889,19.7,96.5,95,SYN-FERRY-GOLF,IMO9000006,60,0,276,41,True
419000120,2025-03-13T20:18:00,20.36042,71.1459,20.0,95.9,95,SYN-FERRY-GOLF,IMO9000006,60,0,253,19,True
419000120,2025-03-13T20:21:00,20.35879,71.16417,19.9,94.6,95,SYN-FERRY-GOLF,IMO9000006,60,0,321,32,True
419000120,2025-03-13T20:24:00,20.35716,71.18115,20.1,96.0,95,SYN-FERRY-GOLF,IMO9000006,60,0,207,32,True
419000120,2025-03-13T20:27:00,20.35614,71.19914,20.2,94.8,95,SYN-FERRY-GOLF,IMO9000006,60,0,87,40,True
419000120,2025-03-13T20:30:00,20.35497,71.21726,20.1,94.3,95,SYN-FERRY-GOLF,IMO9000006,60,0,265,28,True
419000120,2025-03-13T20:33:00,20.35219,71.23495,20.5,94.1,95,SYN-FERRY-GOLF,IMO9000006,60,0,219,50,True
419000120,2025-03-13T20:36:00,20.35115,71.2524,19.7,94.5,95,SYN-FERRY-GOLF,IMO9000006,60,0,233,14,True
419000120,2025-03-13T20:39:00,20.34979,71.27006,20.3,93.4,95,SYN-FERRY-GOLF,IMO9000006,60,0,214,50,True
419000120,2025-03-13T20:42:00,20.34816,71.2875,19.8,93.7,95,SYN-FERRY-GOLF,IMO9000006,60,0,319,56,True
419000120,2025-03-13T20:45:00,20.34713,71.30558,20.4,96.3,95,SYN-FERRY-GOLF,IMO9000006,60,0,161,59,True
419000120,2025-03-13T20:48:00,20.34637,71.32296,20.1,94.6,95,SYN-FERRY-GOLF,IMO9000006,60,0,241,30,True
419000120,2025-03-13T20:51:00,20.34398,71.34095,20.1,95.2,95,SYN-FERRY-GOLF,IMO9000006,60,0,186,38,True
419000120,2025-03-13T20:54:00,20.34258,71.35861,19.9,93.3,95,SYN-FERRY-GOLF,IMO9000006,60,0,116,43,True
419000120,2025-03-13T20:57:00,20.34197,71.37625,19.9,93.9,95,SYN-FERRY-GOLF,IMO9000006,60,0,164,18,True
419000120,2025-03-13T21:00:00,20.34007,71.39317,20.1,95.2,95,SYN-FERRY-GOLF,IMO9000006,60,0,245,24,True
419000120,2025-03-13T21:03:00,20.33865,71.41089,20.2,95.2,95,SYN-FERRY-GOLF,IMO9000006,60,0,315,29,True
419000120,2025-03-13T21:06:00,20.33672,71.42931,19.7,97.7,95,SYN-FERRY-GOLF,IMO9000006,60,0,151,17,True
419000120,2025-03-13T21:09:00,20.3359,71.44646,20.4,94.5,95,SYN-FERRY-GOLF,IMO9000006,60,0,293,52,True
419000120,2025-03-13T21:12:00,20.33404,71.46437,19.6,97.2,95,SYN-FERRY-GOLF,IMO9000006,60,0,218,21,True
419000120,2025-03-13T21:15:00,20.33216,71.4817,20.1,94.3,95,SYN-FERRY-GOLF,IMO9000006,60,0,303,59,True
419000120,2025-03-13T21:18:00,20.33049,71.50066,20.0,97.1,95,SYN-FERRY-GOLF,IMO9000006,60,0,223,37,True
419000120,2025-03-13T21:21:00,20.32992,71.51722,20.1,93.0,95,SYN-FERRY-GOLF,IMO9000006,60,0,217,35,True
419000120,2025-03-13T21:24:00,20.32856,71.53477,20.3,95.8,95,SYN-FERRY-GOLF,IMO9000006,60,0,110,28,True
419000120,2025-03-13T21:27:00,20.32626,71.55297,19.9,95.2,95,SYN-FERRY-GOLF,IMO9000006,60,0,139,37,True
419000120,2025-03-13T21:30:00,20.3257,71.57074,19.7,97.7,95,SYN-FERRY-GOLF,IMO9000006,60,0,267,47,True
419000120,2025-03-13T21:33:00,20.32371,71.58861,19.8,95.1,95,SYN-FERRY-GOLF,IMO9000006,60,0,267,21,True
419000120,2025-03-13T21:36:00,20.3224,71.60555,20.0,96.9,95,SYN-FERRY-GOLF,IMO9000006,60,0,328,38,True
419000120,2025-03-13T21:39:00,20.3206,71.62415,20.3,96.0,95,SYN-FERRY-GOLF,IMO9000006,60,0,140,51,True
419000120,2025-03-13T21:42:00,20.31933,71.64134,19.7,96.2,95,SYN-FERRY-GOLF,IMO9000006,60,0,179,37,True
419000120,2025-03-13T21:45:00,20.31782,71.6591,20.1,93.3,95,SYN-FERRY-GOLF,IMO9000006,60,0,222,48,True
419000120,2025-03-13T21:48:00,20.31692,71.67587,20.0,93.0,95,SYN-FERRY-GOLF,IMO9000006,60,0,221,27,True
419000120,2025-03-13T21:51:00,20.3151,71.69452,19.9,94.5,95,SYN-FERRY-GOLF,IMO9000006,60,0,133,55,True
419000120,2025-03-13T21:54:00,20.31352,71.7124,19.9,96.1,95,SYN-FERRY-GOLF,IMO9000006,60,0,146,32,True
419000120,2025-03-13T21:57:00,20.3121,71.72956,20.1,95.9,95,SYN-FERRY-GOLF,IMO9000006,60,0,122,18,True
419000120,2025-03-13T22:00:00,20.31084,71.74731,19.9,98.2,95,SYN-FERRY-GOLF,IMO9000006,60,0,148,51,True
419000120,2025-03-13T22:03:00,20.30985,71.76461,19.9,93.9,95,SYN-FERRY-GOLF,IMO9000006,60,0,207,35,True
419000120,2025-03-13T22:06:00,20.30784,71.78276,20.1,90.1,95,SYN-FERRY-GOLF,IMO9000006,60,0,274,16,True
419000120,2025-03-13T22:09:00,20.30608,71.80039,20.0,95.4,95,SYN-FERRY-GOLF,IMO9000006,60,0,123,51,True
419000120,2025-03-13T22:12:00,20.30457,71.81821,20.0,94.4,95,SYN-FERRY-GOLF,IMO9000006,60,0,86,23,True
419000120,2025-03-13T22:15:00,20.30394,71.8363,20.1,94.7,95,SYN-FERRY-GOLF,IMO9000006,60,0,199,56,True
419000120,2025-03-13T22:18:00,20.30152,71.8544,19.9,97.4,95,SYN-FERRY-GOLF,IMO9000006,60,0,128,33,True
419000120,2025-03-13T22:21:00,20.29983,71.87164,20.0,95.3,95,SYN-FERRY-GOLF,IMO9000006,60,0,250,48,True
419000120,2025-03-13T22:24:00,20.29814,71.88938,20.1,93.9,95,SYN-FERRY-GOLF,IMO9000006,60,0,231,40,True
419000120,2025-03-13T22:27:00,20.29797,71.90627,20.2,93.1,95,SYN-FERRY-GOLF,IMO9000006,60,0,289,21,True
419000120,2025-03-13T22:30:00,20.29642,71.92417,20.1,94.0,95,SYN-FERRY-GOLF,IMO9000006,60,0,87,23,True
419000120,2025-03-13T22:33:00,20.29508,71.94245,20.3,93.0,95,SYN-FERRY-GOLF,IMO9000006,60,0,158,36,True
419000120,2025-03-13T22:36:00,20.29293,71.95983,20.2,93.6,95,SYN-FERRY-GOLF,IMO9000006,60,0,121,46,True
419000120,2025-03-13T22:39:00,20.29227,71.97688,20.3,97.8,95,SYN-FERRY-GOLF,IMO9000006,60,0,210,40,True
419000120,2025-03-13T22:42:00,20.29051,71.99451,20.1,93.4,95,SYN-FERRY-GOLF,IMO9000006,60,0,209,57,True
419000120,2025-03-13T22:45:00,20.28952,72.01277,20.3,94.2,95,SYN-FERRY-GOLF,IMO9000006,60,0,219,23,True
419000120,2025-03-13T22:48:00,20.28728,72.02968,19.9,94.5,95,SYN-FERRY-GOLF,IMO9000006,60,0,212,48,True
419000120,2025-03-13T22:51:00,20.2861,72.04813,19.9,95.6,95,SYN-FERRY-GOLF,IMO9000006,60,0,224,34,True
419000120,2025-03-13T22:54:00,20.28504,72.06488,20.2,95.3,95,SYN-FERRY-GOLF,IMO9000006,60,0,261,41,True
419000120,2025-03-13T22:57:00,20.28389,72.08328,20.2,95.5,95,SYN-FERRY-GOLF,IMO9000006,60,0,148,55,True
419000120,2025-03-13T23:00:00,20.28138,72.10022,19.8,94.4,95,SYN-FERRY-GOLF,IMO9000006,60,0,237,25,True
419000120,2025-03-13T23:03:00,20.27987,72.11828,20.2,96.6,95,SYN-FERRY-GOLF,IMO9000006,60,0,198,51,True
419000120,2025-03-13T23:06:00,20.27946,72.13626,20.0,95.2,95,SYN-FERRY-GOLF,IMO9000006,60,0,313,40,True
419000120,2025-03-13T23:09:00,20.27771,72.15364,19.9,93.5,95,SYN-FERRY-GOLF,IMO9000006,60,0,146,33,True
419000120,2025-03-13T23:12:00,20.27593,72.17181,20.0,92.2,95,SYN-FERRY-GOLF,IMO9000006,60,0,320,24,True
419000120,2025-03-13T23:15:00,20.27504,72.18908,20.1,95.6,95,SYN-FERRY-GOLF,IMO9000006,60,0,139,34,True
419000120,2025-03-13T23:18:00,20.27308,72.20686,19.9,95.9,95,SYN-FERRY-GOLF,IMO9000006,60,0,297,52,True
419000120,2025-03-13T23:21:00,20.27176,72.2243,19.9,94.1,95,SYN-FERRY-GOLF,IMO9000006,60,0,185,14,True
419000120,2025-03-13T23:24:00,20.27012,72.242,19.9,97.0,95,SYN-FERRY-GOLF,IMO9000006,60,0,313,24,True
419000120,2025-03-13T23:27:00,20.26867,72.25998,20.1,94.6,95,SYN-FERRY-GOLF,IMO9000006,60,0,84,27,True
419000120,2025-03-13T23:30:00,20.26726,72.27745,20.3,96.4,95,SYN-FERRY-GOLF,IMO9000006,60,0,86,57,True
419000120,2025-03-13T23:33:00,20.2656,72.29484,20.3,95.6,95,SYN-FERRY-GOLF,IMO9000006,60,0,251,31,True
419000120,2025-03-13T23:36:00,20.26433,72.31225,19.8,94.5,95,SYN-FERRY-GOLF,IMO9000006,60,0,132,23,True
419000120,2025-03-13T23:39:00,20.26284,72.33029,20.2,95.7,95,SYN-FERRY-GOLF,IMO9000006,60,0,239,53,True
419000120,2025-03-13T23:42:00,20.26139,72.34829,19.8,94.3,95,SYN-FERRY-GOLF,IMO9000006,60,0,232,19,True
419000120,2025-03-13T23:45:00,20.26007,72.36568,20.3,93.9,95,SYN-FERRY-GOLF,IMO9000006,60,0,160,18,True
419000120,2025-03-13T23:48:00,20.25851,72.38344,20.2,96.4,95,SYN-FERRY-GOLF,IMO9000006,60,0,128,18,True
419000120,2025-03-13T23:51:00,20.2568,72.4011,19.6,94.0,95,SYN-FERRY-GOLF,IMO9000006,60,0,99,50,True
419000120,2025-03-13T23:54:00,20.25573,72.41879,20.0,94.8,95,SYN-FERRY-GOLF,IMO9000006,60,0,303,32,True
419000120,2025-03-13T23:57:00,20.25397,72.43694,19.9,94.7,95,SYN-FERRY-GOLF,IMO9000006,60,0,154,33,True
419000120,2025-03-14T00:00:00,20.25325,72.45412,19.9,97.2,95,SYN-FERRY-GOLF,IMO9000006,60,0,315,17,True
419000120,2025-03-14T00:03:00,20.25081,72.47191,19.9,95.0,95,SYN-FERRY-GOLF,IMO9000006,60,0,123,21,True
419000120,2025-03-14T00:06:00,20.25004,72.48925,19.6,94.9,95,SYN-FERRY-GOLF,IMO9000006,60,0,246,25,True
419000120,2025-03-14T00:09:00,20.24899,72.50704,20.0,95.5,95,SYN-FERRY-GOLF,IMO9000006,60,0,188,33,True
419000120,2025-03-14T00:12:00,20.24672,72.52437,19.5,93.1,95,SYN-FERRY-GOLF,IMO9000006,60,0,132,34,True
419000120,2025-03-14T00:15:00,20.24541,72.5429,20.0,96.2,95,SYN-FERRY-GOLF,IMO9000006,60,0,169,23,True
419000120,2025-03-14T00:18:00,20.24401,72.5594,19.6,93.9,95,SYN-FERRY-GOLF,IMO9000006,60,0,147,22,True
419000120,2025-03-14T00:21:00,20.24244,72.57746,20.1,92.3,95,SYN-FERRY-GOLF,IMO9000006,60,0,174,27,True
419000120,2025-03-14T00:24:00,20.24121,72.59558,20.0,96.2,95,SYN-FERRY-GOLF,IMO9000006,60,0,180,48,True
419000120,2025-03-14T00:27:00,20.23965,72.6132,20.1,93.7,95,SYN-FERRY-GOLF,IMO9000006,60,0,273,34,True
419000120,2025-03-14T00:30:00,20.23896,72.63015,19.9,94.3,95,SYN-FERRY-GOLF,IMO9000006,60,0,239,32,True
419000120,2025-03-14T00:33:00,20.23721,72.64901,20.1,97.0,95,SYN-FERRY-GOLF,IMO9000006,60,0,304,46,True
419000120,2025-03-14T00:36:00,20.23579,72.66614,20.0,94.1,95,SYN-FERRY-GOLF,IMO9000006,60,0,128,59,True
419000120,2025-03-14T00:39:00,20.23359,72.68378,20.2,93.8,95,SYN-FERRY-GOLF,IMO9000006,60,0,237,39,True
419000120,2025-03-14T00:42:00,20.23247,72.70145,20.1,95.6,95,SYN-FERRY-GOLF,IMO9000006,60,0,227,34,True
419000120,2025-03-14T00:45:00,20.23073,72.71935,19.7,95.1,95,SYN-FERRY-GOLF,IMO9000006,60,0,243,23,True
419000120,2025-03-14T00:48:00,20.22968,72.73593,19.8,92.9,95,SYN-FERRY-GOLF,IMO9000006,60,0,101,29,True
419000120,2025-03-14T00:51:00,20.22752,72.75406,20.1,92.8,95,SYN-FERRY-GOLF,IMO9000006,60,0,108,29,True
419000120,2025-03-14T00:54:00,20.22687,72.77111,20.0,95.7,95,SYN-FERRY-GOLF,IMO9000006,60,0,94,33,True
419000120,2025-03-14T00:57:00,20.22538,72.78955,19.9,95.7,95,SYN-FERRY-GOLF,IMO9000006,60,0,95,43,True
419000120,2025-03-14T01:00:00,20.22384,72.80675,19.9,95.0,95,SYN-FERRY-GOLF,IMO9000006,60,0,203,22,True
419000120,2025-03-14T01:03:00,20.2224,72.82451,19.9,96.0,95,SYN-FERRY-GOLF,IMO9000006,60,0,230,48,True
419000120,2025-03-14T01:06:00,20.2212,72.84201,19.9,94.0,95,SYN-FERRY-GOLF,IMO9000006,60,0,180,52,True
419000120,2025-03-14T01:09:00,20.21984,72.86067,19.8,95.2,95,SYN-FERRY-GOLF,IMO9000006,60,0,293,40,True
419000120,2025-03-14T01:12:00,20.21795,72.87738,20.0,94.0,95,SYN-FERRY-GOLF,IMO9000006,60,0,280,31,True
419000106,2025-03-13T20:15:00,19.00831,70.56941,11.1,357.4,355,SYN-TANKER-FOXTROT,IMO9000007,81,0,238,55,True
419000106,2025-03-13T20:18:00,19.01842,70.56799,11.0,356.4,355,SYN-TANKER-FOXTROT,IMO9000007,81,0,172,36,True
419000106,2025-03-13T20:21:00,19.02805,70.56733,10.9,356.0,355,SYN-TANKER-FOXTROT,IMO9000007,81,0,125,36,True
419000106,2025-03-13T20:24:00,19.03647,70.5668,11.2,356.8,355,SYN-TANKER-FOXTROT,IMO9000007,81,0,296,44,True
419000106,2025-03-13T20:27:00,19.04548,70.56606,10.8,354.0,355,SYN-TANKER-FOXTROT,IMO9000007,81,0,198,14,True
419000106,2025-03-13T20:30:00,19.05511,70.56567,11.1,353.1,355,SYN-TANKER-FOXTROT,IMO9000007,81,0,104,55,True
419000106,2025-03-13T20:33:00,19.06344,70.56421,11.0,356.9,355,SYN-TANKER-FOXTROT,IMO9000007,81,0,168,16,True
419000106,2025-03-13T20:36:00,19.07256,70.56298,10.9,355.7,355,SYN-TANKER-FOXTROT,IMO9000007,81,0,128,43,True
419000106,2025-03-13T20:39:00,19.08256,70.56169,11.2,358.8,355,SYN-TANKER-FOXTROT,IMO9000007,81,0,240,48,True
419000106,2025-03-13T20:42:00,19.09166,70.56123,11.1,354.2,355,SYN-TANKER-FOXTROT,IMO9000007,81,0,161,14,True
419000106,2025-03-13T20:45:00,19.10015,70.5609,11.0,355.9,355,SYN-TANKER-FOXTROT,IMO9000007,81,0,100,30,True
419000106,2025-03-13T20:48:00,19.10919,70.56038,10.9,355.0,355,SYN-TANKER-FOXTROT,IMO9000007,81,0,114,20,True
419000106,2025-03-13T20:51:00,19.11864,70.55941,11.0,355.6,355,SYN-TANKER-FOXTROT,IMO9000007,81,0,147,37,True
419000106,2025-03-13T20:54:00,19.12694,70.55805,11.1,356.2,355,SYN-TANKER-FOXTROT,IMO9000007,81,0,289,53,True
419000106,2025-03-13T20:57:00,19.13692,70.55752,11.1,353.6,355,SYN-TANKER-FOXTROT,IMO9000007,81,0,90,57,True
419000106,2025-03-13T21:00:00,19.14592,70.55674,11.1,354.1,355,SYN-TANKER-FOXTROT,IMO9000007,81,0,286,56,True
419000106,2025-03-13T21:03:00,19.15486,70.55626,11.2,355.2,355,SYN-TANKER-FOXTROT,IMO9000007,81,0,153,26,True
419000106,2025-03-13T21:06:00,19.16402,70.5545,10.4,356.6,355,SYN-TANKER-FOXTROT,IMO9000007,81,0,266,54,True
419000106,2025-03-13T21:09:00,19.17351,70.55385,10.8,353.0,355,SYN-TANKER-FOXTROT,IMO9000007,81,0,158,44,True
419000106,2025-03-13T21:12:00,19.18168,70.55313,11.1,355.0,355,SYN-TANKER-FOXTROT,IMO9000007,81,0,112,56,True
419000106,2025-03-13T21:15:00,19.19129,70.55187,11.0,354.4,355,SYN-TANKER-FOXTROT,IMO9000007,81,0,220,37,True
419000106,2025-03-13T21:18:00,19.20014,70.55111,10.9,355.3,355,SYN-TANKER-FOXTROT,IMO9000007,81,0,150,20,True
419000106,2025-03-13T21:21:00,19.20947,70.55092,10.7,355.3,355,SYN-TANKER-FOXTROT,IMO9000007,81,0,287,45,True
419000106,2025-03-13T21:24:00,19.21891,70.55017,11.0,355.6,355,SYN-TANKER-FOXTROT,IMO9000007,81,0,136,41,True
419000106,2025-03-13T21:27:00,19.2282,70.54815,11.2,353.5,355,SYN-TANKER-FOXTROT,IMO9000007,81,0,180,16,True
419000106,2025-03-13T21:30:00,19.23696,70.54825,10.8,358.4,355,SYN-TANKER-FOXTROT,IMO9000007,81,0,196,51,True
419000106,2025-03-13T21:33:00,19.24598,70.54734,11.3,354.5,355,SYN-TANKER-FOXTROT,IMO9000007,81,0,108,40,True
419000106,2025-03-13T21:36:00,19.25552,70.54626,10.9,355.6,355,SYN-TANKER-FOXTROT,IMO9000007,81,0,301,26,True
419000106,2025-03-13T21:39:00,19.26422,70.54551,10.8,356.8,355,SYN-TANKER-FOXTROT,IMO9000007,81,0,104,27,True
419000106,2025-03-13T21:42:00,19.27356,70.54521,10.9,354.4,355,SYN-TANKER-FOXTROT,IMO9000007,81,0,176,57,True
419000106,2025-03-13T21:45:00,19.28311,70.54382,11.1,356.5,355,SYN-TANKER-FOXTROT,IMO9000007,81,0,266,37,True
419000106,2025-03-13T21:48:00,19.29122,70.54168,11.1,352.9,355,SYN-TANKER-FOXTROT,IMO9000007,81,0,319,32,True
419000106,2025-03-13T21:51:00,19.30092,70.54206,11.1,356.4,355,SYN-TANKER-FOXTROT,IMO9000007,81,0,131,34,True
419000106,2025-03-13T22:12:00,19.36489,70.53628,10.8,355.7,355,SYN-TANKER-FOXTROT,IMO9000007,81,0,120,43,True
419000106,2025-03-13T22:15:00,19.37481,70.5355,10.7,355.9,355,SYN-TANKER-FOXTROT,IMO9000007,81,0,164,43,True
419000106,2025-03-13T22:18:00,19.38274,70.53447,11.1,357.7,355,SYN-TANKER-FOXTROT,IMO9000007,81,0,223,17,True
419000106,2025-03-13T22:21:00,19.39233,70.53346,11.2,353.0,355,SYN-TANKER-FOXTROT,IMO9000007,81,0,240,56,True
419000106,2025-03-13T22:24:00,19.40119,70.53291,10.8,353.8,355,SYN-TANKER-FOXTROT,IMO9000007,81,0,217,49,True
419000106,2025-03-13T22:27:00,19.41025,70.53258,10.9,354.0,355,SYN-TANKER-FOXTROT,IMO9000007,81,0,86,44,True
419000106,2025-03-13T22:30:00,19.41966,70.53137,10.9,356.0,355,SYN-TANKER-FOXTROT,IMO9000007,81,0,138,33,True
419000106,2025-03-13T22:33:00,19.42834,70.5305,11.2,355.1,355,SYN-TANKER-FOXTROT,IMO9000007,81,0,160,28,True
419000106,2025-03-13T22:36:00,19.43688,70.52969,10.8,353.8,355,SYN-TANKER-FOXTROT,IMO9000007,81,0,260,19,True
419000106,2025-03-13T22:39:00,19.44679,70.52919,11.1,355.7,355,SYN-TANKER-FOXTROT,IMO9000007,81,0,251,49,True
419000106,2025-03-13T22:42:00,19.45644,70.52787,10.7,353.0,355,SYN-TANKER-FOXTROT,IMO9000007,81,0,240,33,True
419000106,2025-03-13T22:45:00,19.46484,70.52706,11.1,354.8,355,SYN-TANKER-FOXTROT,IMO9000007,81,0,272,28,True
419000106,2025-03-13T22:48:00,19.47351,70.52565,10.9,354.0,355,SYN-TANKER-FOXTROT,IMO9000007,81,0,104,22,True
419000106,2025-03-13T22:51:00,19.48304,70.52525,11.0,355.4,355,SYN-TANKER-FOXTROT,IMO9000007,81,0,215,37,True
419000106,2025-03-13T22:54:00,19.49218,70.52423,11.2,358.1,355,SYN-TANKER-FOXTROT,IMO9000007,81,0,300,27,True
419000106,2025-03-13T22:57:00,19.50119,70.52298,10.9,354.7,355,SYN-TANKER-FOXTROT,IMO9000007,81,0,163,31,True
419000106,2025-03-13T23:00:00,19.51032,70.52258,10.8,353.9,355,SYN-TANKER-FOXTROT,IMO9000007,81,0,273,57,True
419000106,2025-03-13T23:03:00,19.51943,70.52143,11.0,355.6,355,SYN-TANKER-FOXTROT,IMO9000007,81,0,289,51,True
419000106,2025-03-13T23:06:00,19.52857,70.52094,10.6,355.3,355,SYN-TANKER-FOXTROT,IMO9000007,81,0,191,55,True
419000106,2025-03-13T23:09:00,19.53813,70.52059,11.0,356.3,355,SYN-TANKER-FOXTROT,IMO9000007,81,0,131,33,True
419000106,2025-03-13T23:12:00,19.54588,70.51983,10.9,354.4,355,SYN-TANKER-FOXTROT,IMO9000007,81,0,309,17,True
419000106,2025-03-13T23:15:00,19.55676,70.51858,11.0,353.8,355,SYN-TANKER-FOXTROT,IMO9000007,81,0,147,35,True
419000106,2025-03-13T23:18:00,19.56616,70.51792,11.2,354.6,355,SYN-TANKER-FOXTROT,IMO9000007,81,0,219,32,True
419000106,2025-03-13T23:21:00,19.57403,70.51745,10.9,358.1,355,SYN-TANKER-FOXTROT,IMO9000007,81,0,265,17,True
419000106,2025-03-13T23:24:00,19.58351,70.51545,11.1,356.0,355,SYN-TANKER-FOXTROT,IMO9000007,81,0,166,49,True
419000106,2025-03-13T23:27:00,19.59212,70.51516,11.0,355.8,355,SYN-TANKER-FOXTROT,IMO9000007,81,0,197,15,True
419000106,2025-03-13T23:30:00,19.60142,70.51516,11.0,357.1,355,SYN-TANKER-FOXTROT,IMO9000007,81,0,329,52,True
419000106,2025-03-13T23:33:00,19.61061,70.51335,11.1,354.6,355,SYN-TANKER-FOXTROT,IMO9000007,81,0,135,54,True
419000106,2025-03-13T23:36:00,19.61908,70.51235,11.2,353.2,355,SYN-TANKER-FOXTROT,IMO9000007,81,0,316,44,True
419000106,2025-03-13T23:39:00,19.62962,70.51242,11.0,354.0,355,SYN-TANKER-FOXTROT,IMO9000007,81,0,257,44,True
419000106,2025-03-13T23:42:00,19.63736,70.51087,11.2,357.6,355,SYN-TANKER-FOXTROT,IMO9000007,81,0,163,56,True
419000106,2025-03-13T23:45:00,19.64719,70.51048,11.1,354.9,355,SYN-TANKER-FOXTROT,IMO9000007,81,0,296,24,True
419000106,2025-03-13T23:48:00,19.65571,70.50856,10.9,353.8,355,SYN-TANKER-FOXTROT,IMO9000007,81,0,282,32,True
419000106,2025-03-13T23:51:00,19.66567,70.50814,11.1,354.8,355,SYN-TANKER-FOXTROT,IMO9000007,81,0,161,55,True
419000106,2025-03-13T23:54:00,19.67447,70.50723,11.2,355.7,355,SYN-TANKER-FOXTROT,IMO9000007,81,0,299,30,True
419000106,2025-03-13T23:57:00,19.68369,70.50627,11.0,354.7,355,SYN-TANKER-FOXTROT,IMO9000007,81,0,238,21,True
419000106,2025-03-14T00:00:00,19.69288,70.50577,10.7,354.1,355,SYN-TANKER-FOXTROT,IMO9000007,81,0,173,54,True
419000106,2025-03-14T00:03:00,19.70269,70.50458,11.3,352.7,355,SYN-TANKER-FOXTROT,IMO9000007,81,0,252,38,True
419000106,2025-03-14T00:06:00,19.71077,70.50432,10.9,354.4,355,SYN-TANKER-FOXTROT,IMO9000007,81,0,161,19,True
419000106,2025-03-14T00:09:00,19.71947,70.50275,10.9,354.4,355,SYN-TANKER-FOXTROT,IMO9000007,81,0,150,16,True
419000106,2025-03-14T00:12:00,19.72997,70.50271,11.4,354.1,355,SYN-TANKER-FOXTROT,IMO9000007,81,0,146,19,True
419000106,2025-03-14T00:15:00,19.73846,70.50222,10.9,354.8,355,SYN-TANKER-FOXTROT,IMO9000007,81,0,208,26,True
419000106,2025-03-14T00:18:00,19.74806,70.50066,11.0,356.1,355,SYN-TANKER-FOXTROT,IMO9000007,81,0,291,59,True
419000106,2025-03-14T00:21:00,19.75699,70.49931,11.3,351.8,355,SYN-TANKER-FOXTROT,IMO9000007,81,0,278,26,True
419000106,2025-03-14T00:24:00,19.76557,70.49921,11.0,354.6,355,SYN-TANKER-FOXTROT,IMO9000007,81,0,90,34,True
419000106,2025-03-14T00:27:00,19.77473,70.49726,11.1,355.8,355,SYN-TANKER-FOXTROT,IMO9000007,81,0,162,53,True
419000106,2025-03-14T00:30:00,19.78423,70.49751,11.0,354.6,355,SYN-TANKER-FOXTROT,IMO9000007,81,0,269,53,True
419000106,2025-03-14T00:33:00,19.79253,70.49652,11.3,352.5,355,SYN-TANKER-FOXTROT,IMO9000007,81,0,178,34,True
419000106,2025-03-14T00:36:00,19.80193,70.49587,10.7,353.0,355,SYN-TANKER-FOXTROT,IMO9000007,81,0,312,14,True
419000106,2025-03-14T00:39:00,19.81102,70.49477,11.1,355.3,355,SYN-TANKER-FOXTROT,IMO9000007,81,0,254,14,True
419000106,2025-03-14T00:42:00,19.82023,70.49389,10.8,354.6,355,SYN-TANKER-FOXTROT,IMO9000007,81,0,206,26,True
419000106,2025-03-14T00:45:00,19.82869,70.49316,11.1,353.6,355,SYN-TANKER-FOXTROT,IMO9000007,81,0,101,35,True
419000106,2025-03-14T00:48:00,19.83836,70.49266,11.0,352.0,355,SYN-TANKER-FOXTROT,IMO9000007,81,0,301,15,True
419000106,2025-03-14T00:51:00,19.84729,70.49099,11.3,354.6,355,SYN-TANKER-FOXTROT,IMO9000007,81,0,320,28,True
419000106,2025-03-14T00:54:00,19.85655,70.49094,11.0,353.8,355,SYN-TANKER-FOXTROT,IMO9000007,81,0,104,49,True
419000106,2025-03-14T00:57:00,19.86546,70.48972,10.8,352.8,355,SYN-TANKER-FOXTROT,IMO9000007,81,0,140,23,True
419000106,2025-03-14T01:00:00,19.87509,70.48809,11.0,356.0,355,SYN-TANKER-FOXTROT,IMO9000007,81,0,222,31,True
419000106,2025-03-14T01:03:00,19.88393,70.48791,11.1,355.2,355,SYN-TANKER-FOXTROT,IMO9000007,81,0,325,59,True
419000106,2025-03-14T01:06:00,19.89323,70.48655,11.3,357.1,355,SYN-TANKER-FOXTROT,IMO9000007,81,0,200,39,True
419000106,2025-03-14T01:09:00,19.9031,70.4865,11.0,352.7,355,SYN-TANKER-FOXTROT,IMO9000007,81,0,279,18,True
419000106,2025-03-14T01:12:00,19.91166,70.485,11.0,354.4,355,SYN-TANKER-FOXTROT,IMO9000007,81,0,255,31,True
419000106,2025-03-14T01:15:00,19.92129,70.48449,10.8,356.7,355,SYN-TANKER-FOXTROT,IMO9000007,81,0,286,23,True
419000106,2025-03-14T01:18:00,19.93031,70.4838,11.2,355.2,355,SYN-TANKER-FOXTROT,IMO9000007,81,0,271,30,True
419000106,2025-03-14T01:21:00,19.93918,70.48266,11.1,353.2,355,SYN-TANKER-FOXTROT,IMO9000007,81,0,191,23,True
419000106,2025-03-14T01:24:00,19.9477,70.48167,10.9,355.2,355,SYN-TANKER-FOXTROT,IMO9000007,81,0,303,56,True
419000106,2025-03-14T01:27:00,19.95667,70.48102,10.9,350.2,355,SYN-TANKER-FOXTROT,IMO9000007,81,0,268,18,True
419000106,2025-03-14T01:30:00,19.96584,70.47994,10.9,355.2,355,SYN-TANKER-FOXTROT,IMO9000007,81,0,116,27,True
419000106,2025-03-14T01:33:00,19.97558,70.4796,11.0,354.4,355,SYN-TANKER-FOXTROT,IMO9000007,81,0,106,45,True
419000106,2025-03-14T01:36:00,19.98468,70.47889,10.6,356.1,355,SYN-TANKER-FOXTROT,IMO9000007,81,0,320,21,True
419000106,2025-03-14T01:39:00,19.99313,70.47775,11.0,354.9,355,SYN-TANKER-FOXTROT,IMO9000007,81,0,252,23,True
419000106,2025-03-14T01:42:00,20.00249,70.47752,11.1,354.8,355,SYN-TANKER-FOXTROT,IMO9000007,81,0,210,59,True
419000106,2025-03-14T01:45:00,20.01225,70.47643,10.9,356.0,355,SYN-TANKER-FOXTROT,IMO9000007,81,0,124,14,True
419000106,2025-03-14T01:48:00,20.0208,70.47494,10.9,354.7,355,SYN-TANKER-FOXTROT,IMO9000007,81,0,158,58,True
419000106,2025-03-14T01:51:00,20.02938,70.47483,10.7,353.5,355,SYN-TANKER-FOXTROT,IMO9000007,81,0,324,33,True
419000106,2025-03-14T01:54:00,20.03854,70.47358,10.9,355.6,355,SYN-TANKER-FOXTROT,IMO9000007,81,0,172,38,True
419000106,2025-03-14T01:57:00,20.04819,70.47267,11.4,356.6,355,SYN-TANKER-FOXTROT,IMO9000007,81,0,255,31,True
419000106,2025-03-14T02:00:00,20.05739,70.47169,11.4,358.0,355,SYN-TANKER-FOXTROT,IMO9000007,81,0,268,58,True
419000106,2025-03-14T02:03:00,20.06634,70.47123,11.1,353.4,355,SYN-TANKER-FOXTROT,IMO9000007,81,0,140,44,True
419000106,2025-03-14T02:06:00,20.07619,70.47052,11.4,356.2,355,SYN-TANKER-FOXTROT,IMO9000007,81,0,92,52,True
419000106,2025-03-14T02:09:00,20.0845,70.46941,11.1,355.4,355,SYN-TANKER-FOXTROT,IMO9000007,81,0,197,16,True
419000106,2025-03-14T02:12:00,20.09383,70.46799,10.8,355.7,355,SYN-TANKER-FOXTROT,IMO9000007,81,0,110,48,True
0,2025-03-14T00:00:00,91.0,181.0,102.3,360.0,511,BAD,,0,15,0,0,True
419000101,2025-03-13T17:30:00,18.71056,70.86556,12.2,336.4,335,SYN-TANKER-ALPHA,IMO9000001,80,0,322,52,True
